# t x y
0.00000000 15.00000000 3.00000000
0.01000000 14.98401535 3.03315842
0.02000000 14.96605317 3.06663129
0.03000000 14.94610193 3.10041478
0.04000000 14.92415121 3.13450478
0.05000000 14.90019178 3.16889687
0.06000000 14.87421558 3.20358632
0.07000000 14.84621579 3.23856812
0.08000000 14.81618684 3.27383691
0.09000000 14.78412446 3.30938704
0.10000000 14.75002570 3.34521255
0.11000000 14.71388895 3.38130714
0.12000000 14.67571399 3.41766419
0.13000000 14.63550198 3.45427678
0.14000000 14.59325554 3.49113765
0.15000000 14.54897868 3.52823923
0.16000000 14.50267693 3.56557361
0.17000000 14.45435726 3.60313257
0.18000000 14.40402814 3.64090758
0.19000000 14.35169957 3.67888978
0.20000000 14.29738305 3.71706999
0.21000000 14.24109161 3.75543875
0.22000000 14.18283980 3.79398627
0.23000000 14.12264371 3.83270245
0.24000000 14.06052096 3.87157692
0.25000000 13.99649070 3.91059901
0.26000000 13.93057360 3.94975776
0.27000000 13.86279183 3.98904194
0.28000000 13.79316910 4.02844006
0.29000000 13.72173055 4.06794037
0.30000000 13.64850284 4.10753086
0.31000000 13.57351404 4.14719930
0.32000000 13.49679368 4.18693321
0.33000000 13.41837265 4.22671991
0.34000000 13.33828323 4.26654653
0.35000000 13.25655905 4.30639996
0.36000000 13.17323502 4.34626697
0.37000000 13.08834732 4.38613412
0.38000000 13.00193336 4.42598784
0.39000000 12.91403172 4.46581442
0.40000000 12.82468213 4.50560004
0.41000000 12.73392540 4.54533074
0.42000000 12.64180339 4.58499251
0.43000000 12.54835892 4.62457123
0.44000000 12.45363579 4.66405277
0.45000000 12.35767862 4.70342290
0.46000000 12.26053289 4.74266742
0.47000000 12.16224483 4.78177208
0.48000000 12.06286137 4.82072267
0.49000000 11.96243006 4.85950499
0.50000000 11.86099906 4.89810490
0.51000000 11.75861700 4.93650830
0.52000000 11.65533298 4.97470120
0.53000000 11.55119648 5.01266967
0.54000000 11.44625729 5.05039993
0.55000000 11.34056544 5.08787830
0.56000000 11.23417116 5.12509125
0.57000000 11.12712478 5.16202545
0.58000000 11.01947669 5.19866769
0.59000000 10.91127727 5.23500501
0.60000000 10.80257681 5.27102461
0.61000000 10.69342546 5.30671396
0.62000000 10.58387317 5.34206074
0.63000000 10.47396963 5.37705288
0.64000000 10.36376419 5.41167861
0.65000000 10.25330581 5.44592639
0.66000000 10.14264302 5.47978500
0.67000000 10.03182385 5.51324352
0.68000000 9.92089577 5.54629134
0.69000000 9.80990565 5.57891817
0.70000000 9.69889970 5.61111406
0.71000000 9.58792343 5.64286938
0.72000000 9.47702161 5.67417487
0.73000000 9.36623820 5.70502163
0.74000000 9.25561635 5.73540109
0.75000000 9.14519833 5.76530510
0.76000000 9.03502548 5.79472583
0.77000000 8.92513824 5.82365587
0.78000000 8.81557604 5.85208817
0.79000000 8.70637733 5.88001606
0.80000000 8.59757953 5.90743329
0.81000000 8.48921900 5.93433396
0.82000000 8.38133105 5.96071257
0.83000000 8.27394986 5.98656403
0.84000000 8.16710854 6.01188361
0.85000000 8.06083907 6.03666699
0.86000000 7.95517229 6.06091023
0.87000000 7.85013789 6.08460976
0.88000000 7.74576444 6.10776241
0.89000000 7.64207934 6.13036537
0.90000000 7.53910884 6.15241621
0.91000000 7.43687802 6.17391288
0.92000000 7.33541084 6.19485368
0.93000000 7.23473009 6.21523726
0.94000000 7.13485742 6.23506264
0.95000000 7.03581334 6.25432917
0.96000000 6.93761725 6.27303654
0.97000000 6.84028742 6.29118479
0.98000000 6.74384102 6.30877426
0.99000000 6.64829414 6.32580561
1.00000000 6.55366179 6.34227982
1.01000000 6.45995792 6.35819816
1.02000000 6.36719545 6.37356219
1.03000000 6.27538629 6.38837375
1.04000000 6.18454132 6.40263497
1.05000000 6.09467046 6.41634823
1.06000000 6.00578267 6.42951617
1.07000000 5.91788598 6.44214166
1.08000000 5.83098751 6.45422783
1.09000000 5.74509346 6.46577803
1.10000000 5.66020921 6.47679583
1.11000000 5.57633928 6.48728500
1.12000000 5.49348736 6.49724951
1.13000000 5.41165638 6.50669354
1.14000000 5.33084848 6.51562142
1.15000000 5.25106507 6.52403768
1.16000000 5.17230685 6.53194700
1.17000000 5.09457384 6.53935421
1.18000000 5.01786537 6.54626429
1.19000000 4.94218016 6.55268237
1.20000000 4.86751631 6.55861368
1.21000000 4.79387132 6.56406358
1.22000000 4.72124216 6.56903756
1.23000000 4.64962523 6.57354119
1.24000000 4.57901644 6.57758014
1.25000000 4.50941120 6.58116018
1.26000000 4.44080447 6.58428714
1.27000000 4.37319075 6.58696693
1.28000000 4.30656413 6.58920553
1.29000000 4.24091830 6.59100898
1.30000000 4.17624660 6.59238336
1.31000000 4.11254198 6.59333480
1.32000000 4.04979709 6.59386947
1.33000000 3.98800424 6.59399358
1.34000000 3.92715548 6.59371335
1.35000000 3.86724257 6.59303504
1.36000000 3.80825702 6.59196489
1.37000000 3.75019011 6.59050920
1.38000000 3.69303289 6.58867424
1.39000000 3.63677623 6.58646628
1.40000000 3.58141080 6.58389161
1.41000000 3.52692711 6.58095648
1.42000000 3.47331553 6.57766714
1.43000000 3.42056627 6.57402984
1.44000000 3.36866943 6.57005078
1.45000000 3.31761501 6.56573615
1.46000000 3.26739290 6.56109211
1.47000000 3.21799292 6.55612478
1.48000000 3.16940481 6.55084026
1.49000000 3.12161826 6.54524460
1.50000000 3.07462291 6.53934381
1.51000000 3.02840836 6.53314386
1.52000000 2.98296420 6.52665068
1.53000000 2.93827997 6.51987014
1.54000000 2.89434524 6.51280806
1.55000000 2.85114957 6.50547022
1.56000000 2.80868251 6.49786233
1.57000000 2.76693366 6.48999006
1.58000000 2.72589262 6.48185902
1.59000000 2.68554903 6.47347473
1.60000000 2.64589259 6.46484270
1.61000000 2.60691302 6.45596835
1.62000000 2.56860010 6.44685703
1.63000000 2.53094367 6.43751404
1.64000000 2.49393362 6.42794462
1.65000000 2.45755994 6.41815393
1.66000000 2.42181265 6.40814707
1.67000000 2.38668188 6.39792908
1.68000000 2.35215783 6.38750493
1.69000000 2.31823077 6.37687951
1.70000000 2.28489108 6.36605765
1.71000000 2.25212922 6.35504412
1.72000000 2.21993575 6.34384361
1.73000000 2.18830131 6.33246075
1.74000000 2.15721665 6.32090010
1.75000000 2.12667263 6.30916614
1.76000000 2.09666020 6.29726329
1.77000000 2.06717042 6.28519591
1.78000000 2.03819446 6.27296828
1.79000000 2.00972358 6.26058462
1.80000000 1.98174917 6.24804907
1.81000000 1.95426271 6.23536571
1.82000000 1.92725582 6.22253855
1.83000000 1.90072021 6.20957155
1.84000000 1.87464770 6.19646858
1.85000000 1.84903023 6.18323345
1.86000000 1.82385985 6.16986992
1.87000000 1.79912873 6.15638167
1.88000000 1.77482914 6.14277231
1.89000000 1.75095348 6.12904540
1.90000000 1.72749425 6.11520445
1.91000000 1.70444407 6.10125286
1.92000000 1.68179566 6.08719402
1.93000000 1.65954187 6.07303124
1.94000000 1.63767565 6.05876775
1.95000000 1.61619007 6.04440674
1.96000000 1.59507830 6.02995134
1.97000000 1.57433362 6.01540463
1.98000000 1.55394942 6.00076961
1.99000000 1.53391922 5.98604923
2.00000000 1.51423660 5.97124640
2.01000000 1.49489530 5.95636396
2.02000000 1.47588913 5.94140469
2.03000000 1.45721202 5.92637133
2.04000000 1.43885799 5.91126657
2.05000000 1.42082117 5.89609302
2.06000000 1.40309580 5.88085326
2.07000000 1.38567620 5.86554982
2.08000000 1.36855681 5.85018518
2.09000000 1.35173216 5.83476176
2.10000000 1.33519686 5.81928194
2.11000000 1.31894565 5.80374805
2.12000000 1.30297333 5.78816237
2.13000000 1.28727481 5.77252713
2.14000000 1.27184509 5.75684453
2.15000000 1.25667926 5.74111671
2.16000000 1.24177251 5.72534578
2.17000000 1.22712008 5.70953378
2.18000000 1.21271734 5.69368274
2.19000000 1.19855973 5.67779462
2.20000000 1.18464277 5.66187137
2.21000000 1.17096206 5.64591487
2.22000000 1.15751330 5.62992697
2.23000000 1.14429224 5.61390948
2.24000000 1.13129473 5.59786418
2.25000000 1.11851670 5.58179281
2.26000000 1.10595415 5.56569706
2.27000000 1.09360315 5.54957859
2.28000000 1.08145985 5.53343904
2.29000000 1.06952048 5.51727999
2.30000000 1.05778133 5.50110300
2.31000000 1.04623876 5.48490959
2.32000000 1.03488920 5.46870126
2.33000000 1.02372917 5.45247946
2.34000000 1.01275521 5.43624562
2.35000000 1.00196398 5.42000113
2.36000000 0.99135216 5.40374735
2.37000000 0.98091653 5.38748562
2.38000000 0.97065389 5.37121725
2.39000000 0.96056114 5.35494349
2.40000000 0.95063522 5.33866561
2.41000000 0.94087314 5.32238482
2.42000000 0.93127195 5.30610230
2.43000000 0.92182878 5.28981923
2.44000000 0.91254079 5.27353674
2.45000000 0.90340522 5.25725594
2.46000000 0.89441935 5.24097791
2.47000000 0.88558051 5.22470373
2.48000000 0.87688609 5.20843442
2.49000000 0.86833353 5.19217099
2.50000000 0.85992031 5.17591445
2.51000000 0.85164397 5.15966574
2.52000000 0.84350209 5.14342583
2.53000000 0.83549231 5.12719562
2.54000000 0.82761230 5.11097602
2.55000000 0.81985977 5.09476791
2.56000000 0.81223251 5.07857215
2.57000000 0.80472832 5.06238958
2.58000000 0.79734504 5.04622100
2.59000000 0.79008058 5.03006723
2.60000000 0.78293286 5.01392904
2.61000000 0.77589987 4.99780719
2.62000000 0.76897962 4.98170242
2.63000000 0.76217016 4.96561546
2.64000000 0.75546958 4.94954702
2.65000000 0.74887602 4.93349778
2.66000000 0.74238762 4.91746841
2.67000000 0.73600261 4.90145958
2.68000000 0.72971920 4.88547192
2.69000000 0.72353568 4.86950606
2.70000000 0.71745034 4.85356260
2.71000000 0.71146152 4.83764213
2.72000000 0.70556758 4.82174524
2.73000000 0.69976694 4.80587249
2.74000000 0.69405801 4.79002442
2.75000000 0.68843927 4.77420158
2.76000000 0.68290920 4.75840448
2.77000000 0.67746632 4.74263363
2.78000000 0.67210918 4.72688952
2.79000000 0.66683636 4.71117264
2.80000000 0.66164647 4.69548346
2.81000000 0.65653813 4.67982242
2.82000000 0.65151001 4.66418999
2.83000000 0.64656079 4.64858658
2.84000000 0.64168917 4.63301262
2.85000000 0.63689390 4.61746852
2.86000000 0.63217373 4.60195468
2.87000000 0.62752744 4.58647148
2.88000000 0.62295384 4.57101930
2.89000000 0.61845176 4.55559851
2.90000000 0.61402006 4.54020947
2.91000000 0.60965760 4.52485251
2.92000000 0.60536328 4.50952798
2.93000000 0.60113601 4.49423620
2.94000000 0.59697474 4.47897749
2.95000000 0.59287842 4.46375215
2.96000000 0.58884603 4.44856049
2.97000000 0.58487656 4.43340280
2.98000000 0.58096904 4.41827935
2.99000000 0.57712250 4.40319042
3.00000000 0.57333598 4.38813627
3.01000000 0.56960857 4.37311717
3.02000000 0.56593935 4.35813335
3.03000000 0.56232743 4.34318506
3.04000000 0.55877193 4.32827253
3.05000000 0.55527199 4.31339599
3.06000000 0.55182677 4.29855565
3.07000000 0.54843544 4.28375173
3.08000000 0.54509719 4.26898442
3.09000000 0.54181122 4.25425394
3.10000000 0.53857676 4.23956046
3.11000000 0.53539303 4.22490417
3.12000000 0.53225928 4.21028525
3.13000000 0.52917478 4.19570387
3.14000000 0.52613880 4.18116020
3.15000000 0.52315064 4.16665438
3.16000000 0.52020958 4.15218659
3.17000000 0.51731496 4.13775695
3.18000000 0.51446610 4.12336563
3.19000000 0.51166235 4.10901274
3.20000000 0.50890304 4.09469842
3.21000000 0.50618757 4.08042280
3.22000000 0.50351529 4.06618600
3.23000000 0.50088561 4.05198812
3.24000000 0.49829792 4.03782929
3.25000000 0.49575163 4.02370961
3.26000000 0.49324618 4.00962917
3.27000000 0.49078099 3.99558807
3.28000000 0.48835551 3.98158641
3.29000000 0.48596919 3.96762427
3.30000000 0.48362151 3.95370173
3.31000000 0.48131193 3.93981887
3.32000000 0.47903995 3.92597577
3.33000000 0.47680505 3.91217249
3.34000000 0.47460674 3.89840910
3.35000000 0.47244455 3.88468566
3.36000000 0.47031798 3.87100223
3.37000000 0.46822657 3.85735886
3.38000000 0.46616987 3.84375561
3.39000000 0.46414742 3.83019252
3.40000000 0.46215877 3.81666963
3.41000000 0.46020351 3.80318699
3.42000000 0.45828119 3.78974462
3.43000000 0.45639141 3.77634258
3.44000000 0.45453374 3.76298087
3.45000000 0.45270780 3.74965954
3.46000000 0.45091318 3.73637861
3.47000000 0.44914950 3.72313808
3.48000000 0.44741638 3.70993800
3.49000000 0.44571345 3.69677836
3.50000000 0.44404033 3.68365918
3.51000000 0.44239667 3.67058047
3.52000000 0.44078212 3.65754224
3.53000000 0.43919633 3.64454450
3.54000000 0.43763896 3.63158723
3.55000000 0.43610968 3.61867045
3.56000000 0.43460817 3.60579414
3.57000000 0.43313410 3.59295831
3.58000000 0.43168715 3.58016294
3.59000000 0.43026703 3.56740802
3.60000000 0.42887342 3.55469354
3.61000000 0.42750604 3.54201949
3.62000000 0.42616458 3.52938585
3.63000000 0.42484877 3.51679260
3.64000000 0.42355832 3.50423971
3.65000000 0.42229296 3.49172717
3.66000000 0.42105242 3.47925495
3.67000000 0.41983644 3.46682302
3.68000000 0.41864475 3.45443135
3.69000000 0.41747710 3.44207992
3.70000000 0.41633325 3.42976868
3.71000000 0.41521294 3.41749761
3.72000000 0.41411594 3.40526667
3.73000000 0.41304201 3.39307581
3.74000000 0.41199092 3.38092501
3.75000000 0.41096245 3.36881422
3.76000000 0.40995638 3.35674340
3.77000000 0.40897247 3.34471249
3.78000000 0.40801054 3.33272147
3.79000000 0.40707035 3.32077028
3.80000000 0.40615172 3.30885887
3.81000000 0.40525444 3.29698719
3.82000000 0.40437830 3.28515519
3.83000000 0.40352313 3.27336282
3.84000000 0.40268873 3.26161002
3.85000000 0.40187491 3.24989675
3.86000000 0.40108150 3.23822293
3.87000000 0.40030832 3.22658853
3.88000000 0.39955519 3.21499347
3.89000000 0.39882194 3.20343769
3.90000000 0.39810840 3.19192115
3.91000000 0.39741442 3.18044377
3.92000000 0.39673983 3.16900549
3.93000000 0.39608448 3.15760624
3.94000000 0.39544821 3.14624597
3.95000000 0.39483087 3.13492461
3.96000000 0.39423232 3.12364208
3.97000000 0.39365241 3.11239833
3.98000000 0.39309100 3.10119328
3.99000000 0.39254796 3.09002686
4.00000000 0.39202314 3.07889901
4.01000000 0.39151643 3.06780964
4.02000000 0.39102768 3.05675870
4.03000000 0.39055678 3.04574611
4.04000000 0.39010360 3.03477178
4.05000000 0.38966801 3.02383566
4.06000000 0.38924992 3.01293766
4.07000000 0.38884919 3.00207770
4.08000000 0.38846572 2.99125572
4.09000000 0.38809940 2.98047163
4.10000000 0.38775012 2.96972536
4.11000000 0.38741777 2.95901682
4.12000000 0.38710227 2.94834595
4.13000000 0.38680350 2.93771265
4.14000000 0.38652137 2.92711686
4.15000000 0.38625579 2.91655848
4.16000000 0.38600667 2.90603744
4.17000000 0.38577391 2.89555365
4.18000000 0.38555743 2.88510704
4.19000000 0.38535715 2.87469752
4.20000000 0.38517298 2.86432500
4.21000000 0.38500485 2.85398941
4.22000000 0.38485267 2.84369066
4.23000000 0.38471636 2.83342866
4.24000000 0.38459587 2.82320333
4.25000000 0.38449111 2.81301459
4.26000000 0.38440202 2.80286234
4.27000000 0.38432853 2.79274651
4.28000000 0.38427057 2.78266701
4.29000000 0.38422808 2.77262374
4.30000000 0.38420101 2.76261663
4.31000000 0.38418928 2.75264558
4.32000000 0.38419286 2.74271051
4.33000000 0.38421167 2.73281133
4.34000000 0.38424567 2.72294794
4.35000000 0.38429481 2.71312027
4.36000000 0.38435904 2.70332823
4.37000000 0.38443831 2.69357172
4.38000000 0.38453257 2.68385065
4.39000000 0.38464178 2.67416494
4.40000000 0.38476591 2.66451449
4.41000000 0.38490491 2.65489922
4.42000000 0.38505874 2.64531903
4.43000000 0.38522736 2.63577384
4.44000000 0.38541075 2.62626356
4.45000000 0.38560887 2.61678809
4.46000000 0.38582168 2.60734734
4.47000000 0.38604916 2.59794122
4.48000000 0.38629129 2.58856964
4.49000000 0.38654803 2.57923252
4.50000000 0.38681936 2.56992975
4.51000000 0.38710526 2.56066124
4.52000000 0.38740571 2.55142692
4.53000000 0.38772068 2.54222667
4.54000000 0.38805016 2.53306042
4.55000000 0.38839414 2.52392807
4.56000000 0.38875260 2.51482952
4.57000000 0.38912552 2.50576469
4.58000000 0.38951290 2.49673349
4.59000000 0.38991472 2.48773581
4.60000000 0.39033098 2.47877158
4.61000000 0.39076167 2.46984069
4.62000000 0.39120679 2.46094306
4.63000000 0.39166632 2.45207859
4.64000000 0.39214027 2.44324720
4.65000000 0.39262864 2.43444878
4.66000000 0.39313143 2.42568324
4.67000000 0.39364864 2.41695051
4.68000000 0.39418027 2.40825047
4.69000000 0.39472632 2.39958304
4.70000000 0.39528682 2.39094813
4.71000000 0.39586176 2.38234565
4.72000000 0.39645114 2.37377549
4.73000000 0.39705500 2.36523758
4.74000000 0.39767332 2.35673182
4.75000000 0.39830614 2.34825812
4.76000000 0.39895346 2.33981638
4.77000000 0.39961530 2.33140651
4.78000000 0.40029168 2.32302843
4.79000000 0.40098261 2.31468203
4.80000000 0.40168812 2.30636723
4.81000000 0.40240823 2.29808394
4.82000000 0.40314297 2.28983207
4.83000000 0.40389235 2.28161151
4.84000000 0.40465641 2.27342219
4.85000000 0.40543516 2.26526402
4.86000000 0.40622865 2.25713689
4.87000000 0.40703689 2.24904072
4.88000000 0.40785993 2.24097542
4.89000000 0.40869779 2.23294089
4.90000000 0.40955051 2.22493706
4.91000000 0.41041812 2.21696381
4.92000000 0.41130066 2.20902108
4.93000000 0.41219817 2.20110876
4.94000000 0.41311069 2.19322677
4.95000000 0.41403826 2.18537501
4.96000000 0.41498092 2.17755339
4.97000000 0.41593871 2.16976184
4.98000000 0.41691168 2.16200024
4.99000000 0.41789988 2.15426853
5.00000000 0.41890334 2.14656660
5.01000000 0.41992213 2.13889438
5.02000000 0.42095630 2.13125176
5.03000000 0.42200588 2.12363866
5.04000000 0.42307094 2.11605499
5.05000000 0.42415153 2.10850067
5.06000000 0.42524770 2.10097561
5.07000000 0.42635952 2.09347971
5.08000000 0.42748703 2.08601289
5.09000000 0.42863030 2.07857506
5.10000000 0.42978939 2.07116614
5.11000000 0.43096437 2.06378604
5.12000000 0.43215529 2.05643466
5.13000000 0.43336221 2.04911193
5.14000000 0.43458522 2.04181775
5.15000000 0.43582436 2.03455204
5.16000000 0.43707972 2.02731472
5.17000000 0.43835135 2.02010569
5.18000000 0.43963934 2.01292488
5.19000000 0.44094375 2.00577219
5.20000000 0.44226467 1.99864754
5.21000000 0.44360215 1.99155084
5.22000000 0.44495629 1.98448202
5.23000000 0.44632716 1.97744097
5.24000000 0.44771483 1.97042763
5.25000000 0.44911939 1.96344190
5.26000000 0.45054092 1.95648371
5.27000000 0.45197951 1.94955296
5.28000000 0.45343524 1.94264957
5.29000000 0.45490819 1.93577346
5.30000000 0.45639845 1.92892455
5.31000000 0.45790612 1.92210276
5.32000000 0.45943128 1.91530799
5.33000000 0.46097402 1.90854017
5.34000000 0.46253444 1.90179922
5.35000000 0.46411263 1.89508504
5.36000000 0.46570869 1.88839757
5.37000000 0.46732271 1.88173672
5.38000000 0.46895479 1.87510241
5.39000000 0.47060504 1.86849455
5.40000000 0.47227355 1.86191307
5.41000000 0.47396043 1.85535789
5.42000000 0.47566579 1.84882892
5.43000000 0.47738972 1.84232608
5.44000000 0.47913234 1.83584929
5.45000000 0.48089375 1.82939849
5.46000000 0.48267407 1.82297357
5.47000000 0.48447340 1.81657448
5.48000000 0.48629186 1.81020112
5.49000000 0.48812957 1.80385341
5.50000000 0.48998664 1.79753129
5.51000000 0.49186319 1.79123467
5.52000000 0.49375933 1.78496347
5.53000000 0.49567519 1.77871762
5.54000000 0.49761090 1.77249704
5.55000000 0.49956656 1.76630165
5.56000000 0.50154232 1.76013137
5.57000000 0.50353829 1.75398613
5.58000000 0.50555461 1.74786585
5.59000000 0.50759141 1.74177046
5.60000000 0.50964881 1.73569988
5.61000000 0.51172695 1.72965403
5.62000000 0.51382596 1.72363284
5.63000000 0.51594598 1.71763624
5.64000000 0.51808716 1.71166414
5.65000000 0.52024962 1.70571648
5.66000000 0.52243351 1.69979318
5.67000000 0.52463897 1.69389417
5.68000000 0.52686615 1.68801937
5.69000000 0.52911519 1.68216871
5.70000000 0.53138625 1.67634212
5.71000000 0.53367946 1.67053952
5.72000000 0.53599499 1.66476084
5.73000000 0.53833297 1.65900602
5.74000000 0.54069358 1.65327497
5.75000000 0.54307696 1.64756762
5.76000000 0.54548328 1.64188392
5.77000000 0.54791269 1.63622377
5.78000000 0.55036535 1.63058712
5.79000000 0.55284143 1.62497389
5.80000000 0.55534109 1.61938401
5.81000000 0.55786451 1.61381741
5.82000000 0.56041184 1.60827403
5.83000000 0.56298326 1.60275379
5.84000000 0.56557894 1.59725662
5.85000000 0.56819906 1.59178246
5.86000000 0.57084378 1.58633124
5.87000000 0.57351330 1.58090288
5.88000000 0.57620779 1.57549733
5.89000000 0.57892742 1.57011451
5.90000000 0.58167239 1.56475436
5.91000000 0.58444288 1.55941680
5.92000000 0.58723908 1.55410178
5.93000000 0.59006117 1.54880922
5.94000000 0.59290935 1.54353907
5.95000000 0.59578381 1.53829125
5.96000000 0.59868475 1.53306570
5.97000000 0.60161236 1.52786235
5.98000000 0.60456684 1.52268114
5.99000000 0.60754839 1.51752200
6.00000000 0.61055723 1.51238488
6.01000000 0.61359354 1.50726970
6.02000000 0.61665755 1.50217640
6.03000000 0.61974945 1.49710492
6.04000000 0.62286947 1.49205520
6.05000000 0.62601781 1.48702717
6.06000000 0.62919469 1.48202077
6.07000000 0.63240032 1.47703594
6.08000000 0.63563494 1.47207262
6.09000000 0.63889876 1.46713074
6.10000000 0.64219201 1.46221025
6.11000000 0.64551490 1.45731108
6.12000000 0.64886768 1.45243317
6.13000000 0.65225057 1.44757647
6.14000000 0.65566381 1.44274091
6.15000000 0.65910763 1.43792643
6.16000000 0.66258227 1.43313297
6.17000000 0.66608798 1.42836048
6.18000000 0.66962498 1.42360890
6.19000000 0.67319354 1.41887816
6.20000000 0.67679389 1.41416821
6.21000000 0.68042628 1.40947899
6.22000000 0.68409098 1.40481045
6.23000000 0.68778822 1.40016253
6.24000000 0.69151828 1.39553516
6.25000000 0.69528141 1.39092830
6.26000000 0.69907787 1.38634189
6.27000000 0.70290792 1.38177587
6.28000000 0.70677184 1.37723019
6.29000000 0.71066989 1.37270479
6.30000000 0.71460235 1.36819961
6.31000000 0.71856949 1.36371461
6.32000000 0.72257158 1.35924972
6.33000000 0.72660891 1.35480490
6.34000000 0.73068177 1.35038009
6.35000000 0.73479042 1.34597524
6.36000000 0.73893517 1.34159029
6.37000000 0.74311631 1.33722520
6.38000000 0.74733412 1.33287990
6.39000000 0.75158890 1.32855436
6.40000000 0.75588096 1.32424850
6.41000000 0.76021059 1.31996230
6.42000000 0.76457810 1.31569569
6.43000000 0.76898380 1.31144862
6.44000000 0.77342799 1.30722105
6.45000000 0.77791099 1.30301292
6.46000000 0.78243311 1.29882418
6.47000000 0.78699468 1.29465479
6.48000000 0.79159601 1.29050470
6.49000000 0.79623743 1.28637386
6.50000000 0.80091927 1.28226221
6.51000000 0.80564186 1.27816972
6.52000000 0.81040553 1.27409633
6.53000000 0.81521062 1.27004200
6.54000000 0.82005746 1.26600669
6.55000000 0.82494641 1.26199033
6.56000000 0.82987780 1.25799290
6.57000000 0.83485199 1.25401433
6.58000000 0.83986933 1.25005460
6.59000000 0.84493018 1.24611365
6.60000000 0.85003489 1.24219143
6.61000000 0.85518382 1.23828791
6.62000000 0.86037734 1.23440304
6.63000000 0.86561582 1.23053678
6.64000000 0.87089964 1.22668908
6.65000000 0.87622916 1.22285990
6.66000000 0.88160476 1.21904920
6.67000000 0.88702683 1.21525693
6.68000000 0.89249576 1.21148306
6.69000000 0.89801192 1.20772754
6.70000000 0.90357572 1.20399033
6.71000000 0.90918755 1.20027140
6.72000000 0.91484781 1.19657069
6.73000000 0.92055690 1.19288818
6.74000000 0.92631522 1.18922382
6.75000000 0.93212320 1.18557757
6.76000000 0.93798124 1.18194939
6.77000000 0.94388975 1.17833925
6.78000000 0.94984917 1.17474711
6.79000000 0.95585992 1.17117293
6.80000000 0.96192242 1.16761667
6.81000000 0.96803710 1.16407829
6.82000000 0.97420441 1.16055777
6.83000000 0.98042478 1.15705506
6.84000000 0.98669866 1.15357013
6.85000000 0.99302649 1.15010294
6.86000000 0.99940873 1.14665346
6.87000000 1.00584584 1.14322165
6.88000000 1.01233826 1.13980749
6.89000000 1.01888647 1.13641092
6.90000000 1.02549093 1.13303193
6.91000000 1.03215211 1.12967048
6.92000000 1.03887050 1.12632654
6.93000000 1.04564657 1.12300008
6.94000000 1.05248080 1.11969105
6.95000000 1.05937368 1.11639944
6.96000000 1.06632571 1.11312522
6.97000000 1.07333738 1.10986834
6.98000000 1.08040919 1.10662879
6.99000000 1.08754166 1.10340652
7.00000000 1.09473528 1.10020153
7.01000000 1.10199057 1.09701376
7.02000000 1.10930805 1.09384320
7.03000000 1.11668825 1.09068983
7.04000000 1.12413169 1.08755360
7.05000000 1.13163890 1.08443449
7.06000000 1.13921041 1.08133249
7.07000000 1.14684678 1.07824756
7.08000000 1.15454855 1.07517967
7.09000000 1.16231626 1.07212881
7.10000000 1.17015047 1.06909494
7.11000000 1.17805174 1.06607804
7.12000000 1.18602064 1.06307810
7.13000000 1.19405773 1.06009507
7.14000000 1.20216358 1.05712896
7.15000000 1.21033878 1.05417972
7.16000000 1.21858391 1.05124734
7.17000000 1.22689956 1.04833180
7.18000000 1.23528632 1.04543307
7.19000000 1.24374479 1.04255115
7.20000000 1.25227557 1.03968599
7.21000000 1.26087927 1.03683760
7.22000000 1.26955650 1.03400594
7.23000000 1.27830788 1.03119100
7.24000000 1.28713404 1.02839277
7.25000000 1.29603561 1.02561121
7.26000000 1.30501321 1.02284633
7.27000000 1.31406749 1.02009809
7.28000000 1.32319909 1.01736649
7.29000000 1.33240866 1.01465151
7.30000000 1.34169685 1.01195314
7.31000000 1.35106434 1.00927135
7.32000000 1.36051177 1.00660614
7.33000000 1.37003982 1.00395750
7.34000000 1.37964918 1.00132540
7.35000000 1.38934051 0.99870985
7.36000000 1.39911451 0.99611082
7.37000000 1.40897188 0.99352830
7.38000000 1.41891330 0.99096229
7.39000000 1.42893949 0.98841278
7.40000000 1.43905115 0.98587975
7.41000000 1.44924900 0.98336320
7.42000000 1.45953377 0.98086312
7.43000000 1.46990617 0.97837950
7.44000000 1.48036694 0.97591233
7.45000000 1.49091682 0.97346162
7.46000000 1.50155656 0.97102734
7.47000000 1.51228690 0.96860950
7.48000000 1.52310860 0.96620809
7.49000000 1.53402242 0.96382311
7.50000000 1.54502914 0.96145456
7.51000000 1.55612952 0.95910243
7.52000000 1.56732435 0.95676672
7.53000000 1.57861441 0.95444742
7.54000000 1.59000049 0.95214455
7.55000000 1.60148340 0.94985809
7.56000000 1.61306394 0.94758804
7.57000000 1.62474292 0.94533442
7.58000000 1.63652116 0.94309722
7.59000000 1.64839947 0.94087644
7.60000000 1.66037870 0.93867209
7.61000000 1.67245967 0.93648417
7.62000000 1.68464324 0.93431268
7.63000000 1.69693024 0.93215764
7.64000000 1.70932154 0.93001904
7.65000000 1.72181799 0.92789689
7.66000000 1.73442047 0.92579120
7.67000000 1.74712984 0.92370199
7.68000000 1.75994700 0.92162925
7.69000000 1.77287283 0.91957299
7.70000000 1.78590821 0.91753324
7.71000000 1.79905407 0.91550999
7.72000000 1.81231129 0.91350327
7.73000000 1.82568080 0.91151307
7.74000000 1.83916352 0.90953943
7.75000000 1.85276038 0.90758235
7.76000000 1.86647230 0.90564184
7.77000000 1.88030024 0.90371793
7.78000000 1.89424514 0.90181063
7.79000000 1.90830795 0.89991995
7.80000000 1.92248964 0.89804592
7.81000000 1.93679117 0.89618856
7.82000000 1.95121353 0.89434788
7.83000000 1.96575769 0.89252391
7.84000000 1.98042464 0.89071667
7.85000000 1.99521539 0.88892618
7.86000000 2.01013092 0.88715246
7.87000000 2.02517227 0.88539555
7.88000000 2.04034043 0.88365547
7.89000000 2.05563643 0.88193223
7.90000000 2.07106132 0.88022588
7.91000000 2.08661612 0.87853644
7.92000000 2.10230188 0.87686394
7.93000000 2.11811965 0.87520840
7.94000000 2.13407049 0.87356987
7.95000000 2.15015548 0.87194837
7.96000000 2.16637568 0.87034395
7.97000000 2.18273217 0.86875662
7.98000000 2.19922604 0.86718643
7.99000000 2.21585840 0.86563342
8.00000000 2.23263033 0.86409762
8.01000000 2.24954295 0.86257907
8.02000000 2.26659738 0.86107782
8.03000000 2.28379473 0.85959390
8.04000000 2.30113615 0.85812735
8.05000000 2.31862277 0.85667823
8.06000000 2.33625573 0.85524657
8.07000000 2.35403618 0.85383242
8.08000000 2.37196529 0.85243583
8.09000000 2.39004422 0.85105685
8.10000000 2.40827415 0.84969552
8.11000000 2.42665625 0.84835190
8.12000000 2.44519171 0.84702604
8.13000000 2.46388174 0.84571799
8.14000000 2.48272752 0.84442781
8.15000000 2.50173027 0.84315556
8.16000000 2.52089121 0.84190128
8.17000000 2.54021156 0.84066505
8.18000000 2.55969254 0.83944692
8.19000000 2.57933540 0.83824695
8.20000000 2.59914137 0.83706520
8.21000000 2.61911172 0.83590175
8.22000000 2.63924769 0.83475665
8.23000000 2.65955056 0.83362998
8.24000000 2.68002158 0.83252180
8.25000000 2.70066205 0.83143218
8.26000000 2.72147324 0.83036120
8.27000000 2.74245644 0.82930893
8.28000000 2.76361296 0.82827544
8.29000000 2.78494410 0.82726081
8.30000000 2.80645117 0.82626513
8.31000000 2.82813549 0.82528846
8.32000000 2.84999837 0.82433090
8.33000000 2.87204116 0.82339253
8.34000000 2.89426519 0.82247343
8.35000000 2.91667179 0.82157368
8.36000000 2.93926233 0.82069339
8.37000000 2.96203815 0.81983263
8.38000000 2.98500062 0.81899151
8.39000000 3.00815110 0.81817011
8.40000000 3.03149097 0.81736854
8.41000000 3.05502160 0.81658689
8.42000000 3.07874438 0.81582526
8.43000000 3.10266070 0.81508376
8.44000000 3.12677196 0.81436248
8.45000000 3.15107955 0.81366154
8.46000000 3.17558488 0.81298105
8.47000000 3.20028936 0.81232111
8.48000000 3.22519442 0.81168185
8.49000000 3.25030146 0.81106336
8.50000000 3.27561192 0.81046578
8.51000000 3.30112723 0.80988922
8.52000000 3.32684882 0.80933380
8.53000000 3.35277814 0.80879965
8.54000000 3.37891662 0.80828690
8.55000000 3.40526571 0.80779567
8.56000000 3.43182688 0.80732609
8.57000000 3.45860156 0.80687831
8.58000000 3.48559123 0.80645246
8.59000000 3.51279735 0.80604867
8.60000000 3.54022138 0.80566708
8.61000000 3.56786479 0.80530786
8.62000000 3.59572906 0.80497113
8.63000000 3.62381566 0.80465706
8.64000000 3.65212607 0.80436578
8.65000000 3.68066176 0.80409747
8.66000000 3.70942423 0.80385228
8.67000000 3.73841496 0.80363037
8.68000000 3.76763543 0.80343190
8.69000000 3.79708713 0.80325704
8.70000000 3.82677154 0.80310597
8.71000000 3.85669017 0.80297886
8.72000000 3.88684450 0.80287588
8.73000000 3.91723602 0.80279722
8.74000000 3.94786622 0.80274306
8.75000000 3.97873659 0.80271359
8.76000000 4.00984863 0.80270899
8.77000000 4.04120383 0.80272946
8.78000000 4.07280367 0.80277521
8.79000000 4.10464964 0.80284642
8.80000000 4.13674323 0.80294331
8.81000000 4.16908592 0.80306608
8.82000000 4.20167920 0.80321496
8.83000000 4.23452454 0.80339014
8.84000000 4.26762343 0.80359186
8.85000000 4.30097733 0.80382034
8.86000000 4.33458772 0.80407580
8.87000000 4.36845605 0.80435848
8.88000000 4.40258380 0.80466862
8.89000000 4.43697241 0.80500646
8.90000000 4.47162334 0.80537223
8.91000000 4.50653804 0.80576620
8.92000000 4.54171793 0.80618862
8.93000000 4.57716446 0.80663975
8.94000000 4.61287904 0.80711984
8.95000000 4.64886310 0.80762917
8.96000000 4.68511804 0.80816801
8.97000000 4.72164526 0.80873664
8.98000000 4.75844615 0.80933535
8.99000000 4.79552210 0.80996442
9.00000000 4.83287448 0.81062414
9.01000000 4.87050463 0.81131481
9.02000000 4.90841392 0.81203675
9.03000000 4.94660368 0.81279025
9.04000000 4.98507523 0.81357563
9.05000000 5.02382989 0.81439322
9.06000000 5.06286894 0.81524334
9.07000000 5.10219367 0.81612633
9.08000000 5.14180534 0.81704251
9.09000000 5.18170521 0.81799225
9.10000000 5.22189451 0.81897588
9.11000000 5.26237445 0.81999377
9.12000000 5.30314623 0.82104629
9.13000000 5.34421102 0.82213379
9.14000000 5.38557000 0.82325665
9.15000000 5.42722429 0.82441527
9.16000000 5.46917501 0.82561004
9.17000000 5.51142325 0.82684134
9.18000000 5.55397009 0.82810959
9.19000000 5.59681657 0.82941519
9.20000000 5.63996372 0.83075858
9.21000000 5.68341252 0.83214017
9.22000000 5.72716394 0.83356039
9.23000000 5.77121894 0.83501971
9.24000000 5.81557841 0.83651855
9.25000000 5.86024324 0.83805739
9.26000000 5.90521427 0.83963669
9.27000000 5.95049234 0.84125693
9.28000000 5.99607822 0.84291858
9.29000000 6.04197266 0.84462215
9.30000000 6.08817638 0.84636814
9.31000000 6.13469005 0.84815706
9.32000000 6.18151432 0.84998942
9.33000000 6.22864979 0.85186576
9.34000000 6.27609701 0.85378662
9.35000000 6.32385650 0.85575255
9.36000000 6.37192875 0.85776410
9.37000000 6.42031418 0.85982185
9.38000000 6.46901317 0.86192638
9.39000000 6.51802607 0.86407827
9.40000000 6.56735316 0.86627812
9.41000000 6.61699467 0.86852656
9.42000000 6.66695081 0.87082419
9.43000000 6.71722169 0.87317166
9.44000000 6.76780740 0.87556961
9.45000000 6.81870796 0.87801870
9.46000000 6.86992333 0.88051959
9.47000000 6.92145341 0.88307297
9.48000000 6.97329805 0.88567954
9.49000000 7.02545703 0.88833999
9.50000000 7.07793004 0.89105505
9.51000000 7.13071675 0.89382545
9.52000000 7.18381673 0.89665193
9.53000000 7.23722948 0.89953525
9.54000000 7.29095443 0.90247619
9.55000000 7.34499095 0.90547553
9.56000000 7.39933831 0.90853408
9.57000000 7.45399570 0.91165264
9.58000000 7.50896226 0.91483204
9.59000000 7.56423702 0.91807314
9.60000000 7.61981893 0.92137679
9.61000000 7.67570685 0.92474387
9.62000000 7.73189956 0.92817527
9.63000000 7.78839572 0.93167189
9.64000000 7.84519394 0.93523466
9.65000000 7.90229269 0.93886452
9.66000000 7.95969037 0.94256243
9.67000000 8.01738525 0.94632936
9.68000000 8.07537552 0.95016631
9.69000000 8.13365925 0.95407427
9.70000000 8.19223440 0.95805429
9.71000000 8.25109883 0.96210740
9.72000000 8.31025026 0.96623467
9.73000000 8.36968630 0.97043719
9.74000000 8.42940446 0.97471606
9.75000000 8.48940210 0.97907239
9.76000000 8.54967645 0.98350734
9.77000000 8.61022464 0.98802206
9.78000000 8.67104363 0.99261774
9.79000000 8.73213027 0.99729559
9.80000000 8.79348125 1.00205682
9.81000000 8.85509314 1.00690269
9.82000000 8.91696234 1.01183446
9.83000000 8.97908512 1.01685343
9.84000000 9.04145758 1.02196090
9.85000000 9.10407568 1.02715822
9.86000000 9.16693521 1.03244675
9.87000000 9.23003179 1.03782786
9.88000000 9.29336090 1.04330296
9.89000000 9.35691781 1.04887350
9.90000000 9.42069765 1.05454091
9.91000000 9.48469535 1.06030669
9.92000000 9.54890568 1.06617234
9.93000000 9.61332320 1.07213938
9.94000000 9.67794231 1.07820939
9.95000000 9.74275718 1.08438394
9.96000000 9.80776181 1.09066464
9.97000000 9.87295000 1.09705313
9.98000000 9.93831533 1.10355107
9.99000000 10.00385119 1.11016017
10.00000000 10.06955073 1.11688212
10.01000000 10.13540691 1.12371870
10.02000000 10.20141245 1.13067166
10.03000000 10.26755986 1.13774283
10.04000000 10.33384141 1.14493402
10.05000000 10.40024915 1.15224712
10.06000000 10.46677487 1.15968400
10.07000000 10.53341013 1.16724659
10.08000000 10.60014626 1.17493685
10.09000000 10.66697431 1.18275677
10.10000000 10.73388510 1.19070835
10.11000000 10.80086917 1.19879364
10.12000000 10.86791683 1.20701472
10.13000000 10.93501809 1.21537370
10.14000000 11.00216270 1.22387272
10.15000000 11.06934014 1.23251394
10.16000000 11.13653961 1.24129958
10.17000000 11.20375001 1.25023186
10.18000000 11.27095998 1.25931306
10.19000000 11.33815786 1.26854546
10.20000000 11.40533167 1.27793141
10.21000000 11.47246916 1.28747327
10.22000000 11.53955777 1.29717343
10.23000000 11.60658463 1.30703431
10.24000000 11.67353656 1.31705838
10.25000000 11.74040005 1.32724814
10.26000000 11.80716131 1.33760609
10.27000000 11.87380619 1.34813481
10.28000000 11.94032024 1.35883687
10.29000000 12.00668867 1.36971489
10.30000000 12.07289637 1.38077152
10.31000000 12.13892790 1.39200943
10.32000000 12.20476745 1.40343135
10.33000000 12.27039892 1.41504001
10.34000000 12.33580584 1.42683817
10.35000000 12.40097140 1.43882864
10.36000000 12.46587845 1.45101423
10.37000000 12.53050950 1.46339781
10.38000000 12.59484670 1.47598226
10.39000000 12.65887184 1.48877047
10.40000000 12.72256640 1.50176538
10.41000000 12.78591147 1.51496995
10.42000000 12.84888780 1.52838716
10.43000000 12.91147581 1.54202001
10.44000000 12.97365553 1.55587152
10.45000000 13.03540668 1.56994474
10.46000000 13.09670859 1.58424273
10.47000000 13.15754029 1.59876856
10.48000000 13.21788041 1.61352533
10.49000000 13.27770729 1.62851616
10.50000000 13.33699889 1.64374417
10.51000000 13.39573284 1.65921249
10.52000000 13.45388645 1.67492425
10.53000000 13.51143668 1.69088262
10.54000000 13.56836019 1.70709075
10.55000000 13.62463329 1.72355180
10.56000000 13.68023198 1.74026891
10.57000000 13.73513198 1.75724526
10.58000000 13.78930867 1.77448399
10.59000000 13.84273716 1.79198825
10.60000000 13.89539227 1.80976117
10.61000000 13.94724853 1.82780588
10.62000000 13.99828021 1.84612548
10.63000000 14.04846133 1.86472307
10.64000000 14.09776566 1.88360170
10.65000000 14.14616672 1.90276441
10.66000000 14.19363781 1.92221423
10.67000000 14.24015205 1.94195411
10.68000000 14.28568232 1.96198701
10.69000000 14.33020135 1.98231582
10.70000000 14.37368169 2.00294340
10.71000000 14.41609576 2.02387254
10.72000000 14.45741582 2.04510600
10.73000000 14.49761403 2.06664647
10.74000000 14.53666246 2.08849658
10.75000000 14.57453310 2.11065888
10.76000000 14.61119788 2.13313586
10.77000000 14.64662872 2.15592992
10.78000000 14.68079751 2.17904339
10.79000000 14.71367615 2.20247849
10.80000000 14.74523660 2.22623737
10.81000000 14.77545086 2.25032205
10.82000000 14.80429105 2.27473446
10.83000000 14.83172938 2.29947642
10.84000000 14.85773822 2.32454962
10.85000000 14.88229010 2.34995562
10.86000000 14.90535778 2.37569587
10.87000000 14.92691423 2.40177166
10.88000000 14.94693271 2.42818414
10.89000000 14.96538675 2.45493430
10.90000000 14.98225024 2.48202300
10.91000000 14.99749742 2.50945090
10.92000000 15.01110293 2.53721850
10.93000000 15.02304187 2.56532612
10.94000000 15.03328977 2.59377390
10.95000000 15.04182271 2.62256178
10.96000000 15.04861730 2.65168951
10.97000000 15.05365071 2.68115660
10.98000000 15.05690076 2.71096238
10.99000000 15.05834593 2.74110594
11.00000000 15.05796538 2.77158616
11.01000000 15.05573901 2.80240165
11.02000000 15.05164750 2.83355082
11.03000000 15.04567236 2.86503180
11.04000000 15.03779592 2.89684248
11.05000000 15.02800143 2.92898048
11.06000000 15.01627305 2.96144316
11.07000000 15.00259593 2.99422759
11.08000000 14.98695622 3.02733060
11.09000000 14.96934111 3.06074868
11.10000000 14.94973887 3.09447808
11.11000000 14.92813891 3.12851473
11.12000000 14.90453176 3.16285426
11.13000000 14.87890916 3.19749201
11.14000000 14.85126407 3.23242300
11.15000000 14.82159071 3.26764195
11.16000000 14.78988457 3.30314325
11.17000000 14.75614247 3.33892100
11.18000000 14.72036257 3.37496894
11.19000000 14.68254439 3.41128054
11.20000000 14.64268886 3.44784891
11.21000000 14.60079834 3.48466685
11.22000000 14.55687659 3.52172685
11.23000000 14.51092887 3.55902105
11.24000000 14.46296190 3.59654131
11.25000000 14.41298390 3.63427912
11.26000000 14.36100459 3.67222570
11.27000000 14.30703520 3.71037193
11.28000000 14.25108850 3.74870838
11.29000000 14.19317877 3.78722532
11.30000000 14.13332183 3.82591271
11.31000000 14.07153504 3.86476023
11.32000000 14.00783728 3.90375726
11.33000000 13.94224894 3.94289289
11.34000000 13.87479196 3.98215593
11.35000000 13.80548974 4.02153495
11.36000000 13.73436721 4.06101823
11.37000000 13.66145073 4.10059381
11.38000000 13.58676816 4.14024949
11.39000000 13.51034874 4.17997285
11.40000000 13.43222316 4.21975124
11.41000000 13.35242344 4.25957180
11.42000000 13.27098297 4.29942150
11.43000000 13.18793644 4.33928709
11.44000000 13.10331983 4.37915519
11.45000000 13.01717031 4.41901225
11.46000000 12.92952628 4.45884458
11.47000000 12.84042727 4.49863837
11.48000000 12.74991389 4.53837970
11.49000000 12.65802783 4.57805455
11.50000000 12.56481175 4.61764884
11.51000000 12.47030927 4.65714841
11.52000000 12.37456488 4.69653907
11.53000000 12.27762392 4.73580661
11.54000000 12.17953248 4.77493678
11.55000000 12.08033737 4.81391537
11.56000000 11.98008605 4.85272817
11.57000000 11.87882656 4.89136104
11.58000000 11.77660746 4.92979986
11.59000000 11.67347779 4.96803061
11.60000000 11.56948695 5.00603938
11.61000000 11.46468467 5.04381233
11.62000000 11.35912097 5.08133577
11.63000000 11.25284603 5.11859617
11.64000000 11.14591017 5.15558012
11.65000000 11.03836379 5.19227442
11.66000000 10.93025725 5.22866604
11.67000000 10.82164088 5.26474218
11.68000000 10.71256486 5.30049025
11.69000000 10.60307917 5.33589788
11.70000000 10.49323355 5.37095297
11.71000000 10.38307741 5.40564368
11.72000000 10.27265979 5.43995844
11.73000000 10.16202931 5.47388598
11.74000000 10.05123407 5.50741533
11.75000000 9.94032166 5.54053580
11.76000000 9.82933904 5.57323706
11.77000000 9.71833255 5.60550909
11.78000000 9.60734784 5.63734222
11.79000000 9.49642978 5.66872712
11.80000000 9.38562251 5.69965481
11.81000000 9.27496930 5.73011669
11.82000000 9.16451257 5.76010451
11.83000000 9.05429386 5.78961039
11.84000000 8.94435374 5.81862686
11.85000000 8.83473183 5.84714679
11.86000000 8.72546675 5.87516345
11.87000000 8.61659611 5.90267052
11.88000000 8.50815645 5.92966203
11.89000000 8.40018326 5.95613242
11.90000000 8.29271094 5.98207651
11.91000000 8.18577276 6.00748954
11.92000000 8.07940092 6.03236708
11.93000000 7.97362644 6.05670515
11.94000000 7.86847924 6.08050011
11.95000000 7.76398807 6.10374871
11.96000000 7.66018053 6.12644809
11.97000000 7.55708308 6.14859575
11.98000000 7.45472101 6.17018957
11.99000000 7.35311846 6.19122779
12.00000000 7.25229844 6.21170901
12.01000000 7.15228278 6.23163216
12.02000000 7.05309221 6.25099656
12.03000000 6.95474631 6.26980184
12.04000000 6.85726355 6.28804795
12.05000000 6.76066130 6.30573521
12.06000000 6.66495583 6.32286421
12.07000000 6.57016233 6.33943587
12.08000000 6.47629495 6.35545142
12.09000000 6.38336679 6.37091237
12.10000000 6.29138992 6.38582051
12.11000000 6.20037540 6.40017791
12.12000000 6.11033333 6.41398692
12.13000000 6.02127283 6.42725012
12.14000000 5.93320209 6.43997036
12.15000000 5.84612839 6.45215071
12.16000000 5.76005809 6.46379450
12.17000000 5.67499670 6.47490523
12.18000000 5.59094890 6.48548667
12.19000000 5.50791853 6.49554274
12.20000000 5.42590864 6.50507757
12.21000000 5.34492150 6.51409550
12.22000000 5.26495867 6.52260099
12.23000000 5.18602095 6.53059871
12.24000000 5.10810849 6.53809347
12.25000000 5.03122073 6.54509022
12.26000000 4.95535650 6.55159406
12.27000000 4.88051400 6.55761020
12.28000000 4.80669085 6.56314399
12.29000000 4.73388409 6.56820089
12.30000000 4.66209023 6.57278646
12.31000000 4.59130526 6.57690635
12.32000000 4.52152469 6.58056631
12.33000000 4.45274353 6.58377216
12.34000000 4.38495638 6.58652981
12.35000000 4.31815739 6.58884521
12.36000000 4.25234033 6.59072440
12.37000000 4.18749859 6.59217346
12.38000000 4.12362518 6.59319850
12.39000000 4.06071282 6.59380569
12.40000000 3.99875386 6.59400123
12.41000000 3.93774041 6.59379133
12.42000000 3.87766427 6.59318226
12.43000000 3.81851699 6.59218026
12.44000000 3.76028989 6.59079161
12.45000000 3.70297407 6.58902259
12.46000000 3.64656042 6.58687948
12.47000000 3.59103964 6.58436856
12.48000000 3.53640228 6.58149608
12.49000000 3.48263872 6.57826831
12.50000000 3.42973920 6.57469147
12.51000000 3.37769385 6.57077180
12.52000000 3.32649268 6.56651547
12.53000000 3.27612559 6.56192865
12.54000000 3.22658242 6.55701748
12.55000000 3.17785292 6.55178805
12.56000000 3.12992679 6.54624643
12.57000000 3.08279367 6.54039863
12.58000000 3.03644318 6.53425062
12.59000000 2.99086490 6.52780835
12.60000000 2.94604839 6.52107770
12.61000000 2.90198320 6.51406449
12.62000000 2.85865889 6.50677451
12.63000000 2.81606503 6.49921349
12.64000000 2.77419119 6.49138710
12.65000000 2.73302698 6.48330095
12.66000000 2.69256204 6.47496061
12.67000000 2.65278605 6.46637156
12.68000000 2.61368872 6.45753924
12.69000000 2.57525982 6.44846902
12.70000000 2.53748919 6.43916621
12.71000000 2.50036671 6.42963605
12.72000000 2.46388233 6.41988373
12.73000000 2.42802610 6.40991435
12.74000000 2.39278811 6.39973297
12.75000000 2.35815854 6.38934455
12.76000000 2.32412767 6.37875401
12.77000000 2.29068584 6.36796620
12.78000000 2.25782351 6.35698588
12.79000000 2.22553120 6.34581777
12.80000000 2.19379956 6.33446650
12.81000000 2.16261932 6.32293665
12.82000000 2.13198131 6.31123271
12.83000000 2.10187646 6.29935911
12.84000000 2.07229583 6.28732023
12.85000000 2.04323054 6.27512035
12.86000000 2.01467186 6.26276370
12.87000000 1.98661115 6.25025444
12.88000000 1.95903988 6.23759667
12.89000000 1.93194963 6.22479440
12.90000000 1.90533211 6.21185160
12.91000000 1.87917911 6.19877215
12.92000000 1.85348255 6.18555989
12.93000000 1.82823447 6.17221857
12.94000000 1.80342701 6.15875189
12.95000000 1.77905242 6.14516347
12.96000000 1.75510309 6.13145690
12.97000000 1.73157149 6.11763565
12.98000000 1.70845023 6.10370319
12.99000000 1.68573200 6.08966289
13.00000000 1.66340964 6.07551807
13.01000000 1.64147607 6.06127197
13.02000000 1.61992435 6.04692781
13.03000000 1.59874762 6.03248872
13.04000000 1.57793916 6.01795777
13.05000000 1.55749232 6.00333800
13.06000000 1.53740061 5.98863235
13.07000000 1.51765760 5.97384375
13.08000000 1.49825700 5.95897504
13.09000000 1.47919260 5.94402903
13.10000000 1.46045831 5.92900844
13.11000000 1.44204814 5.91391599
13.12000000 1.42395621 5.89875429
13.13000000 1.40617673 5.88352594
13.14000000 1.38870400 5.86823347
13.15000000 1.37153245 5.85287937
13.16000000 1.35465659 5.83746607
13.17000000 1.33807102 5.82199595
13.18000000 1.32177045 5.80647136
13.19000000 1.30574968 5.79089458
13.20000000 1.29000359 5.77526786
13.21000000 1.27452717 5.75959340
13.22000000 1.25931549 5.74387334
13.23000000 1.24436372 5.72810980
13.24000000 1.22966711 5.71230485
13.25000000 1.21522099 5.69646050
13.26000000 1.20102079 5.68057873
13.27000000 1.18706202 5.66466149
13.28000000 1.17334026 5.64871068
13.29000000 1.15985120 5.63272814
13.30000000 1.14659058 5.61671571
13.31000000 1.13355423 5.60067515
13.32000000 1.12073807 5.58460822
13.33000000 1.10813808 5.56851661
13.34000000 1.09575032 5.55240200
13.35000000 1.08357094 5.53626603
13.36000000 1.07159614 5.52011028
13.37000000 1.05982220 5.50393632
13.38000000 1.04824547 5.48774568
13.39000000 1.03686238 5.47153985
13.40000000 1.02566941 5.45532031
13.41000000 1.01466313 5.43908847
13.42000000 1.00384015 5.42284575
13.43000000 0.99319715 5.40659350
13.44000000 0.98273090 5.39033307
13.45000000 0.97243821 5.37406576
13.46000000 0.96231594 5.35779286
13.47000000 0.95236103 5.34151561
13.48000000 0.94257048 5.32523524
13.49000000 0.93294133 5.30895294
13.50000000 0.92347070 5.29266988
13.51000000 0.91415575 5.27638721
13.52000000 0.90499369 5.26010603
13.53000000 0.89598180 5.24382744
13.54000000 0.88711742 5.22755251
13.55000000 0.87839790 5.21128227
13.56000000 0.86982068 5.19501775
13.57000000 0.86138325 5.17875993
13.58000000 0.85308312 5.16250978
13.59000000 0.84491788 5.14626826
13.60000000 0.83688514 5.13003629
13.61000000 0.82898257 5.11381477
13.62000000 0.82120790 5.09760459
13.63000000 0.81355886 5.08140660
13.64000000 0.80603328 5.06522166
13.65000000 0.79862899 5.04905058
13.66000000 0.79134387 5.03289415
13.67000000 0.78417587 5.01675318
13.68000000 0.77712294 5.00062841
13.69000000 0.77018309 4.98452060
13.70000000 0.76335437 4.96843048
13.71000000 0.75663487 4.95235874
13.72000000 0.75002270 4.93630609
13.73000000 0.74351603 4.92027320
13.74000000 0.73711304 4.90426072
13.75000000 0.73081197 4.88826931
13.76000000 0.72461109 4.87229959
13.77000000 0.71850868 4.85635216
13.78000000 0.71250308 4.84042763
13.79000000 0.70659265 4.82452657
13.80000000 0.70077578 4.80864955
13.81000000 0.69505091 4.79279712
13.82000000 0.68941649 4.77696983
13.83000000 0.68387100 4.76116818
13.84000000 0.67841296 4.74539270
13.85000000 0.67304092 4.72964388
13.86000000 0.66775344 4.71392220
13.87000000 0.66254913 4.69822813
13.88000000 0.65742661 4.68256213
13.89000000 0.65238455 4.66692466
13.90000000 0.64742160 4.65131614
13.91000000 0.64253649 4.63573700
13.92000000 0.63772794 4.62018764
13.93000000 0.63299471 4.60466847
13.94000000 0.62833558 4.58917988
13.95000000 0.62374934 4.57372225
13.96000000 0.61923483 4.55829594
13.97000000 0.61479088 4.54290131
13.98000000 0.61041638 4.52753871
13.99000000 0.60611021 4.51220848
14.00000000 0.60187128 4.49691094
14.01000000 0.59769853 4.48164642
14.02000000 0.59359091 4.46641522
14.03000000 0.58954740 4.45121764
14.04000000 0.58556699 4.43605398
14.05000000 0.58164870 4.42092452
14.06000000 0.57779155 4.40582952
14.07000000 0.57399459 4.39076927
14.08000000 0.57025690 4.37574401
14.09000000 0.56657755 4.36075399
14.10000000 0.56295566 4.34579947
14.11000000 0.55939035 4.33088066
14.12000000 0.55588074 4.31599780
14.13000000 0.55242601 4.30115111
14.14000000 0.54902530 4.28634080
14.15000000 0.54567782 4.27156707
14.16000000 0.54238275 4.25683013
14.17000000 0.53913933 4.24213015
14.18000000 0.53594677 4.22746734
14.19000000 0.53280433 4.21284187
14.20000000 0.52971126 4.19825391
14.21000000 0.52666684 4.18370362
14.22000000 0.52367035 4.16919116
14.23000000 0.52072110 4.15471670
14.24000000 0.51781840 4.14028038
14.25000000 0.51496158 4.12588233
14.26000000 0.51214997 4.11152270
14.27000000 0.50938293 4.09720163
14.28000000 0.50665983 4.08291922
14.29000000 0.50398003 4.06867561
14.30000000 0.50134294 4.05447092
14.31000000 0.49874794 4.04030524
14.32000000 0.49619444 4.02617870
14.33000000 0.49368188 4.01209138
14.34000000 0.49120968 3.99804339
14.35000000 0.48877729 3.98403482
14.36000000 0.48638416 3.97006575
14.37000000 0.48402975 3.95613627
14.38000000 0.48171354 3.94224646
14.39000000 0.47943501 3.92839639
14.40000000 0.47719365 3.91458614
14.41000000 0.47498898 3.90081576
14.42000000 0.47282050 3.88708532
14.43000000 0.47068772 3.87339488
14.44000000 0.46859019 3.85974450
14.45000000 0.46652745 3.84613422
14.46000000 0.46449903 3.83256409
14.47000000 0.46250450 3.81903416
14.48000000 0.46054342 3.80554447
14.49000000 0.45861537 3.79209506
14.50000000 0.45671992 3.77868595
14.51000000 0.45485666 3.76531718
14.52000000 0.45302519 3.75198878
14.53000000 0.45122512 3.73870077
14.54000000 0.44945605 3.72545317
14.55000000 0.44771761 3.71224601
14.56000000 0.44600941 3.69907928
14.57000000 0.44433110 3.68595302
14.58000000 0.44268231 3.67286723
14.59000000 0.44106269 3.65982191
14.60000000 0.43947189 3.64681708
14.61000000 0.43790957 3.63385272
14.62000000 0.43637540 3.62092885
14.63000000 0.43486905 3.60804546
14.64000000 0.43339019 3.59520254
14.65000000 0.43193852 3.58240009
14.66000000 0.43051372 3.56963809
14.67000000 0.42911550 3.55691654
14.68000000 0.42774354 3.54423541
14.69000000 0.42639757 3.53159469
14.70000000 0.42507729 3.51899437
14.71000000 0.42378242 3.50643442
14.72000000 0.42251269 3.49391482
14.73000000 0.42126782 3.48143554
14.74000000 0.42004756 3.46899656
14.75000000 0.41885163 3.45659785
14.76000000 0.41767980 3.44423937
14.77000000 0.41653179 3.43192110
14.78000000 0.41540738 3.41964300
14.79000000 0.41430632 3.40740503
14.80000000 0.41322837 3.39520716
14.81000000 0.41217330 3.38304935
14.82000000 0.41114088 3.37093156
14.83000000 0.41013090 3.35885374
14.84000000 0.40914313 3.34681585
14.85000000 0.40817737 3.33481785
14.86000000 0.40723339 3.32285969
14.87000000 0.40631100 3.31094132
14.88000000 0.40540999 3.29906269
14.89000000 0.40453017 3.28722374
14.90000000 0.40367134 3.27542444
14.91000000 0.40283332 3.26366472
14.92000000 0.40201591 3.25194453
14.93000000 0.40121894 3.24026381
14.94000000 0.40044223 3.22862251
14.95000000 0.39968560 3.21702057
14.96000000 0.39894888 3.20545792
14.97000000 0.39823190 3.19393451
14.98000000 0.39753451 3.18245028
14.99000000 0.39685654 3.17100515
15.00000000 0.39619783 3.15959908
15.01000000 0.39555823 3.14823199
15.02000000 0.39493759 3.13690382
15.03000000 0.39433576 3.12561450
15.04000000 0.39375260 3.11436397
15.05000000 0.39318796 3.10315215
15.06000000 0.39264171 3.09197897
15.07000000 0.39211371 3.08084437
15.08000000 0.39160384 3.06974827
15.09000000 0.39111195 3.05869061
15.10000000 0.39063794 3.04767131
15.11000000 0.39018166 3.03669029
15.12000000 0.38974301 3.02574748
15.13000000 0.38932186 3.01484281
15.14000000 0.38891809 3.00397620
15.15000000 0.38853161 2.99314758
15.16000000 0.38816229 2.98235686
15.17000000 0.38781004 2.97160397
15.18000000 0.38747474 2.96088884
15.19000000 0.38715629 2.95021137
15.20000000 0.38685460 2.93957151
15.21000000 0.38656957 2.92896915
15.22000000 0.38630110 2.91840423
15.23000000 0.38604910 2.90787665
15.24000000 0.38581348 2.89738635
15.25000000 0.38559416 2.88693324
15.26000000 0.38539105 2.87651723
15.27000000 0.38520407 2.86613824
15.28000000 0.38503313 2.85579619
15.29000000 0.38487816 2.84549099
15.30000000 0.38473908 2.83522257
15.31000000 0.38461583 2.82499083
15.32000000 0.38450832 2.81479569
15.33000000 0.38441649 2.80463706
15.34000000 0.38434027 2.79451486
15.35000000 0.38427960 2.78442900
15.36000000 0.38423441 2.77437940
15.37000000 0.38420464 2.76436596
15.38000000 0.38419023 2.75438860
15.39000000 0.38419113 2.74444724
15.40000000 0.38420728 2.73454178
15.41000000 0.38423863 2.72467214
15.42000000 0.38428512 2.71483822
15.43000000 0.38434671 2.70503995
15.44000000 0.38442334 2.69527722
15.45000000 0.38451499 2.68554995
15.46000000 0.38462159 2.67585806
15.47000000 0.38474311 2.66620144
15.48000000 0.38487950 2.65658002
15.49000000 0.38503074 2.64699370
15.50000000 0.38519677 2.63744239
15.51000000 0.38537758 2.62792600
15.52000000 0.38557312 2.61844444
15.53000000 0.38578336 2.60899762
15.54000000 0.38600828 2.59958544
15.55000000 0.38624784 2.59020783
15.56000000 0.38650203 2.58086467
15.57000000 0.38677081 2.57155590
15.58000000 0.38705416 2.56228140
15.59000000 0.38735206 2.55304110
15.60000000 0.38766449 2.54383489
15.61000000 0.38799143 2.53466270
15.62000000 0.38833288 2.52552442
15.63000000 0.38868880 2.51641996
15.64000000 0.38905919 2.50734924
15.65000000 0.38944404 2.49831215
15.66000000 0.38984334 2.48930861
15.67000000 0.39025707 2.48033853
15.68000000 0.39068523 2.47140181
15.69000000 0.39112782 2.46249837
15.70000000 0.39158483 2.45362810
15.71000000 0.39205626 2.44479092
15.72000000 0.39254210 2.43598673
15.73000000 0.39304237 2.42721545
15.74000000 0.39355705 2.41847697
15.75000000 0.39408615 2.40977122
15.76000000 0.39462968 2.40109809
15.77000000 0.39518765 2.39245749
15.78000000 0.39576006 2.38384934
15.79000000 0.39634692 2.37527353
15.80000000 0.39694824 2.36672998
15.81000000 0.39756403 2.35821860
15.82000000 0.39819431 2.34973929
15.83000000 0.39883909 2.34129196
15.84000000 0.39949838 2.33287652
15.85000000 0.40017221 2.32449288
15.86000000 0.40086060 2.31614094
15.87000000 0.40156356 2.30782062
15.88000000 0.40228111 2.29953182
15.89000000 0.40301328 2.29127445
15.90000000 0.40376010 2.28304842
15.91000000 0.40452158 2.27485364
15.92000000 0.40529776 2.26669002
15.93000000 0.40608867 2.25855746
15.94000000 0.40689433 2.25045588
15.95000000 0.40771477 2.24238518
15.96000000 0.40855003 2.23434527
15.97000000 0.40940015 2.22633607
15.98000000 0.41026515 2.21835748
15.99000000 0.41114508 2.21040941
16.00000000 0.41203996 2.20249177
16.01000000 0.41294985 2.19460447
16.02000000 0.41387478 2.18674743
16.03000000 0.41481479 2.17892054
16.04000000 0.41576993 2.17112373
16.05000000 0.41674024 2.16335690
16.06000000 0.41772577 2.15561996
16.07000000 0.41872656 2.14791283
16.08000000 0.41974267 2.14023541
16.09000000 0.42077413 2.13258761
16.10000000 0.42182101 2.12496935
16.11000000 0.42288336 2.11738054
16.12000000 0.42396123 2.10982109
16.13000000 0.42505467 2.10229091
16.14000000 0.42616374 2.09478991
16.15000000 0.42728850 2.08731800
16.16000000 0.42842901 2.07987511
16.17000000 0.42958533 2.07246113
16.18000000 0.43075752 2.06507599
16.19000000 0.43194564 2.05771959
16.20000000 0.43314976 2.05039185
16.21000000 0.43436994 2.04309268
16.22000000 0.43560626 2.03582199
16.23000000 0.43685877 2.02857971
16.24000000 0.43812755 2.02136573
16.25000000 0.43941267 2.01417998
16.26000000 0.44071420 2.00702238
16.27000000 0.44203222 1.99989282
16.28000000 0.44336680 1.99279124
16.29000000 0.44471802 1.98571754
16.30000000 0.44608595 1.97867164
16.31000000 0.44747067 1.97165345
16.32000000 0.44887227 1.96466290
16.33000000 0.45029083 1.95769989
16.34000000 0.45172643 1.95076434
16.35000000 0.45317914 1.94385617
16.36000000 0.45464907 1.93697529
16.37000000 0.45613630 1.93012163
16.38000000 0.45764091 1.92329509
16.39000000 0.45916300 1.91649560
16.40000000 0.46070266 1.90972306
16.41000000 0.46225998 1.90297741
16.42000000 0.46383505 1.89625856
16.43000000 0.46542797 1.88956642
16.44000000 0.46703884 1.88290091
16.45000000 0.46866776 1.87626196
16.46000000 0.47031482 1.86964948
16.47000000 0.47198013 1.86306339
16.48000000 0.47366378 1.85650360
16.49000000 0.47536590 1.84997005
16.50000000 0.47708657 1.84346264
16.51000000 0.47882591 1.83698130
16.52000000 0.48058402 1.83052595
16.53000000 0.48236102 1.82409651
16.54000000 0.48415701 1.81769290
16.55000000 0.48597212 1.81131504
16.56000000 0.48780645 1.80496285
16.57000000 0.48966012 1.79863626
16.58000000 0.49153325 1.79233518
16.59000000 0.49342595 1.78605953
16.60000000 0.49533836 1.77980925
16.61000000 0.49727058 1.77358425
16.62000000 0.49922274 1.76738445
16.63000000 0.50119497 1.76120978
16.64000000 0.50318740 1.75506017
16.65000000 0.50520014 1.74893553
16.66000000 0.50723334 1.74283578
16.67000000 0.50928713 1.73676086
16.68000000 0.51136162 1.73071069
16.69000000 0.51345697 1.72468519
16.70000000 0.51557331 1.71868429
16.71000000 0.51771077 1.71270791
16.72000000 0.51986950 1.70675597
16.73000000 0.52204962 1.70082842
16.74000000 0.52425130 1.69492516
16.75000000 0.52647467 1.68904612
16.76000000 0.52871987 1.68319124
16.77000000 0.53098706 1.67736044
16.78000000 0.53327638 1.67155365
16.79000000 0.53558799 1.66577079
16.80000000 0.53792204 1.66001179
16.81000000 0.54027867 1.65427658
16.82000000 0.54265806 1.64856510
16.83000000 0.54506035 1.64287725
16.84000000 0.54748570 1.63721299
16.85000000 0.54993428 1.63157223
16.86000000 0.55240625 1.62595490
16.87000000 0.55490177 1.62036094
16.88000000 0.55742101 1.61479027
16.89000000 0.55996414 1.60924283
16.90000000 0.56253134 1.60371854
16.91000000 0.56512276 1.59821734
16.92000000 0.56773858 1.59273916
16.93000000 0.57037899 1.58728393
16.94000000 0.57304415 1.58185157
16.95000000 0.57573425 1.57644203
16.96000000 0.57844947 1.57105524
16.97000000 0.58118999 1.56569112
16.98000000 0.58395600 1.56034962
16.99000000 0.58674769 1.55503065
17.00000000 0.58956523 1.54973417
17.01000000 0.59240883 1.54446010
17.02000000 0.59527867 1.53920837
17.03000000 0.59817496 1.53397892
17.04000000 0.60109789 1.52877169
17.05000000 0.60404765 1.52358661
17.06000000 0.60702445 1.51842362
17.07000000 0.61002849 1.51328264
17.08000000 0.61305998 1.50816362
17.09000000 0.61611913 1.50306650
17.10000000 0.61920613 1.49799121
17.11000000 0.62232121 1.49293768
17.12000000 0.62546457 1.48790586
17.13000000 0.62863644 1.48289568
17.14000000 0.63183703 1.47790708
17.15000000 0.63506656 1.47293999
17.16000000 0.63832525 1.46799437
17.17000000 0.64161333 1.46307013
17.18000000 0.64493102 1.45816724
17.19000000 0.64827855 1.45328561
17.20000000 0.65165615 1.44842520
17.21000000 0.65506406 1.44358594
17.22000000 0.65850251 1.43876777
17.23000000 0.66197174 1.43397064
17.24000000 0.66547198 1.42919449
17.25000000 0.66900349 1.42443924
17.26000000 0.67256650 1.41970486
17.27000000 0.67616127 1.41499128
17.28000000 0.67978804 1.41029844
17.29000000 0.68344706 1.40562628
17.30000000 0.68713859 1.40097475
17.31000000 0.69086288 1.39634379
17.32000000 0.69462020 1.39173334
17.33000000 0.69841081 1.38714336
17.34000000 0.70223496 1.38257377
17.35000000 0.70609293 1.37802453
17.36000000 0.70998499 1.37349558
17.37000000 0.71391140 1.36898687
17.38000000 0.71787245 1.36449834
17.39000000 0.72186840 1.36002994
17.40000000 0.72589954 1.35558161
17.41000000 0.72996616 1.35115330
17.42000000 0.73406853 1.34674496
17.43000000 0.73820694 1.34235653
17.44000000 0.74238168 1.33798796
17.45000000 0.74659305 1.33363920
17.46000000 0.75084134 1.32931020
17.47000000 0.75512685 1.32500091
17.48000000 0.75944988 1.32071126
17.49000000 0.76381074 1.31644123
17.50000000 0.76820973 1.31219074
17.51000000 0.77264715 1.30795976
17.52000000 0.77712334 1.30374823
17.53000000 0.78163859 1.29955610
17.54000000 0.78619323 1.29538333
17.55000000 0.79078757 1.29122986
17.56000000 0.79542195 1.28709565
17.57000000 0.80009669 1.28298065
17.58000000 0.80481212 1.27888481
17.59000000 0.80956858 1.27480808
17.60000000 0.81436639 1.27075042
17.61000000 0.81920590 1.26671178
17.62000000 0.82408745 1.26269210
17.63000000 0.82901139 1.25869136
17.64000000 0.83397806 1.25470950
17.65000000 0.83898782 1.25074647
17.66000000 0.84404102 1.24680223
17.67000000 0.84913803 1.24287674
17.68000000 0.85427919 1.23896995
17.69000000 0.85946488 1.23508182
17.70000000 0.86469546 1.23121230
17.71000000 0.86997132 1.22736135
17.72000000 0.87529281 1.22352893
17.73000000 0.88066031 1.21971500
17.74000000 0.88607422 1.21591951
17.75000000 0.89153492 1.21214242
17.76000000 0.89704278 1.20838369
17.77000000 0.90259821 1.20464328
17.78000000 0.90820161 1.20092115
17.79000000 0.91385336 1.19721726
17.80000000 0.91955387 1.19353156
17.81000000 0.92530354 1.18986402
17.82000000 0.93110280 1.18621461
17.83000000 0.93695204 1.18258327
17.84000000 0.94285169 1.17896997
17.85000000 0.94880217 1.17537468
17.86000000 0.95480390 1.17179736
17.87000000 0.96085730 1.16823797
17.88000000 0.96696282 1.16469646
17.89000000 0.97312089 1.16117282
17.90000000 0.97933194 1.15766699
17.91000000 0.98559642 1.15417895
17.92000000 0.99191477 1.15070866
17.93000000 0.99828745 1.14725608
17.94000000 1.00471492 1.14382118
17.95000000 1.01119762 1.14040393
17.96000000 1.01773603 1.13700429
17.97000000 1.02433061 1.13362222
17.98000000 1.03098183 1.13025771
17.99000000 1.03769017 1.12691070
18.00000000 1.04445610 1.12358118
18.01000000 1.05128011 1.12026910
18.02000000 1.05816269 1.11697445
18.03000000 1.06510433 1.11369718
18.04000000 1.07210552 1.11043727
18.05000000 1.07916677 1.10719468
18.06000000 1.08628858 1.10396940
18.07000000 1.09347146 1.10076138
18.08000000 1.10071591 1.09757060
18.09000000 1.10802247 1.09439703
18.10000000 1.11539165 1.09124065
18.11000000 1.12282398 1.08810142
18.12000000 1.13031999 1.08497932
18.13000000 1.13788021 1.08187432
18.14000000 1.14550518 1.07878640
18.15000000 1.15319546 1.07571553
18.16000000 1.16095159 1.07266169
18.17000000 1.16877412 1.06962485
18.18000000 1.17666361 1.06660498
18.19000000 1.18462062 1.06360207
18.20000000 1.19264573 1.06061609
18.21000000 1.20073950 1.05764701
18.22000000 1.20890252 1.05469482
18.23000000 1.21713537 1.05175949
18.24000000 1.22543863 1.04884101
18.25000000 1.23381290 1.04593934
18.26000000 1.24225877 1.04305447
18.27000000 1.25077684 1.04018638
18.28000000 1.25936773 1.03733506
18.29000000 1.26803205 1.03450047
18.30000000 1.27677040 1.03168261
18.31000000 1.28558343 1.02888145
18.32000000 1.29447175 1.02609697
18.33000000 1.30343599 1.02332917
18.34000000 1.31247680 1.02057802
18.35000000 1.32159482 1.01784351
18.36000000 1.33079069 1.01512562
18.37000000 1.34006507 1.01242434
18.38000000 1.34941862 1.00973965
18.39000000 1.35885201 1.00707154
18.40000000 1.36836590 1.00442000
18.41000000 1.37796098 1.00178501
18.42000000 1.38763791 0.99916656
18.43000000 1.39739739 0.99656463
18.44000000 1.40724011 0.99397923
18.45000000 1.41716676 0.99141033
18.46000000 1.42717806 0.98885793
18.47000000 1.43727471 0.98632202
18.48000000 1.44745742 0.98380258
18.49000000 1.45772691 0.98129962
18.50000000 1.46808392 0.97881312
18.51000000 1.47852917 0.97634307
18.52000000 1.48906339 0.97388947
18.53000000 1.49968734 0.97145232
18.54000000 1.51040177 0.96903160
18.55000000 1.52120742 0.96662732
18.56000000 1.53210506 0.96423947
18.57000000 1.54309546 0.96186804
18.58000000 1.55417939 0.95951303
18.59000000 1.56535762 0.95717444
18.60000000 1.57663095 0.95485227
18.61000000 1.58800017 0.95254652
18.62000000 1.59946607 0.95025719
18.63000000 1.61102946 0.94798427
18.64000000 1.62269115 0.94572778
18.65000000 1.63445195 0.94348770
18.66000000 1.64631268 0.94126405
18.67000000 1.65827418 0.93905682
18.68000000 1.67033728 0.93686602
18.69000000 1.68250283 0.93469166
18.70000000 1.69477166 0.93253373
18.71000000 1.70714464 0.93039225
18.72000000 1.71962262 0.92826722
18.73000000 1.73220647 0.92615866
18.74000000 1.74489707 0.92406655
18.75000000 1.75769529 0.92199093
18.76000000 1.77060203 0.91993179
18.77000000 1.78361817 0.91788914
18.78000000 1.79674462 0.91586301
18.79000000 1.80998228 0.91385339
18.80000000 1.82333207 0.91186030
18.81000000 1.83679490 0.90988376
18.82000000 1.85037171 0.90792377
18.83000000 1.86406342 0.90598037
18.84000000 1.87787098 0.90405355
18.85000000 1.89179533 0.90214334
18.86000000 1.90583743 0.90024975
18.87000000 1.91999824 0.89837280
18.88000000 1.93427872 0.89651252
18.89000000 1.94867985 0.89466892
18.90000000 1.96320262 0.89284202
18.91000000 1.97784800 0.89103185
18.92000000 1.99261700 0.88923843
18.93000000 2.00751062 0.88746177
18.94000000 2.02252986 0.88570192
18.95000000 2.03767575 0.88395888
18.96000000 2.05294930 0.88223270
18.97000000 2.06835154 0.88052339
18.98000000 2.08388352 0.87883099
18.99000000 2.09954628 0.87715552
19.00000000 2.11534086 0.87549701
19.01000000 2.13126834 0.87385550
19.02000000 2.14732976 0.87223102
19.03000000 2.16352621 0.87062360
19.04000000 2.17985876 0.86903327
19.05000000 2.19632851 0.86746008
19.06000000 2.21293654 0.86590406
19.07000000 2.22968395 0.86436524
19.08000000 2.24657186 0.86284367
19.09000000 2.26360138 0.86133939
19.10000000 2.28077364 0.85985243
19.11000000 2.29808975 0.85838284
19.12000000 2.31555087 0.85693067
19.13000000 2.33315812 0.85549594
19.14000000 2.35091267 0.85407873
19.15000000 2.36881567 0.85267906
19.16000000 2.38686829 0.85129699
19.17000000 2.40507169 0.84993257
19.18000000 2.42342707 0.84858584
19.19000000 2.44193560 0.84725687
19.20000000 2.46059848 0.84594570
19.21000000 2.47941691 0.84465239
19.22000000 2.49839209 0.84337699
19.23000000 2.51752525 0.84211957
19.24000000 2.53681760 0.84088017
19.25000000 2.55627037 0.83965886
19.26000000 2.57588480 0.83845571
19.27000000 2.59566213 0.83727077
19.28000000 2.61560361 0.83610411
19.29000000 2.63571049 0.83495579
19.30000000 2.65598404 0.83382589
19.31000000 2.67642554 0.83271447
19.32000000 2.69703625 0.83162159
19.33000000 2.71781746 0.83054734
19.34000000 2.73877045 0.82949179
19.35000000 2.75989654 0.82845501
19.36000000 2.78119701 0.82743708
19.37000000 2.80267319 0.82643807
19.38000000 2.82432638 0.82545807
19.39000000 2.84615790 0.82449716
19.40000000 2.86816910 0.82355542
19.41000000 2.89036130 0.82263294
19.42000000 2.91273585 0.82172980
19.43000000 2.93529408 0.82084609
19.44000000 2.95803737 0.81998191
19.45000000 2.98096706 0.81913734
19.46000000 3.00408453 0.81831249
19.47000000 3.02739114 0.81750744
19.48000000 3.05088828 0.81672229
19.49000000 3.07457732 0.81595715
19.50000000 3.09845966 0.81521211
19.51000000 3.12253668 0.81448729
19.52000000 3.14680980 0.81378278
19.53000000 3.17128041 0.81309870
19.54000000 3.19594993 0.81243516
19.55000000 3.22081976 0.81179226
19.56000000 3.24589134 0.81117013
19.57000000 3.27116609 0.81056888
19.58000000 3.29664543 0.80998863
19.59000000 3.32233081 0.80942951
19.60000000 3.34822365 0.80889162
19.61000000 3.37432541 0.80837511
19.62000000 3.40063753 0.80788011
19.63000000 3.42716146 0.80740673
19.64000000 3.45389866 0.80695512
19.65000000 3.48085059 0.80652542
19.66000000 3.50801870 0.80611776
19.67000000 3.53540448 0.80573228
19.68000000 3.56300938 0.80536913
19.69000000 3.59083487 0.80502845
19.70000000 3.61888244 0.80471040
19.71000000 3.64715356 0.80441512
19.72000000 3.67564971 0.80414278
19.73000000 3.70437237 0.80389353
19.74000000 3.73332303 0.80366753
19.75000000 3.76250317 0.80346494
19.76000000 3.79191428 0.80328594
19.77000000 3.82155785 0.80313070
19.78000000 3.85143537 0.80299938
19.79000000 3.88154832 0.80289216
19.80000000 3.91189821 0.80280923
19.81000000 3.94248652 0.80275077
19.82000000 3.97331474 0.80271695
19.83000000 4.00438436 0.80270799
19.84000000 4.03569688 0.80272406
19.85000000 4.06725378 0.80276536
19.86000000 4.09905655 0.80283210
19.87000000 4.13110669 0.80292448
19.88000000 4.16340566 0.80304271
19.89000000 4.19595496 0.80318700
19.90000000 4.22875607 0.80335756
19.91000000 4.26181046 0.80355462
19.92000000 4.29511961 0.80377839
19.93000000 4.32868499 0.80402912
19.94000000 4.36250806 0.80430702
19.95000000 4.39659029 0.80461233
19.96000000 4.43093313 0.80494530
19.97000000 4.46553803 0.80530617
19.98000000 4.50040644 0.80569519
19.99000000 4.53553980 0.80611260
20.00000000 4.57093955 0.80655868
20.01000000 4.60660710 0.80703369
20.02000000 4.64254388 0.80753788
20.03000000 4.67875129 0.80807153
20.04000000 4.71523074 0.80863493
20.05000000 4.75198363 0.80922835
20.06000000 4.78901132 0.80985208
20.07000000 4.82631521 0.81050641
20.08000000 4.86389664 0.81119165
20.09000000 4.90175696 0.81190809
20.10000000 4.93989752 0.81265604
20.11000000 4.97831965 0.81343582
20.12000000 5.01702464 0.81424775
20.13000000 5.05601381 0.81509215
20.14000000 5.09528844 0.81596936
20.15000000 5.13484978 0.81687971
20.16000000 5.17469911 0.81782354
20.17000000 5.21483765 0.81880122
20.18000000 5.25526662 0.81981308
20.19000000 5.29598722 0.82085951
20.20000000 5.33700063 0.82194086
20.21000000 5.37830803 0.82305750
20.22000000 5.41991053 0.82420984
20.23000000 5.46180928 0.82539824
20.24000000 5.50400536 0.82662312
20.25000000 5.54649985 0.82788487
20.26000000 5.58929379 0.82918391
20.27000000 5.63238823 0.83052065
20.28000000 5.67578415 0.83189551
20.29000000 5.71948252 0.83330895
20.30000000 5.76348430 0.83476138
20.31000000 5.80779041 0.83625327
20.32000000 5.85240171 0.83778508
20.33000000 5.89731909 0.83935726
20.34000000 5.94254334 0.84097029
20.35000000 5.98807528 0.84262467
20.36000000 6.03391565 0.84432086
20.37000000 6.08006517 0.84605939
20.38000000 6.12652453 0.84784075
20.39000000 6.17329438 0.84966547
20.40000000 6.22037532 0.85153408
20.41000000 6.26776793 0.85344710
20.42000000 6.31547272 0.85540510
20.43000000 6.36349018 0.85740862
20.44000000 6.41182075 0.85945824
20.45000000 6.46046482 0.86155454
20.46000000 6.50942274 0.86369809
20.47000000 6.55869481 0.86588951
20.48000000 6.60828126 0.86812939
20.49000000 6.65818230 0.87041837
20.50000000 6.70839808 0.87275706
20.51000000 6.75892867 0.87514613
20.52000000 6.80977411 0.87758622
20.53000000 6.86093437 0.88007799
20.54000000 6.91240937 0.88262214
20.55000000 6.96419895 0.88521934
20.56000000 7.01630291 0.88787030
20.57000000 7.06872098 0.89057575
20.58000000 7.12145280 0.89333641
20.59000000 7.17449796 0.89615302
20.60000000 7.22785599 0.89902633
20.61000000 7.28152634 0.90195713
20.62000000 7.33550835 0.90494619
20.63000000 7.38980135 0.90799431
20.64000000 7.44440453 0.91110230
20.65000000 7.49931703 0.91427100
20.66000000 7.55453791 0.91750123
20.67000000 7.61006612 0.92079387
20.68000000 7.66590056 0.92414978
20.69000000 7.72203999 0.92756985
20.70000000 7.77848313 0.93105499
20.71000000 7.83522858 0.93460611
20.72000000 7.89227483 0.93822416
20.73000000 7.94962029 0.94191009
20.74000000 8.00726327 0.94566486
20.75000000 8.06520197 0.94948948
20.76000000 8.12343447 0.95338493
20.77000000 8.18195875 0.95735226
20.78000000 8.24077269 0.96139250
20.79000000 8.29987405 0.96550671
20.80000000 8.35926044 0.96969598
20.81000000 8.41892940 0.97396140
20.82000000 8.47887830 0.97830409
20.83000000 8.53910442 0.98272519
20.84000000 8.59960488 0.98722586
20.85000000 8.66037668 0.99180728
20.86000000 8.72141670 0.99647066
20.87000000 8.78272165 1.00121720
20.88000000 8.84428811 1.00604816
20.89000000 8.90611254 1.01096480
20.90000000 8.96819120 1.01596841
20.91000000 9.03052024 1.02106029
20.92000000 9.09309563 1.02624178
20.93000000 9.15591320 1.03151424
20.94000000 9.21896861 1.03687904
20.95000000 9.28225734 1.04233759
20.96000000 9.34577471 1.04789131
20.97000000 9.40951589 1.05354166
20.98000000 9.47347582 1.05929011
20.99000000 9.53764931 1.06513816
21.00000000 9.60203096 1.07108735
21.01000000 9.66661519 1.07713922
21.02000000 9.73139622 1.08329535
21.03000000 9.79636807 1.08955734
21.04000000 9.86152459 1.09592684
21.05000000 9.92685938 1.10240551
21.06000000 9.99236587 1.10899502
21.07000000 10.05803725 1.11569709
21.08000000 10.12386653 1.12251347
21.09000000 10.18984646 1.12944593
21.10000000 10.25596958 1.13649627
21.11000000 10.32222822 1.14366632
21.12000000 10.38861445 1.15095793
21.13000000 10.45512011 1.15837301
21.14000000 10.52173682 1.16591345
21.15000000 10.58845592 1.17358122
21.16000000 10.65526854 1.18137829
21.17000000 10.72216552 1.18930668
21.18000000 10.78913746 1.19736841
21.19000000 10.85617470 1.20556557
21.20000000 10.92326730 1.21390025
21.21000000 10.99040508 1.22237460
21.22000000 11.05757754 1.23099077
21.23000000 11.12477394 1.23975096
21.24000000 11.19198325 1.24865741
21.25000000 11.25919413 1.25771237
21.26000000 11.32639498 1.26691813
21.27000000 11.39357388 1.27627703
21.28000000 11.46071863 1.28579142
21.29000000 11.52781672 1.29546369
21.30000000 11.59485533 1.30529626
21.31000000 11.66182134 1.31529159
21.32000000 11.72870130 1.32545215
21.33000000 11.79548147 1.33578048
21.34000000 11.86214776 1.34627911
21.35000000 11.92868577 1.35695063
21.36000000 11.99508078 1.36779766
21.37000000 12.06131773 1.37882283
21.38000000 12.12738122 1.39002881
21.39000000 12.19325554 1.40141832
21.40000000 12.25892462 1.41299409
21.41000000 12.32437205 1.42475887
21.42000000 12.38958110 1.43671547
21.43000000 12.45453466 1.44886670
21.44000000 12.51921531 1.46121541
21.45000000 12.58360525 1.47376448
21.46000000 12.64768636 1.48651681
21.47000000 12.71144014 1.49947532
21.48000000 12.77484778 1.51264297
21.49000000 12.83789007 1.52602274
21.50000000 12.90054749 1.53961762
21.51000000 12.96280015 1.55343063
21.52000000 13.02462780 1.56746481
21.53000000 13.08600987 1.58172322
21.54000000 13.14692542 1.59620894
21.55000000 13.20735316 1.61092507
21.56000000 13.26727147 1.62587469
21.57000000 13.32665839 1.64106095
21.58000000 13.38549160 1.65648697
21.59000000 13.44374846 1.67215589
21.60000000 13.50140600 1.68807086
21.61000000 13.55844093 1.70423504
21.62000000 13.61482962 1.72065157
21.63000000 13.67054813 1.73732363
21.64000000 13.72557221 1.75425437
21.65000000 13.77987732 1.77144694
21.66000000 13.83343861 1.78890448
21.67000000 13.88623094 1.80663015
21.68000000 13.93822891 1.82462705
21.69000000 13.98940682 1.84289830
21.70000000 14.03973874 1.86144700
21.71000000 14.08919846 1.88027620
21.72000000 14.13775958 1.89938897
21.73000000 14.18539542 1.91878830
21.74000000 14.23207912 1.93847719
21.75000000 14.27778362 1.95845858
21.76000000 14.32248166 1.97873538
21.77000000 14.36614584 1.99931045
21.78000000 14.40874858 2.02018660
21.79000000 14.45026217 2.04136659
21.80000000 14.49065879 2.06285312
21.81000000 14.52991053 2.08464883
21.82000000 14.56798939 2.10675629
21.83000000 14.60486732 2.12917801
21.84000000 14.64051621 2.15191639
21.85000000 14.67490797 2.17497377
21.86000000 14.70801450 2.19835241
21.87000000 14.73980775 2.22205445
21.88000000 14.77025971 2.24608195
21.89000000 14.79934247 2.27043686
21.90000000 14.82702822 2.29512100
21.91000000 14.85328930 2.32013609
21.92000000 14.87809823 2.34548372
21.93000000 14.90142770 2.37116536
21.94000000 14.92325067 2.39718231
21.95000000 14.94354031 2.42353577
21.96000000 14.96227013 2.45022675
21.97000000 14.97941395 2.47725613
21.98000000 14.99494594 2.50462460
21.99000000 15.00884067 2.53233270
22.00000000 15.02107315 2.56038078
22.01000000 15.03161885 2.58876901
22.02000000 15.04045373 2.61749737
22.03000000 15.04755431 2.64656562
22.04000000 15.05289767 2.67597334
22.05000000 15.05646151 2.70571989
22.06000000 15.05822418 2.73580439
22.07000000 15.05816473 2.76622576
22.08000000 15.05626292 2.79698267
22.09000000 15.05249930 2.82807355
22.10000000 15.04685523 2.85949658
22.11000000 15.03931288 2.89124971
22.12000000 15.02985535 2.92333058
22.13000000 15.01846664 2.95573662
22.14000000 15.00513171 2.98846495
22.15000000 14.98983655 3.02151243
22.16000000 14.97256814 3.05487562
22.17000000 14.95331459 3.08855080
22.18000000 14.93206508 3.12253397
22.19000000 14.90880995 3.15682080
22.20000000 14.88354074 3.19140669
22.21000000 14.85625019 3.22628672
22.22000000 14.82693227 3.26145565
22.23000000 14.79558228 3.29690794
22.24000000 14.76219678 3.33263772
22.25000000 14.72677371 3.36863883
22.26000000 14.68931235 3.40490476
22.27000000 14.64981337 3.44142868
22.28000000 14.60827887 3.47820347
22.29000000 14.56471239 3.51522165
22.30000000 14.51911891 3.55247543
22.31000000 14.47150490 3.58995671
22.32000000 14.42187831 3.62765707
22.33000000 14.37024860 3.66556775
22.34000000 14.31662673 3.70367969
22.35000000 14.26102521 3.74198353
22.36000000 14.20345805 3.78046959
22.37000000 14.14394080 3.81912788
22.38000000 14.08249054 3.85794813
22.39000000 14.01912590 3.89691976
22.40000000 13.95386701 3.93603192
22.41000000 13.88673552 3.97527348
22.42000000 13.81775459 4.01463303
22.43000000 13.74694887 4.05409892
22.44000000 13.67434449 4.09365921
22.45000000 13.59996903 4.13330176
22.46000000 13.52385151 4.17301418
22.47000000 13.44602235 4.21278386
22.48000000 13.36651334 4.25259798
22.49000000 13.28535765 4.29244352
22.50000000 13.20258974 4.33230729
22.51000000 13.11824534 4.37217593
22.52000000 13.03236145 4.41203591
22.53000000 12.94497624 4.45187356
22.54000000 12.85612905 4.49167510
22.55000000 12.76586030 4.53142662
22.56000000 12.67421150 4.57111412
22.57000000 12.58122515 4.61072354
22.58000000 12.48694468 4.65024071
22.59000000 12.39141447 4.68965147
22.60000000 12.29467968 4.72894159
22.61000000 12.19678629 4.76809684
22.62000000 12.09778099 4.80710299
22.63000000 11.99771112 4.84594584
22.64000000 11.89662464 4.88461123
22.65000000 11.79457002 4.92308503
22.66000000 11.69159620 4.96135322
22.67000000 11.58775254 4.99940185
22.68000000 11.48308872 5.03721708
22.69000000 11.37765469 5.07478519
22.70000000 11.27150064 5.11209261
22.71000000 11.16467685 5.14912591
22.72000000 11.05723371 5.18587187
22.73000000 10.94922161 5.22231741
22.74000000 10.84069086 5.25844970
22.75000000 10.73169170 5.29425610
22.76000000 10.62227413 5.32972421
22.77000000 10.51248794 5.36484188
22.78000000 10.40238261 5.39959723
22.79000000 10.29200725 5.43397863
22.80000000 10.18141054 5.46797477
22.81000000 10.07064070 5.50157460
22.82000000 9.95974539 5.53476741
22.83000000 9.84877170 5.56754279
22.84000000 9.73776607 5.59989068
22.85000000 9.62677428 5.63180133
22.86000000 9.51584135 5.66326536
22.87000000 9.40501153 5.69427373
22.88000000 9.29432826 5.72481776
22.89000000 9.18383411 5.75488915
22.90000000 9.07357077 5.78447996
22.91000000 8.96357899 5.81358263
22.92000000 8.85389855 5.84218998
22.93000000 8.74456826 5.87029522
22.94000000 8.63562590 5.89789194
22.95000000 8.52710820 5.92497412
22.96000000 8.41905083 5.95153613
22.97000000 8.31148838 5.97757272
22.98000000 8.20445434 6.00307905
22.99000000 8.09798107 6.02805064
23.00000000 7.99209983 6.05248343
23.01000000 7.88684070 6.07637371
23.02000000 7.78223265 6.09971818
23.03000000 7.67830349 6.12251390
23.04000000 7.57507986 6.14475832
23.05000000 7.47258727 6.16644924
23.06000000 7.37085006 6.18758483
23.07000000 7.26989143 6.20816365
23.08000000 7.16973343 6.22818456
23.09000000 7.07039697 6.24764682
23.10000000 6.97190182 6.26654999
23.11000000 6.87426667 6.28489399
23.12000000 6.77750906 6.30267905
23.13000000 6.68164546 6.31990572
23.14000000 6.58669126 6.33657488
23.15000000 6.49266077 6.35268769
23.16000000 6.39956728 6.36824560
23.17000000 6.30742304 6.38325038
23.18000000 6.21623929 6.39770404
23.19000000 6.12602628 6.41160888
23.20000000 6.03679333 6.42496743
23.21000000 5.94854876 6.43778251
23.22000000 5.86130002 6.45005715
23.23000000 5.77505363 6.46179462
23.24000000 5.68981526 6.47299841
23.25000000 5.60558971 6.48367223
23.26000000 5.52238098 6.49381998
23.27000000 5.44019224 6.50344577
23.28000000 5.35902592 6.51255387
23.29000000 5.27888368 6.52114874
23.30000000 5.19976647 6.52923502
23.31000000 5.12167454 6.53681748
23.32000000 5.04460745 6.54390105
23.33000000 4.96856414 6.55049080
23.34000000 4.89354293 6.55659194
23.35000000 4.81954152 6.56220979
23.36000000 4.74655706 6.56734978
23.37000000 4.67458615 6.57201746
23.38000000 4.60362487 6.57621846
23.39000000 4.53366880 6.57995852
23.40000000 4.46471305 6.58324345
23.41000000 4.39675229 6.58607913
23.42000000 4.32978074 6.58847153
23.43000000 4.26379225 6.59042665
23.44000000 4.19878025 6.59195056
23.45000000 4.13473784 6.59304939
23.46000000 4.07165776 6.59372929
23.47000000 4.00953246 6.59399645
23.48000000 3.94835407 6.59385708
23.49000000 3.88811443 6.59331744
23.50000000 3.82880516 6.59238378
23.51000000 3.77041760 6.59106237
23.52000000 3.71294290 6.58935948
23.53000000 3.65637197 6.58728141
23.54000000 3.60069555 6.58483443
23.55000000 3.54590423 6.58202479
23.56000000 3.49198839 6.57885877
23.57000000 3.43893832 6.57534260
23.58000000 3.38674415 6.57148249
23.59000000 3.33539591 6.56728466
23.60000000 3.28488353 6.56275526
23.61000000 3.23519685 6.55790043
23.62000000 3.18632565 6.55272628
23.63000000 3.13825962 6.54723888
23.64000000 3.09098842 6.54144424
23.65000000 3.04450167 6.53534837
23.66000000 2.99878895 6.52895719
23.67000000 2.95383983 6.52227659
23.68000000 2.90964386 6.51531243
23.69000000 2.86619060 6.50807049
23.70000000 2.82346961 6.50055651
23.71000000 2.78147047 6.49277617
23.72000000 2.74018278 6.48473510
23.73000000 2.69959617 6.47643886
23.74000000 2.65970030 6.46789295
23.75000000 2.62048490 6.45910283
23.76000000 2.58193971 6.45007388
23.77000000 2.54405457 6.44081141
23.78000000 2.50681935 6.43132068
23.79000000 2.47022398 6.42160688
23.80000000 2.43425850 6.41167513
23.81000000 2.39891298 6.40153050
23.82000000 2.36417760 6.39117797
23.83000000 2.33004262 6.38062247
23.84000000 2.29649836 6.36986884
23.85000000 2.26353526 6.35892189
23.86000000 2.23114384 6.34778632
23.87000000 2.19931472 6.33646678
23.88000000 2.16803861 6.32496787
23.89000000 2.13730633 6.31329408
23.90000000 2.10710879 6.30144987
23.91000000 2.07743702 6.28943961
23.92000000 2.04828215 6.27726761
23.93000000 2.01963540 6.26493810
23.94000000 1.99148813 6.25245526
23.95000000 1.96383179 6.23982320
23.96000000 1.93665793 6.22704594
23.97000000 1.90995824 6.21412746
23.98000000 1.88372450 6.20107166
23.99000000 1.85794861 6.18788237
24.00000000 1.83262259 6.17456338
24.01000000 1.80773855 6.16111838
24.02000000 1.78328874 6.14755102
24.03000000 1.75926550 6.13386487
24.04000000 1.73566131 6.12006345
24.05000000 1.71246874 6.10615022
24.06000000 1.68968048 6.09212856
24.07000000 1.66728932 6.07800179
24.08000000 1.64528820 6.06377320
24.09000000 1.62367012 6.04944597
24.10000000 1.60242823 6.03502328
24.11000000 1.58155578 6.02050819
24.12000000 1.56104611 6.00590375
24.13000000 1.54089269 5.99121293
24.14000000 1.52108909 5.97643864
24.15000000 1.50162899 5.96158376
24.16000000 1.48250618 5.94665107
24.17000000 1.46371453 5.93164335
24.18000000 1.44524805 5.91656328
24.19000000 1.42710083 5.90141352
24.20000000 1.40926706 5.88619666
24.21000000 1.39174103 5.87091523
24.22000000 1.37451716 5.85557174
24.23000000 1.35758992 5.84016863
24.24000000 1.34095392 5.82470829
24.25000000 1.32460383 5.80919307
24.26000000 1.30853444 5.79362526
24.27000000 1.29274063 5.77800713
24.28000000 1.27721736 5.76234086
24.29000000 1.26195968 5.74662864
24.30000000 1.24696276 5.73087256
24.31000000 1.23222181 5.71507471
24.32000000 1.21773218 5.69923711
24.33000000 1.20348925 5.68336176
24.34000000 1.18948853 5.66745059
24.35000000 1.17572560 5.65150552
24.36000000 1.16219610 5.63552840
24.37000000 1.14889579 5.61952107
24.38000000 1.13582048 5.60348531
24.39000000 1.12296606 5.58742287
24.40000000 1.11032851 5.57133546
24.41000000 1.09790388 5.55522476
24.42000000 1.08568829 5.53909241
24.43000000 1.07367795 5.52294001
24.44000000 1.06186911 5.50676913
24.45000000 1.05025811 5.49058130
24.46000000 1.03884138 5.47437803
24.47000000 1.02761538 5.45816078
24.48000000 1.01657666 5.44193099
24.49000000 1.00572183 5.42569007
24.50000000 0.99504756 5.40943940
24.51000000 0.98455060 5.39318030
24.52000000 0.97422775 5.37691410
24.53000000 0.96407586 5.36064209
24.54000000 0.95409188 5.34436551
24.55000000 0.94427276 5.32808560
24.56000000 0.93461557 5.31180355
24.57000000 0.92511739 5.29552055
24.58000000 0.91577539 5.27923772
24.59000000 0.90658676 5.26295621
24.60000000 0.89754878 5.24667709
24.61000000 0.88865876 5.23040144
24.62000000 0.87991407 5.21413031
24.63000000 0.87131213 5.19786471
24.64000000 0.86285040 5.18160564
24.65000000 0.85452641 5.16535408
24.66000000 0.84633773 5.14911099
24.67000000 0.83828196 5.13287728
24.68000000 0.83035677 5.11665386
24.69000000 0.82255987 5.10044163
24.70000000 0.81488900 5.08424145
24.71000000 0.80734196 5.06805416
24.72000000 0.79991658 5.05188060
24.73000000 0.79261076 5.03572155
24.74000000 0.78542240 5.01957782
24.75000000 0.77834947 5.00345016
24.76000000 0.77138996 4.98733933
24.77000000 0.76454193 4.97124605
24.78000000 0.75780344 4.95517105
24.79000000 0.75117262 4.93911500
24.80000000 0.74464761 4.92307860
24.81000000 0.73822660 4.90706251
24.82000000 0.73190781 4.89106737
24.83000000 0.72568951 4.87509380
24.84000000 0.71956998 4.85914243
24.85000000 0.71354755 4.84321384
24.86000000 0.70762058 4.82730863
24.87000000 0.70178745 4.81142737
24.88000000 0.69604659 4.79557060
24.89000000 0.69039644 4.77973886
24.90000000 0.68483549 4.76393269
24.91000000 0.67936225 4.74815259
24.92000000 0.67397525 4.73239906
24.93000000 0.66867307 4.71667260
24.94000000 0.66345430 4.70097366
24.95000000 0.65831756 4.68530272
24.96000000 0.65326151 4.66966022
24.97000000 0.64828480 4.65404660
24.98000000 0.64338616 4.63846228
24.99000000 0.63856430 4.62290768
25.00000000 0.63381797 4.60738320
25.01000000 0.62914595 4.59188923
25.02000000 0.62454704 4.57642615
25.03000000 0.62002005 4.56099433
25.04000000 0.61556383 4.54559413
25.05000000 0.61117725 4.53022590
25.06000000 0.60685920 4.51488998
25.07000000 0.60260858 4.49958669
25.08000000 0.59842432 4.48431637
25.09000000 0.59430537 4.46907931
25.10000000 0.59025071 4.45387583
25.11000000 0.58625933 4.43870621
25.12000000 0.58233023 4.42357074
25.13000000 0.57846244 4.40846969
25.14000000 0.57465501 4.39340333
25.15000000 0.57090701 4.37837193
25.16000000 0.56721752 4.36337573
25.17000000 0.56358564 4.34841497
25.18000000 0.56001048 4.33348989
25.19000000 0.55649118 4.31860073
25.20000000 0.55302690 4.30374769
25.21000000 0.54961679 4.28893099
25.22000000 0.54626005 4.27415084
25.23000000 0.54295587 4.25940744
25.24000000 0.53970346 4.24470099
25.25000000 0.53650205 4.23003166
25.26000000 0.53335089 4.21539963
25.27000000 0.53024923 4.20080509
25.28000000 0.52719634 4.18624820
25.29000000 0.52419151 4.17172911
25.30000000 0.52123404 4.15724798
25.31000000 0.51832324 4.14280497
25.32000000 0.51545843 4.12840021
25.33000000 0.51263896 4.11403385
25.34000000 0.50986416 4.09970602
25.35000000 0.50713341 4.08541683
25.36000000 0.50444608 4.07116642
25.37000000 0.50180155 4.05695491
25.38000000 0.49919923 4.04278239
25.39000000 0.49663851 4.02864899
25.40000000 0.49411882 4.01455480
25.41000000 0.49163960 4.00049992
25.42000000 0.48920028 3.98648444
25.43000000 0.48680031 3.97250845
25.44000000 0.48443916 3.95857203
25.45000000 0.48211630 3.94467527
25.46000000 0.47983121 3.93081824
25.47000000 0.47758338 3.91700101
25.48000000 0.47537232 3.90322364
25.49000000 0.47319754 3.88948621
25.50000000 0.47105855 3.87578876
25.51000000 0.46895488 3.86213136
25.52000000 0.46688608 3.84851406
25.53000000 0.46485169 3.83493690
25.54000000 0.46285126 3.82139993
25.55000000 0.46088435 3.80790319
25.56000000 0.45895055 3.79444673
25.57000000 0.45704942 3.78103056
25.58000000 0.45518055 3.76765473
25.59000000 0.45334355 3.75431926
25.60000000 0.45153801 3.74102417
25.61000000 0.44976354 3.72776950
25.62000000 0.44801976 3.71455525
25.63000000 0.44630630 3.70138145
25.64000000 0.44462278 3.68824810
25.65000000 0.44296885 3.67515523
25.66000000 0.44134414 3.66210282
25.67000000 0.43974832 3.64909090
25.68000000 0.43818104 3.63611946
25.69000000 0.43664197 3.62318850
25.70000000 0.43513077 3.61029802
25.71000000 0.43364712 3.59744802
25.72000000 0.43219072 3.58463848
25.73000000 0.43076124 3.57186940
25.74000000 0.42935838 3.55914077
25.75000000 0.42798185 3.54645256
25.76000000 0.42663134 3.53380478
25.77000000 0.42530659 3.52119738
25.78000000 0.42400729 3.50863037
25.79000000 0.42273318 3.49610370
25.80000000 0.42148398 3.48361737
25.81000000 0.42025942 3.47117133
25.82000000 0.41905926 3.45876557
25.83000000 0.41788322 3.44640005
25.84000000 0.41673106 3.43407475
25.85000000 0.41560254 3.42178961
25.86000000 0.41449740 3.40954462
25.87000000 0.41341542 3.39733974
25.88000000 0.41235637 3.38517492
25.89000000 0.41132000 3.37305012
25.90000000 0.41030611 3.36096531
25.91000000 0.40931447 3.34892044
25.92000000 0.40834486 3.33691545
25.93000000 0.40739709 3.32495032
25.94000000 0.40647093 3.31302499
25.95000000 0.40556619 3.30113940
25.96000000 0.40468268 3.28929351
25.97000000 0.40382019 3.27748727
25.98000000 0.40297853 3.26572063
25.99000000 0.40215753 3.25399352
26.00000000 0.40135700 3.24230590
26.01000000 0.40057675 3.23065770
26.02000000 0.39981662 3.21904887
26.03000000 0.39907642 3.20747935
26.04000000 0.39835601 3.19594907
26.05000000 0.39765520 3.18445799
26.06000000 0.39697384 3.17300602
26.07000000 0.39631177 3.16159312
26.08000000 0.39566883 3.15021921
26.09000000 0.39504488 3.13888423
26.10000000 0.39443977 3.12758811
26.11000000 0.39385335 3.11633079
26.12000000 0.39328548 3.10511220
26.13000000 0.39273602 3.09393226
26.14000000 0.39220484 3.08279091
26.15000000 0.39169180 3.07168808
26.16000000 0.39119677 3.06062369
26.17000000 0.39071964 3.04959768
26.18000000 0.39026026 3.03860996
26.19000000 0.38981853 3.02766047
26.20000000 0.38939433 3.01674913
26.21000000 0.38898753 3.00587586
26.22000000 0.38859803 2.99504059
26.23000000 0.38822572 2.98424325
26.24000000 0.38787048 2.97348374
26.25000000 0.38753222 2.96276200
26.26000000 0.38721083 2.95207795
26.27000000 0.38690621 2.94143151
26.28000000 0.38661827 2.93082259
26.29000000 0.38634691 2.92025112
26.30000000 0.38609203 2.90971701
26.31000000 0.38585355 2.89922019
26.32000000 0.38563139 2.88876057
26.33000000 0.38542544 2.87833807
26.34000000 0.38523564 2.86795261
26.35000000 0.38506190 2.85760410
26.36000000 0.38490414 2.84729246
26.37000000 0.38476229 2.83701760
26.38000000 0.38463627 2.82677944
26.39000000 0.38452601 2.81657790
26.40000000 0.38443144 2.80641289
26.41000000 0.38435249 2.79628432
26.42000000 0.38428910 2.78619210
26.43000000 0.38424120 2.77613616
26.44000000 0.38420874 2.76611639
26.45000000 0.38419165 2.75613273
26.46000000 0.38418987 2.74618507
26.47000000 0.38420335 2.73627333
26.48000000 0.38423204 2.72639742
26.49000000 0.38427589 2.71655726
26.50000000 0.38433484 2.70675275
26.51000000 0.38440884 2.69698381
26.52000000 0.38449786 2.68725034
26.53000000 0.38460185 2.67755226
26.54000000 0.38472076 2.66788948
26.55000000 0.38485455 2.65826190
26.56000000 0.38500319 2.64866944
26.57000000 0.38516664 2.63911201
26.58000000 0.38534486 2.62958951
26.59000000 0.38553782 2.62010186
26.60000000 0.38574550 2.61064896
26.61000000 0.38596785 2.60123073
26.62000000 0.38620485 2.59184707
26.63000000 0.38645647 2.58249789
26.64000000 0.38672270 2.57318310
26.65000000 0.38700350 2.56390261
26.66000000 0.38729885 2.55465633
26.67000000 0.38760874 2.54544416
26.68000000 0.38793315 2.53626601
26.69000000 0.38827205 2.52712180
26.70000000 0.38862544 2.51801143
26.71000000 0.38899330 2.50893481
26.72000000 0.38937562 2.49989184
26.73000000 0.38977239 2.49088244
26.74000000 0.39018359 2.48190650
26.75000000 0.39060923 2.47296395
26.76000000 0.39104930 2.46405469
26.77000000 0.39150378 2.45517862
26.78000000 0.39197268 2.44633565
26.79000000 0.39245600 2.43752569
26.80000000 0.39295374 2.42874866
26.81000000 0.39346590 2.42000445
26.82000000 0.39399248 2.41129297
26.83000000 0.39453349 2.40261413
26.84000000 0.39508893 2.39396785
26.85000000 0.39565880 2.38535402
26.86000000 0.39624313 2.37677256
26.87000000 0.39684192 2.36822337
26.88000000 0.39745518 2.35970636
26.89000000 0.39808292 2.35122144
26.90000000 0.39872516 2.34276852
26.91000000 0.39938191 2.33434751
26.92000000 0.40005320 2.32595830
26.93000000 0.40073903 2.31760082
26.94000000 0.40143944 2.30927497
26.95000000 0.40215443 2.30098066
26.96000000 0.40288404 2.29271780
26.97000000 0.40362830 2.28448629
26.98000000 0.40438721 2.27628604
26.99000000 0.40516082 2.26811697
27.00000000 0.40594914 2.25997898
27.01000000 0.40675221 2.25187198
27.02000000 0.40757007 2.24379588
27.03000000 0.40840273 2.23575059
27.04000000 0.40925025 2.22773602
27.05000000 0.41011264 2.21975208
27.06000000 0.41098995 2.21179867
27.07000000 0.41188222 2.20387571
27.08000000 0.41278947 2.19598311
27.09000000 0.41371177 2.18812077
27.10000000 0.41464914 2.18028862
27.11000000 0.41560162 2.17248654
27.12000000 0.41656928 2.16471447
27.13000000 0.41755214 2.15697231
27.14000000 0.41855025 2.14925996
27.15000000 0.41956367 2.14157734
27.16000000 0.42059244 2.13392437
27.17000000 0.42163662 2.12630094
27.18000000 0.42269626 2.11870698
27.19000000 0.42377140 2.11114240
27.20000000 0.42486211 2.10360710
27.21000000 0.42596844 2.09610100
27.22000000 0.42709045 2.08862401
27.23000000 0.42822820 2.08117604
27.24000000 0.42938175 2.07375701
27.25000000 0.43055115 2.06636682
27.26000000 0.43173648 2.05900540
27.27000000 0.43293780 2.05167264
27.28000000 0.43415516 2.04436848
27.29000000 0.43538865 2.03709281
27.30000000 0.43663832 2.02984556
27.31000000 0.43790425 2.02262664
27.32000000 0.43918650 2.01543595
27.33000000 0.44048516 2.00827342
27.34000000 0.44180028 2.00113897
27.35000000 0.44313196 1.99403249
27.36000000 0.44448026 1.98695392
27.37000000 0.44584526 1.97990316
27.38000000 0.44722703 1.97288012
27.39000000 0.44862567 1.96588474
27.40000000 0.45004126 1.95891691
27.41000000 0.45147386 1.95197656
27.42000000 0.45292358 1.94506360
27.43000000 0.45439049 1.93817796
27.44000000 0.45587468 1.93131953
27.45000000 0.45737624 1.92448825
27.46000000 0.45889527 1.91768403
27.47000000 0.46043184 1.91090678
27.48000000 0.46198606 1.90415643
27.49000000 0.46355802 1.89743289
27.50000000 0.46514781 1.89073608
27.51000000 0.46675553 1.88406592
27.52000000 0.46838128 1.87742232
27.53000000 0.47002515 1.87080521
27.54000000 0.47168726 1.86421451
27.55000000 0.47336770 1.85765012
27.56000000 0.47506657 1.85111198
27.57000000 0.47678399 1.84460000
27.58000000 0.47852005 1.83811411
27.59000000 0.48027487 1.83165421
27.60000000 0.48204855 1.82522024
27.61000000 0.48384121 1.81881211
27.62000000 0.48565297 1.81242975
27.63000000 0.48748392 1.80607307
27.64000000 0.48933420 1.79974200
27.65000000 0.49120391 1.79343646
27.66000000 0.49309318 1.78715637
27.67000000 0.49500213 1.78090165
27.68000000 0.49693087 1.77467223
27.69000000 0.49887953 1.76846803
27.70000000 0.50084824 1.76228897
27.71000000 0.50283712 1.75613497
27.72000000 0.50484630 1.75000596
27.73000000 0.50687591 1.74390187
27.74000000 0.50892608 1.73782261
27.75000000 0.51099694 1.73176811
27.76000000 0.51308863 1.72573829
27.77000000 0.51520128 1.71973309
27.78000000 0.51733504 1.71375242
27.79000000 0.51949003 1.70779621
27.80000000 0.52166640 1.70186439
27.81000000 0.52386429 1.69595688
27.82000000 0.52608385 1.69007361
27.83000000 0.52832522 1.68421451
27.84000000 0.53058855 1.67837950
27.85000000 0.53287399 1.67256851
27.86000000 0.53518168 1.66678146
27.87000000 0.53751179 1.66101829
27.88000000 0.53986446 1.65527893
27.89000000 0.54223985 1.64956329
27.90000000 0.54463812 1.64387132
27.91000000 0.54705942 1.63820293
27.92000000 0.54950392 1.63255806
27.93000000 0.55197179 1.62693663
27.94000000 0.55446317 1.62133859
27.95000000 0.55697825 1.61576385
27.96000000 0.55951719 1.61021234
27.97000000 0.56208015 1.60468401
27.98000000 0.56466732 1.59917877
27.99000000 0.56727886 1.59369656
28.00000000 0.56991495 1.58823732
28.01000000 0.57257577 1.58280096
28.02000000 0.57526149 1.57738743
28.03000000 0.57797230 1.57199666
28.04000000 0.58070838 1.56662858
28.05000000 0.58346991 1.56128312
28.06000000 0.58625709 1.55596021
28.07000000 0.58907009 1.55065980
28.08000000 0.59190911 1.54538181
28.09000000 0.59477435 1.54012617
28.10000000 0.59766599 1.53489283
28.11000000 0.60058424 1.52968172
28.12000000 0.60352929 1.52449276
28.13000000 0.60650134 1.51932591
28.14000000 0.60950060 1.51418108
28.15000000 0.61252727 1.50905822
28.16000000 0.61558156 1.50395727
28.17000000 0.61866367 1.49887816
28.18000000 0.62177382 1.49382083
28.19000000 0.62491222 1.48878521
28.20000000 0.62807908 1.48377125
28.21000000 0.63127462 1.47877887
28.22000000 0.63449907 1.47380803
28.23000000 0.63775264 1.46885865
28.24000000 0.64103555 1.46393067
28.25000000 0.64434804 1.45902404
28.26000000 0.64769033 1.45413870
28.27000000 0.65106265 1.44927458
28.28000000 0.65446524 1.44443162
28.29000000 0.65789833 1.43960977
28.30000000 0.66136215 1.43480896
28.31000000 0.66485695 1.43002913
28.32000000 0.66838296 1.42527023
28.33000000 0.67194044 1.42053220
28.34000000 0.67552963 1.41581498
28.35000000 0.67915078 1.41111851
28.36000000 0.68280414 1.40644274
28.37000000 0.68648996 1.40178760
28.38000000 0.69020850 1.39715305
28.39000000 0.69396001 1.39253901
28.40000000 0.69774477 1.38794545
28.41000000 0.70156303 1.38337229
28.42000000 0.70541507 1.37881950
28.43000000 0.70930114 1.37428700
28.44000000 0.71322151 1.36977475
28.45000000 0.71717648 1.36528269
28.46000000 0.72116630 1.36081077
28.47000000 0.72519126 1.35635893
28.48000000 0.72925165 1.35192712
28.49000000 0.73334773 1.34751528
28.50000000 0.73747981 1.34312337
28.51000000 0.74164818 1.33875133
28.52000000 0.74585311 1.33439911
28.53000000 0.75009492 1.33006665
28.54000000 0.75437389 1.32575391
28.55000000 0.75869033 1.32146083
28.56000000 0.76304454 1.31718737
28.57000000 0.76743683 1.31293346
28.58000000 0.77186751 1.30869907
28.59000000 0.77633688 1.30448414
28.60000000 0.78084527 1.30028862
28.61000000 0.78539299 1.29611246
28.62000000 0.78998036 1.29195562
28.63000000 0.79460771 1.28781804
28.64000000 0.79927536 1.28369968
28.65000000 0.80398364 1.27960048
28.66000000 0.80873289 1.27552041
28.67000000 0.81352344 1.27145942
28.68000000 0.81835562 1.26741745
28.69000000 0.82322979 1.26339446
28.70000000 0.82814628 1.25939040
28.71000000 0.83310545 1.25540524
28.72000000 0.83810764 1.25143892
28.73000000 0.84315321 1.24749139
28.74000000 0.84824252 1.24356262
28.75000000 0.85337593 1.23965256
28.76000000 0.85855379 1.23576117
28.77000000 0.86377649 1.23188839
28.78000000 0.86904439 1.22803420
28.79000000 0.87435787 1.22419854
28.80000000 0.87971729 1.22038137
28.81000000 0.88512305 1.21658265
28.82000000 0.89057552 1.21280235
28.83000000 0.89607510 1.20904041
28.84000000 0.90162218 1.20529679
28.85000000 0.90721714 1.20157146
28.86000000 0.91286040 1.19786438
28.87000000 0.91855234 1.19417550
28.88000000 0.92429338 1.19050479
28.89000000 0.93008393 1.18685220
28.90000000 0.93592439 1.18321770
28.91000000 0.94181519 1.17960125
28.92000000 0.94775674 1.17600281
28.93000000 0.95374946 1.17242234
28.94000000 0.95979379 1.16885981
28.95000000 0.96589015 1.16531518
28.96000000 0.97203899 1.16178841
28.97000000 0.97824073 1.15827947
28.98000000 0.98449582 1.15478832
28.99000000 0.99080471 1.15131492
29.00000000 0.99716785 1.14785924
29.01000000 1.00358569 1.14442125
29.02000000 1.01005869 1.14100091
29.03000000 1.01658731 1.13759819
29.04000000 1.02317202 1.13421305
29.05000000 1.02981329 1.13084546
29.06000000 1.03651160 1.12749540
29.07000000 1.04326741 1.12416281
29.08000000 1.05008122 1.12084769
29.09000000 1.05695351 1.11754998
29.10000000 1.06388478 1.11426967
29.11000000 1.07087551 1.11100673
29.12000000 1.07792621 1.10776111
29.13000000 1.08503738 1.10453280
29.14000000 1.09220952 1.10132176
29.15000000 1.09944316 1.09812796
29.16000000 1.10673881 1.09495138
29.17000000 1.11409699 1.09179199
29.18000000 1.12151823 1.08864976
29.19000000 1.12900305 1.08552467
29.20000000 1.13655199 1.08241668
29.21000000 1.14416559 1.07932577
29.22000000 1.15184439 1.07625192
29.23000000 1.15958895 1.07319510
29.24000000 1.16739981 1.07015528
29.25000000 1.17527754 1.06713244
29.26000000 1.18322269 1.06412656
29.27000000 1.19123584 1.06113762
29.28000000 1.19931755 1.05816559
29.29000000 1.20746841 1.05521044
29.30000000 1.21568898 1.05227216
29.31000000 1.22397987 1.04935073
29.32000000 1.23234167 1.04644612
29.33000000 1.24077496 1.04355831
29.34000000 1.24928035 1.04068729
29.35000000 1.25785845 1.03783303
29.36000000 1.26650986 1.03499551
29.37000000 1.27523521 1.03217472
29.38000000 1.28403512 1.02937064
29.39000000 1.29291021 1.02658325
29.40000000 1.30186112 1.02381253
29.41000000 1.31088848 1.02105846
29.42000000 1.31999293 1.01832104
29.43000000 1.32917512 1.01560024
29.44000000 1.33843572 1.01289605
29.45000000 1.34777536 1.01020846
29.46000000 1.35719472 1.00753745
29.47000000 1.36669447 1.00488301
29.48000000 1.37627528 1.00224512
29.49000000 1.38593783 0.99962377
29.50000000 1.39568281 0.99701896
29.51000000 1.40551091 0.99443066
29.52000000 1.41542282 0.99185887
29.53000000 1.42541925 0.98930359
29.54000000 1.43550090 0.98676479
29.55000000 1.44566849 0.98424247
29.56000000 1.45592274 0.98173662
29.57000000 1.46626438 0.97924724
29.58000000 1.47669412 0.97677431
29.59000000 1.48721272 0.97431784
29.60000000 1.49782091 0.97187780
29.61000000 1.50851944 0.96945421
29.62000000 1.51930906 0.96704705
29.63000000 1.53019054 0.96465632
29.64000000 1.54116465 0.96228201
29.65000000 1.55223215 0.95992413
29.66000000 1.56339381 0.95758267
29.67000000 1.57465044 0.95525763
29.68000000 1.58600281 0.95294900
29.69000000 1.59745173 0.95065680
29.70000000 1.60899799 0.94838101
29.71000000 1.62064241 0.94612163
29.72000000 1.63238580 0.94387868
29.73000000 1.64422898 0.94165215
29.74000000 1.65617278 0.93944205
29.75000000 1.66821804 0.93724838
29.76000000 1.68036558 0.93507113
29.77000000 1.69261627 0.93291033
29.78000000 1.70497095 0.93076597
29.79000000 1.71743049 0.92863806
29.80000000 1.72999574 0.92652661
29.81000000 1.74266759 0.92443163
29.82000000 1.75544691 0.92235312
29.83000000 1.76833458 0.92029109
29.84000000 1.78133151 0.91824556
29.85000000 1.79443858 0.91621653
29.86000000 1.80765670 0.91420402
29.87000000 1.82098679 0.91220803
29.88000000 1.83442977 0.91022859
29.89000000 1.84798656 0.90826571
29.90000000 1.86165808 0.90631940
29.91000000 1.87544529 0.90438968
29.92000000 1.88934913 0.90247655
29.93000000 1.90337055 0.90058006
29.94000000 1.91751050 0.89870020
29.95000000 1.93176996 0.89683699
29.96000000 1.94614990 0.89499047
29.97000000 1.96065130 0.89316065
29.98000000 1.97527515 0.89134755
29.99000000 1.99002244 0.88955119
30.00000000 2.00489416 0.88777160
30.01000000 2.01989134 0.88600880
30.02000000 2.03501498 0.88426282
30.03000000 2.05026611 0.88253368
30.04000000 2.06564575 0.88082142
30.05000000 2.08115494 0.87912605
30.06000000 2.09679473 0.87744761
30.07000000 2.11256616 0.87578614
30.08000000 2.12847029 0.87414165
30.09000000 2.14450818 0.87251418
30.10000000 2.16068091 0.87090377
30.11000000 2.17698956 0.86931046
30.12000000 2.19343521 0.86773426
30.13000000 2.21001895 0.86617523
30.14000000 2.22674188 0.86463340
30.15000000 2.24360512 0.86310881
30.16000000 2.26060977 0.86160149
30.17000000 2.27775695 0.86011150
30.18000000 2.29504780 0.85863887
30.19000000 2.31248344 0.85718364
30.20000000 2.33006503 0.85574586
30.21000000 2.34779371 0.85432557
30.22000000 2.36567064 0.85292283
30.23000000 2.38369698 0.85153768
30.24000000 2.40187390 0.85017016
30.25000000 2.42020259 0.84882033
30.26000000 2.43868422 0.84748825
30.27000000 2.45731999 0.84617396
30.28000000 2.47611110 0.84487752
30.29000000 2.49505875 0.84359898
30.30000000 2.51416416 0.84233840
30.31000000 2.53342855 0.84109584
30.32000000 2.55285315 0.83987137
30.33000000 2.57243919 0.83866503
30.34000000 2.59218791 0.83747690
30.35000000 2.61210056 0.83630703
30.36000000 2.63217840 0.83515550
30.37000000 2.65242268 0.83402237
30.38000000 2.67283468 0.83290770
30.39000000 2.69341567 0.83181158
30.40000000 2.71416694 0.83073406
30.41000000 2.73508977 0.82967523
30.42000000 2.75618546 0.82863516
30.43000000 2.77745531 0.82761392
30.44000000 2.79890063 0.82661160
30.45000000 2.82052273 0.82562826
30.46000000 2.84232294 0.82466400
30.47000000 2.86430259 0.82371890
30.48000000 2.88646300 0.82279304
30.49000000 2.90880553 0.82188651
30.50000000 2.93133151 0.82099940
30.51000000 2.95404230 0.82013179
30.52000000 2.97693926 0.81928378
30.53000000 3.00002376 0.81845547
30.54000000 3.02329716 0.81764694
30.55000000 3.04676084 0.81685830
30.56000000 3.07041618 0.81608965
30.57000000 3.09426458 0.81534109
30.58000000 3.11830742 0.81461272
30.59000000 3.14254611 0.81390465
30.60000000 3.16698204 0.81321698
30.61000000 3.19161663 0.81254984
30.62000000 3.21645130 0.81190332
30.63000000 3.24148746 0.81127754
30.64000000 3.26672653 0.81067263
30.65000000 3.29216995 0.81008869
30.66000000 3.31781915 0.80952586
30.67000000 3.34367557 0.80898425
30.68000000 3.36974065 0.80846399
30.69000000 3.39601583 0.80796521
30.70000000 3.42250258 0.80748804
30.71000000 3.44920234 0.80703261
30.72000000 3.47611657 0.80659906
30.73000000 3.50324673 0.80618753
30.74000000 3.53059429 0.80579816
30.75000000 3.55816072 0.80543108
30.76000000 3.58594749 0.80508646
30.77000000 3.61395608 0.80476444
30.78000000 3.64218795 0.80446517
30.79000000 3.67064460 0.80418880
30.80000000 3.69932750 0.80393549
30.81000000 3.72823813 0.80370541
30.82000000 3.75737799 0.80349871
30.83000000 3.78674856 0.80331557
30.84000000 3.81635132 0.80315615
30.85000000 3.84618778 0.80302063
30.86000000 3.87625941 0.80290918
30.87000000 3.90656771 0.80282199
30.88000000 3.93711417 0.80275923
30.89000000 3.96790028 0.80272109
30.90000000 3.99892753 0.80270776
30.91000000 4.03019742 0.80271943
30.92000000 4.06171143 0.80275630
30.93000000 4.09347105 0.80281857
30.94000000 4.12547777 0.80290645
30.95000000 4.15773307 0.80302014
30.96000000 4.19023845 0.80315985
30.97000000 4.22299536 0.80332579
30.98000000 4.25600531 0.80351820
30.99000000 4.28926975 0.80373728
31.00000000 4.32279016 0.80398327
31.01000000 4.35656801 0.80425639
31.02000000 4.39060476 0.80455689
31.03000000 4.42490187 0.80488500
31.04000000 4.45946079 0.80524097
31.05000000 4.49428297 0.80562504
31.06000000 4.52936984 0.80603747
31.07000000 4.56472285 0.80647851
31.08000000 4.60034341 0.80694843
31.09000000 4.63623295 0.80744749
31.10000000 4.67239289 0.80797597
31.11000000 4.70882461 0.80853414
31.12000000 4.74552953 0.80912228
31.13000000 4.78250901 0.80974068
31.14000000 4.81976445 0.81038964
31.15000000 4.85729719 0.81106944
31.16000000 4.89510859 0.81178039
31.17000000 4.93320000 0.81252281
31.18000000 4.97157273 0.81329699
31.19000000 5.01022811 0.81410327
31.20000000 5.04916744 0.81494196
31.21000000 5.08839199 0.81581340
31.22000000 5.12790305 0.81671792
31.23000000 5.16770187 0.81765587
31.24000000 5.20778969 0.81862760
31.25000000 5.24816773 0.81963345
31.26000000 5.28883719 0.82067380
31.27000000 5.32979926 0.82174901
31.28000000 5.37105510 0.82285945
31.29000000 5.41260586 0.82400551
31.30000000 5.45445266 0.82518757
31.31000000 5.49659661 0.82640603
31.32000000 5.53903878 0.82766130
31.33000000 5.58178023 0.82895378
31.34000000 5.62482198 0.83028388
31.35000000 5.66816505 0.83165204
31.36000000 5.71181041 0.83305869
31.37000000 5.75575900 0.83450427
31.38000000 5.80001176 0.83598922
31.39000000 5.84456958 0.83751400
31.40000000 5.88943330 0.83907908
31.41000000 5.93460378 0.84068493
31.42000000 5.98008179 0.84233203
31.43000000 6.02586811 0.84402087
31.44000000 6.07196346 0.84575195
31.45000000 6.11836853 0.84752577
31.46000000 6.16508398 0.84934287
31.47000000 6.21211042 0.85120375
31.48000000 6.25944842 0.85310896
31.49000000 6.30709852 0.85505904
31.50000000 6.35506121 0.85705456
31.51000000 6.40333693 0.85909607
31.52000000 6.45192609 0.86118415
31.53000000 6.50082905 0.86331938
31.54000000 6.55004609 0.86550237
31.55000000 6.59957749 0.86773373
31.56000000 6.64942345 0.87001406
31.57000000 6.69958412 0.87234401
31.58000000 6.75005959 0.87472421
31.59000000 6.80084991 0.87715532
31.60000000 6.85195506 0.87963800
31.61000000 6.90337496 0.88217292
31.62000000 6.95510949 0.88476079
31.63000000 7.00715843 0.88740229
31.64000000 7.05952152 0.89009815
31.65000000 7.11219844 0.89284908
31.66000000 7.16518879 0.89565584
31.67000000 7.21849208 0.89851918
31.68000000 7.27210779 0.90143985
31.69000000 7.32603529 0.90441866
31.70000000 7.38027390 0.90745638
31.71000000 7.43482284 0.91055383
31.72000000 7.48968125 0.91371184
31.73000000 7.54484822 0.91693124
31.74000000 7.60032270 0.92021289
31.75000000 7.65610361 0.92355766
31.76000000 7.71218975 0.92696643
31.77000000 7.76857981 0.93044011
31.78000000 7.82527244 0.93397962
31.79000000 7.88226614 0.93758588
31.80000000 7.93955934 0.94125985
31.81000000 7.99715036 0.94500250
31.82000000 8.05503742 0.94881482
31.83000000 8.11321862 0.95269780
31.84000000 8.17169198 0.95665247
31.85000000 8.23045537 0.96067987
31.86000000 8.28950657 0.96478105
31.87000000 8.34884324 0.96895710
31.88000000 8.40846292 0.97320911
31.89000000 8.46836300 0.97753819
31.90000000 8.52854079 0.98194548
31.91000000 8.58899343 0.98643214
31.92000000 8.64971796 0.99099933
31.93000000 8.71071125 0.99564827
31.94000000 8.77197006 1.00038017
31.95000000 8.83349100 1.00519626
31.96000000 8.89527052 1.01009781
31.97000000 8.95730495 1.01508609
31.98000000 9.01959044 1.02016243
31.99000000 9.08212300 1.02532814
32.00000000 9.14489849 1.03058457
32.01000000 9.20791258 1.03593310
32.02000000 9.27116079 1.04137514
32.03000000 9.33463848 1.04691209
32.04000000 9.39834083 1.05254542
32.05000000 9.46226284 1.05827659
32.06000000 9.52639933 1.06410709
32.07000000 9.59074494 1.07003846
32.08000000 9.65529411 1.07607224
32.09000000 9.72004111 1.08221000
32.10000000 9.78498000 1.08845335
32.11000000 9.85010464 1.09480391
32.12000000 9.91540869 1.10126334
32.13000000 9.98088560 1.10783332
32.14000000 10.04652862 1.11451556
32.15000000 10.11233077 1.12131180
32.16000000 10.17828486 1.12822381
32.17000000 10.24438346 1.13525338
32.18000000 10.31061894 1.14240234
32.19000000 10.37698341 1.14967254
32.20000000 10.44346877 1.15706586
32.21000000 10.51006665 1.16458421
32.22000000 10.57676846 1.17222955
32.23000000 10.64356536 1.18000384
32.24000000 10.71044824 1.18790909
32.25000000 10.77740775 1.19594733
32.26000000 10.84443426 1.20412063
32.27000000 10.91151791 1.21243108
32.28000000 10.97864852 1.22088082
32.29000000 11.04581568 1.22947201
32.30000000 11.11300868 1.23820683
32.31000000 11.18021654 1.24708750
32.32000000 11.24742797 1.25611630
32.33000000 11.31463143 1.26529550
32.34000000 11.38181505 1.27462742
32.35000000 11.44896667 1.28411441
32.36000000 11.51607384 1.29375887
32.37000000 11.58312381 1.30356320
32.38000000 11.65010349 1.31352985
32.39000000 11.71699950 1.32366131
32.40000000 11.78379815 1.33396008
32.41000000 11.85048540 1.34442871
32.42000000 11.91704693 1.35506978
32.43000000 11.98346805 1.36588589
32.44000000 12.04973377 1.37687968
32.45000000 12.11582876 1.38805382
32.46000000 12.18173734 1.39941100
32.47000000 12.24744353 1.41095396
32.48000000 12.31293097 1.42268545
32.49000000 12.37818297 1.43460826
32.50000000 12.44318251 1.44672521
32.51000000 12.50791221 1.45903914
32.52000000 12.57235434 1.47155293
32.53000000 12.63649084 1.48426946
32.54000000 12.70030328 1.49719167
32.55000000 12.76377289 1.51032249
32.56000000 12.82688055 1.52366491
32.57000000 12.88960677 1.53722191
32.58000000 12.95193174 1.55099651
32.59000000 13.01383528 1.56499175
32.60000000 13.07529686 1.57921069
32.61000000 13.13629561 1.59365639
32.62000000 13.19681030 1.60833195
32.63000000 13.25681937 1.62324048
32.64000000 13.31630092 1.63838508
32.65000000 13.37523269 1.65376890
32.66000000 13.43359210 1.66939507
32.67000000 13.49135624 1.68526674
32.68000000 13.54850187 1.70138705
32.69000000 13.60500541 1.71775918
32.70000000 13.66084299 1.73438628
32.71000000 13.71599041 1.75127150
32.72000000 13.77042318 1.76841800
32.73000000 13.82411649 1.78582893
32.74000000 13.87704528 1.80350743
32.75000000 13.92918416 1.82145662
32.76000000 13.98050750 1.83967962
32.77000000 14.03098941 1.85817952
32.78000000 14.08060373 1.87695940
32.79000000 14.12932408 1.89602230
32.80000000 14.17712384 1.91537125
32.81000000 14.22397618 1.93500924
32.82000000 14.26985407 1.95493921
32.83000000 14.31473029 1.97516408
32.84000000 14.35857746 1.99568673
32.85000000 14.40136801 2.01650996
32.86000000 14.44307429 2.03763656
32.87000000 14.48366847 2.05906924
32.88000000 14.52312267 2.08081064
32.89000000 14.56140889 2.10286334
32.90000000 14.59849908 2.12522986
32.91000000 14.63436517 2.14791263
32.92000000 14.66897905 2.17091400
32.93000000 14.70231261 2.19423624
32.94000000 14.73433780 2.21788151
32.95000000 14.76502659 2.24185189
32.96000000 14.79435107 2.26614934
32.97000000 14.82228339 2.29077571
32.98000000 14.84879588 2.31573275
32.99000000 14.87386101 2.34102205
33.00000000 14.89745146 2.36664512
33.01000000 14.91954010 2.39260328
33.02000000 14.94010011 2.41889775
33.03000000 14.95910491 2.44552957
33.04000000 14.97652826 2.47249965
33.05000000 14.99234428 2.49980871
33.06000000 15.00652746 2.52745732
33.07000000 15.01905273 2.55544587
33.08000000 15.02989548 2.58377455
33.09000000 15.03903159 2.61244337
33.10000000 15.04643746 2.64145214
33.11000000 15.05209008 2.67080047
33.12000000 15.05596705 2.70048775
33.13000000 15.05804658 2.73051316
33.14000000 15.05830761 2.76087565
33.15000000 15.05672977 2.79157392
33.16000000 15.05329347 2.82260646
33.17000000 15.04797991 2.85397148
33.18000000 15.04077114 2.88566698
33.19000000 15.03165008 2.91769066
33.20000000 15.02060057 2.95003997
33.21000000 15.00760741 2.98271209
33.22000000 14.99265639 3.01570394
33.23000000 14.97573433 3.04901211
33.24000000 14.95682913 3.08263296
33.25000000 14.93592978 3.11656251
33.26000000 14.91302642 3.15079651
33.27000000 14.88811037 3.18533039
33.28000000 14.86117416 3.22015929
33.29000000 14.83221155 3.25527803
33.30000000 14.80121760 3.29068113
33.31000000 14.76818864 3.32636277
33.32000000 14.73312238 3.36231684
33.33000000 14.69601784 3.39853689
33.34000000 14.65687548 3.43501615
33.35000000 14.61569712 3.47174755
33.36000000 14.57248606 3.50872367
33.37000000 14.52724703 3.54593678
33.38000000 14.47998622 3.58337884
33.39000000 14.43071133 3.62104146
33.40000000 14.37943155 3.65891597
33.41000000 14.32615759 3.69699334
33.42000000 14.27090167 3.73526428
33.43000000 14.21367755 3.77371915
33.44000000 14.15450051 3.81234802
33.45000000 14.09338737 3.85114067
33.46000000 14.03035646 3.89008658
33.47000000 13.96542767 3.92917493
33.48000000 13.89862239 3.96839465
33.49000000 13.82996350 4.00773438
33.50000000 13.75947540 4.04718250
33.51000000 13.68718396 4.08672714
33.52000000 13.61311651 4.12635618
33.53000000 13.53730181 4.16605727
33.54000000 13.45977004 4.20581784
33.55000000 13.38055277 4.24562511
33.56000000 13.29968291 4.28546611
33.57000000 13.21719470 4.32532765
33.58000000 13.13312367 4.36519641
33.59000000 13.04750657 4.40505888
33.60000000 12.96038139 4.44490143
33.61000000 12.87178725 4.48471030
33.62000000 12.78176441 4.52447158
33.63000000 12.69035417 4.56417131
33.64000000 12.59759887 4.60379541
33.65000000 12.50354179 4.64332976
33.66000000 12.40822712 4.68276017
33.67000000 12.31169992 4.72207244
33.68000000 12.21400602 4.76125233
33.69000000 12.11519198 4.80028561
33.70000000 12.01530504 4.83915808
33.71000000 11.91439305 4.87785555
33.72000000 11.81250439 4.91636391
33.73000000 11.70968794 4.95466911
33.74000000 11.60599298 4.99275718
33.75000000 11.50146915 5.03061426
33.76000000 11.39616635 5.06822662
33.77000000 11.29013472 5.10558065
33.78000000 11.18342454 5.14266290
33.79000000 11.07608620 5.17946011
33.80000000 10.96817006 5.21595918
33.81000000 10.85972649 5.25214723
33.82000000 10.75080571 5.28801159
33.83000000 10.64145778 5.32353980
33.84000000 10.53173255 5.35871969
33.85000000 10.42167953 5.39353932
33.86000000 10.31134792 5.42798701
33.87000000 10.20078647 5.46205140
33.88000000 10.09004348 5.49572140
33.89000000 9.97916671 5.52898623
33.90000000 9.86820337 5.56183543
33.91000000 9.75720001 5.59425887
33.92000000 9.64620253 5.62624675
33.93000000 9.53525607 5.65778963
33.94000000 9.42440504 5.68887841
33.95000000 9.31369302 5.71950434
33.96000000 9.20316272 5.74965906
33.97000000 9.09285601 5.77933456
33.98000000 8.98281378 5.80852322
33.99000000 8.87307601 5.83721779
34.00000000 8.76368166 5.86541141
34.01000000 8.65466870 5.89309760
34.02000000 8.54607405 5.92027028
34.03000000 8.43793356 5.94692374
34.04000000 8.33028202 5.97305268
34.05000000 8.22315310 5.99865217
34.06000000 8.11657937 6.02371768
34.07000000 8.01059227 6.04824507
34.08000000 7.90522211 6.07223058
34.09000000 7.80049804 6.09567083
34.10000000 7.69644806 6.11856282
34.11000000 7.59309905 6.14090392
34.12000000 7.49047668 6.16269188
34.13000000 7.38860552 6.18392481
34.14000000 7.28750896 6.20460119
34.15000000 7.18720925 6.22471984
34.16000000 7.08772750 6.24427994
34.17000000 6.98908369 6.26328101
34.18000000 6.89129668 6.28172289
34.19000000 6.79438423 6.29960577
34.20000000 6.69836297 6.31693015
34.21000000 6.60324850 6.33369683
34.22000000 6.50905531 6.34990694
34.23000000 6.41579686 6.36556189
34.24000000 6.32348559 6.38066337
34.25000000 6.23213292 6.39521335
34.26000000 6.14174927 6.40921409
34.27000000 6.05234411 6.42266809
34.28000000 5.96392595 6.43557810
34.29000000 5.87650237 6.44794712
34.30000000 5.79008007 6.45977839
34.31000000 5.70466485 6.47107535
34.32000000 5.62026168 6.48184168
34.33000000 5.53687468 6.49208124
34.34000000 5.45450718 6.50179810
34.35000000 5.37316173 6.51099651
34.36000000 5.29284011 6.51968090
34.37000000 5.21354342 6.52785588
34.38000000 5.13527200 6.53552619
34.39000000 5.05802555 6.54269674
34.40000000 4.98180312 6.54937257
34.41000000 4.90660311 6.55555887
34.42000000 4.83242336 6.56126094
34.43000000 4.75926109 6.56648419
34.44000000 4.68711301 6.57123415
34.45000000 4.61597528 6.57551644
34.46000000 4.54584357 6.57933678
34.47000000 4.47671307 6.58270096
34.48000000 4.40857852 6.58561487
34.49000000 4.34143423 6.58808444
34.50000000 4.27527409 6.59011568
34.51000000 4.21009163 6.59171464
34.52000000 4.14587999 6.59288745
34.53000000 4.08263197 6.59364024
34.54000000 4.02034008 6.59397921
34.55000000 3.95899649 6.59391056
34.56000000 3.89859311 6.59344054
34.57000000 3.83912158 6.59257541
34.58000000 3.78057329 6.59132143
34.59000000 3.72293942 6.58968488
34.60000000 3.66621093 6.58767204
34.61000000 3.61037859 6.58528918
34.62000000 3.55543300 6.58254258
34.63000000 3.50136459 6.57943850
34.64000000 3.44816366 6.57598318
34.65000000 3.39582036 6.57218284
34.66000000 3.34432475 6.56804369
34.67000000 3.29366677 6.56357189
34.68000000 3.24383628 6.55877359
34.69000000 3.19482305 6.55365490
34.70000000 3.14661681 6.54822190
34.71000000 3.09920721 6.54248062
34.72000000 3.05258387 6.53643706
34.73000000 3.00673640 6.53009715
34.74000000 2.96165435 6.52346680
34.75000000 2.91732728 6.51655186
34.76000000 2.87374475 6.50935814
34.77000000 2.83089632 6.50189137
34.78000000 2.78877156 6.49415726
34.79000000 2.74736006 6.48616142
34.80000000 2.70665146 6.47790945
34.81000000 2.66663541 6.46940686
34.82000000 2.62730162 6.46065911
34.83000000 2.58863984 6.45167158
34.84000000 2.55063987 6.44244961
34.85000000 2.51329160 6.43299846
34.86000000 2.47658494 6.42332335
34.87000000 2.44050990 6.41342939
34.88000000 2.40505656 6.40332167
34.89000000 2.37021507 6.39300517
34.90000000 2.33597567 6.38248485
34.91000000 2.30232869 6.37176556
34.92000000 2.26926453 6.36085211
34.93000000 2.23677371 6.34974923
34.94000000 2.20484682 6.33846157
34.95000000 2.17347456 6.32699373
34.96000000 2.14264773 6.31535023
34.97000000 2.11235723 6.30353554
34.98000000 2.08259406 6.29155404
34.99000000 2.05334933 6.27941004
35.00000000 2.02461425 6.26710781
35.01000000 1.99638016 6.25465151
35.02000000 1.96863848 6.24204528
35.03000000 1.94138076 6.22929315
35.04000000 1.91459866 6.21639911
35.05000000 1.88828393 6.20336707
35.06000000 1.86242847 6.19020088
35.07000000 1.83702426 6.17690433
35.08000000 1.81206340 6.16348112
35.09000000 1.78753813 6.14993492
35.10000000 1.76344076 6.13626932
35.11000000 1.73976375 6.12248783
35.12000000 1.71649964 6.10859392
35.13000000 1.69364112 6.09459100
35.14000000 1.67118096 6.08048240
35.15000000 1.64911206 6.06627139
35.16000000 1.62742742 6.05196121
35.17000000 1.60612017 6.03755500
35.18000000 1.58518352 6.02305587
35.19000000 1.56461081 6.00846686
35.20000000 1.54439549 5.99379095
35.21000000 1.52453111 5.97903106
35.22000000 1.50501133 5.96419008
35.23000000 1.48582991 5.94927082
35.24000000 1.46698072 5.93427604
35.25000000 1.44845774 5.91920844
35.26000000 1.43025505 5.90407069
35.27000000 1.41236682 5.88886539
35.28000000 1.39478732 5.87359509
35.29000000 1.37751095 5.85826229
35.30000000 1.36053218 5.84286944
35.31000000 1.34384557 5.82741895
35.32000000 1.32744581 5.81191317
35.33000000 1.31132765 5.79635440
35.34000000 1.29548596 5.78074492
35.35000000 1.27991568 5.76508692
35.36000000 1.26461187 5.74938259
35.37000000 1.24956964 5.73363404
35.38000000 1.23478422 5.71784335
35.39000000 1.22025092 5.70201257
35.40000000 1.20596513 5.68614368
35.41000000 1.19192233 5.67023864
35.42000000 1.17811808 5.65429937
35.43000000 1.16454803 5.63832773
35.44000000 1.15120790 5.62232556
35.45000000 1.13809350 5.60629465
35.46000000 1.12520070 5.59023676
35.47000000 1.11252547 5.57415360
35.48000000 1.10006385 5.55804686
35.49000000 1.08781194 5.54191818
35.50000000 1.07576593 5.52576917
35.51000000 1.06392208 5.50960141
35.52000000 1.05227671 5.49341644
35.53000000 1.04082623 5.47721577
35.54000000 1.02956708 5.46100086
35.55000000 1.01849582 5.44477317
35.56000000 1.00760904 5.42853410
35.57000000 0.99690340 5.41228503
35.58000000 0.98637563 5.39602731
35.59000000 0.97602253 5.37976227
35.60000000 0.96584094 5.36349118
35.61000000 0.95582777 5.34721531
35.62000000 0.94598001 5.33093590
35.63000000 0.93629468 5.31465414
35.64000000 0.92676887 5.29837122
35.65000000 0.91739973 5.28208828
35.66000000 0.90818445 5.26580645
35.67000000 0.89912029 5.24952684
35.68000000 0.89020456 5.23325051
35.69000000 0.88143462 5.21697851
35.70000000 0.87280787 5.20071187
35.71000000 0.86432177 5.18445159
35.72000000 0.85597385 5.16819864
35.73000000 0.84776165 5.15195400
35.74000000 0.83968278 5.13571858
35.75000000 0.83173490 5.11949330
35.76000000 0.82391570 5.10327905
35.77000000 0.81622293 5.08707670
35.78000000 0.80865436 5.07088709
35.79000000 0.80120785 5.05471106
35.80000000 0.79388124 5.03854942
35.81000000 0.78667247 5.02240295
35.82000000 0.77957947 5.00627242
35.83000000 0.77260025 4.99015859
35.84000000 0.76573285 4.97406219
35.85000000 0.75897532 4.95798393
35.86000000 0.75232578 4.94192452
35.87000000 0.74578237 4.92588463
35.88000000 0.73934329 4.90986494
35.89000000 0.73300673 4.89386608
35.90000000 0.72677096 4.87788869
35.91000000 0.72063427 4.86193339
35.92000000 0.71459496 4.84600077
35.93000000 0.70865139 4.83009143
35.94000000 0.70280195 4.81420593
35.95000000 0.69704504 4.79834483
35.96000000 0.69137912 4.78250868
35.97000000 0.68580267 4.76669799
35.98000000 0.68031418 4.75091329
35.99000000 0.67491219 4.73515508
36.00000000 0.66959526 4.71942384
36.01000000 0.66436198 4.70372005
36.02000000 0.65921098 4.68804418
36.03000000 0.65414090 4.67239667
36.04000000 0.64915040 4.65677796
36.05000000 0.64423818 4.64118848
36.06000000 0.63940297 4.62562865
36.07000000 0.63464351 4.61009887
36.08000000 0.62995857 4.59459953
36.09000000 0.62534694 4.57913101
36.10000000 0.62080744 4.56369369
36.11000000 0.61633892 4.54828793
36.12000000 0.61194023 4.53291408
36.13000000 0.60761026 4.51757247
36.14000000 0.60334791 4.50226345
36.15000000 0.59915211 4.48698733
36.16000000 0.59502180 4.47174443
36.17000000 0.59095596 4.45653505
36.18000000 0.58695357 4.44135948
36.19000000 0.58301364 4.42621801
36.20000000 0.57913519 4.41111092
36.21000000 0.57531726 4.39603847
36.22000000 0.57155892 4.38100093
36.23000000 0.56785925 4.36599855
36.24000000 0.56421735 4.35103157
36.25000000 0.56063232 4.33610023
36.26000000 0.55710331 4.32120476
36.27000000 0.55362945 4.30634538
36.28000000 0.55020992 4.29152230
36.29000000 0.54684389 4.27673574
36.30000000 0.54353057 4.26198590
36.31000000 0.54026915 4.24727296
36.32000000 0.53705887 4.23259711
36.33000000 0.53389896 4.21795855
36.34000000 0.53078869 4.20335743
36.35000000 0.52772732 4.18879393
36.36000000 0.52471413 4.17426821
36.37000000 0.52174842 4.15978043
36.38000000 0.51882949 4.14533074
36.39000000 0.51595668 4.13091927
36.40000000 0.51312932 4.11654618
36.41000000 0.51034675 4.10221159
36.42000000 0.50760833 4.08791563
36.43000000 0.50491344 4.07365842
36.44000000 0.50226146 4.05944009
36.45000000 0.49965179 4.04526074
36.46000000 0.49708383 4.03112048
36.47000000 0.49455701 4.01701942
36.48000000 0.49207074 4.00295765
36.49000000 0.48962447 3.98893527
36.50000000 0.48721765 3.97495236
36.51000000 0.48484975 3.96100901
36.52000000 0.48252022 3.94710530
36.53000000 0.48022855 3.93324131
36.54000000 0.47797424 3.91941710
36.55000000 0.47575678 3.90563275
36.56000000 0.47357568 3.89188832
36.57000000 0.47143046 3.87818387
36.58000000 0.46932064 3.86451946
36.59000000 0.46724577 3.85089513
36.60000000 0.46520538 3.83731094
36.61000000 0.46319904 3.82376693
36.62000000 0.46122629 3.81026315
36.63000000 0.45928672 3.79679963
36.64000000 0.45737990 3.78337640
36.65000000 0.45550542 3.76999351
36.66000000 0.45366287 3.75665097
36.67000000 0.45185185 3.74334881
36.68000000 0.45007197 3.73008706
36.69000000 0.44832284 3.71686574
36.70000000 0.44660410 3.70368485
36.71000000 0.44491537 3.69054443
36.72000000 0.44325628 3.67744446
36.73000000 0.44162648 3.66438497
36.74000000 0.44002563 3.65136596
36.75000000 0.43845338 3.63838743
36.76000000 0.43690939 3.62544939
36.77000000 0.43539333 3.61255182
36.78000000 0.43390489 3.59969473
36.79000000 0.43244373 3.58687811
36.80000000 0.43100956 3.57410195
36.81000000 0.42960207 3.56136624
36.82000000 0.42822095 3.54867096
36.83000000 0.42686591 3.53601610
36.84000000 0.42553666 3.52340163
36.85000000 0.42423293 3.51082755
36.86000000 0.42295443 3.49829382
36.87000000 0.42170089 3.48580043
36.88000000 0.42047204 3.47334734
36.89000000 0.41926762 3.46093453
36.90000000 0.41808738 3.44856197
36.91000000 0.41693106 3.43622962
36.92000000 0.41579841 3.42393746
36.93000000 0.41468920 3.41168545
36.94000000 0.41360318 3.39947354
36.95000000 0.41254013 3.38730171
36.96000000 0.41149981 3.37516991
36.97000000 0.41048200 3.36307810
36.98000000 0.40948648 3.35102624
36.99000000 0.40851303 3.33901428
37.00000000 0.40756145 3.32704217
37.01000000 0.40663152 3.31510987
37.02000000 0.40572305 3.30321733
37.03000000 0.40483583 3.29136450
37.04000000 0.40396967 3.27955132
37.05000000 0.40312439 3.26777775
37.06000000 0.40229978 3.25604372
37.07000000 0.40149567 3.24434919
37.08000000 0.40071189 3.23269409
37.09000000 0.39994825 3.22107838
37.10000000 0.39920458 3.20950198
37.11000000 0.39848071 3.19796484
37.12000000 0.39777648 3.18646689
37.13000000 0.39709173 3.17500808
37.14000000 0.39642629 3.16358835
37.15000000 0.39578002 3.15220761
37.16000000 0.39515275 3.14086582
37.17000000 0.39454435 3.12956291
37.18000000 0.39395467 3.11829880
37.19000000 0.39338356 3.10707343
37.20000000 0.39283089 3.09588673
37.21000000 0.39229652 3.08473863
37.22000000 0.39178031 3.07362907
37.23000000 0.39128214 3.06255795
37.24000000 0.39080188 3.05152523
37.25000000 0.39033941 3.04053081
37.26000000 0.38989460 3.02957463
37.27000000 0.38946733 3.01865662
37.28000000 0.38905750 3.00777669
37.29000000 0.38866498 2.99693477
37.30000000 0.38828966 2.98613079
37.31000000 0.38793144 2.97536467
37.32000000 0.38759022 2.96463633
37.33000000 0.38726588 2.95394568
37.34000000 0.38695833 2.94329266
37.35000000 0.38666748 2.93267718
37.36000000 0.38639322 2.92209916
37.37000000 0.38613547 2.91155851
37.38000000 0.38589412 2.90105517
37.39000000 0.38566911 2.89058905
37.40000000 0.38546033 2.88016005
37.41000000 0.38526771 2.86976811
37.42000000 0.38509116 2.85941314
37.43000000 0.38493061 2.84909505
37.44000000 0.38478598 2.83881376
37.45000000 0.38465719 2.82856918
37.46000000 0.38454417 2.81836124
37.47000000 0.38444686 2.80818983
37.48000000 0.38436519 2.79805489
37.49000000 0.38429908 2.78795631
37.50000000 0.38424847 2.77789403
37.51000000 0.38421331 2.76786794
37.52000000 0.38419353 2.75787796
37.53000000 0.38418908 2.74792400
37.54000000 0.38419989 2.73800598
37.55000000 0.38422593 2.72812381
37.56000000 0.38426712 2.71827739
37.57000000 0.38432343 2.70846665
37.58000000 0.38439480 2.69869148
37.59000000 0.38448120 2.68895181
37.60000000 0.38458256 2.67924754
37.61000000 0.38469886 2.66957859
37.62000000 0.38483005 2.65994485
37.63000000 0.38497610 2.65034625
37.64000000 0.38513696 2.64078269
37.65000000 0.38531259 2.63125408
37.66000000 0.38550298 2.62176034
37.67000000 0.38570808 2.61230136
37.68000000 0.38592786 2.60287707
37.69000000 0.38616230 2.59348736
37.70000000 0.38641137 2.58413215
37.71000000 0.38667504 2.57481135
37.72000000 0.38695329 2.56552486
37.73000000 0.38724610 2.55627260
37.74000000 0.38755344 2.54705446
37.75000000 0.38787531 2.53787037
37.76000000 0.38821168 2.52872023
37.77000000 0.38856253 2.51960394
37.78000000 0.38892786 2.51052141
37.79000000 0.38930765 2.50147256
37.80000000 0.38970188 2.49245728
37.81000000 0.39011056 2.48347550
37.82000000 0.39053367 2.47452711
37.83000000 0.39097121 2.46561202
37.84000000 0.39142317 2.45673015
37.85000000 0.39188955 2.44788139
37.86000000 0.39237035 2.43906567
37.87000000 0.39286556 2.43028287
37.88000000 0.39337520 2.42153292
37.89000000 0.39389925 2.41281572
37.90000000 0.39443773 2.40413118
37.91000000 0.39499064 2.39547920
37.92000000 0.39555799 2.38685970
37.93000000 0.39613979 2.37827257
37.94000000 0.39673605 2.36971774
37.95000000 0.39734677 2.36119511
37.96000000 0.39797197 2.35270458
37.97000000 0.39861167 2.34424606
37.98000000 0.39926588 2.33581947
37.99000000 0.39993462 2.32742470
38.00000000 0.40061791 2.31906167
38.01000000 0.40131576 2.31073029
38.02000000 0.40202820 2.30243047
38.03000000 0.40275526 2.29416210
38.04000000 0.40349694 2.28592511
38.05000000 0.40425329 2.27771940
38.06000000 0.40502432 2.26954488
38.07000000 0.40581006 2.26140145
38.08000000 0.40661055 2.25328903
38.09000000 0.40742582 2.24520753
38.10000000 0.40825589 2.23715685
38.11000000 0.40910080 2.22913691
38.12000000 0.40996059 2.22114761
38.13000000 0.41083528 2.21318886
38.14000000 0.41172493 2.20526058
38.15000000 0.41262956 2.19736267
38.16000000 0.41354922 2.18949504
38.17000000 0.41448394 2.18165761
38.18000000 0.41543378 2.17385028
38.19000000 0.41639877 2.16607296
38.20000000 0.41737897 2.15832556
38.21000000 0.41837441 2.15060800
38.22000000 0.41938515 2.14292019
38.23000000 0.42041123 2.13526203
38.24000000 0.42145270 2.12763344
38.25000000 0.42250963 2.12003433
38.26000000 0.42358206 2.11246461
38.27000000 0.42467004 2.10492419
38.28000000 0.42577363 2.09741298
38.29000000 0.42689289 2.08993090
38.30000000 0.42802788 2.08247786
38.31000000 0.42917866 2.07505376
38.32000000 0.43034528 2.06765853
38.33000000 0.43152782 2.06029208
38.34000000 0.43272633 2.05295432
38.35000000 0.43394088 2.04564515
38.36000000 0.43517154 2.03836450
38.37000000 0.43641837 2.03111228
38.38000000 0.43768145 2.02388841
38.39000000 0.43896084 2.01669278
38.40000000 0.44025662 2.00952533
38.41000000 0.44156885 2.00238597
38.42000000 0.44289762 1.99527460
38.43000000 0.44424301 1.98819115
38.44000000 0.44560508 1.98113552
38.45000000 0.44698391 1.97410764
38.46000000 0.44837960 1.96710742
38.47000000 0.44979220 1.96013478
38.48000000 0.45122182 1.95318962
38.49000000 0.45266854 1.94627187
38.50000000 0.45413243 1.93938145
38.51000000 0.45561359 1.93251827
38.52000000 0.45711211 1.92568224
38.53000000 0.45862807 1.91887329
38.54000000 0.46016156 1.91209132
38.55000000 0.46171269 1.90533627
38.56000000 0.46328153 1.89860804
38.57000000 0.46486819 1.89190656
38.58000000 0.46647277 1.88523174
38.59000000 0.46809535 1.87858350
38.60000000 0.46973605 1.87196176
38.61000000 0.47139496 1.86536643
38.62000000 0.47307218 1.85879745
38.63000000 0.47476781 1.85225472
38.64000000 0.47648198 1.84573816
38.65000000 0.47821477 1.83924771
38.66000000 0.47996629 1.83278327
38.67000000 0.48173667 1.82634476
38.68000000 0.48352600 1.81993212
38.69000000 0.48533440 1.81354525
38.70000000 0.48716199 1.80718408
38.71000000 0.48900887 1.80084853
38.72000000 0.49087517 1.79453853
38.73000000 0.49276101 1.78825399
38.74000000 0.49466650 1.78199483
38.75000000 0.49659177 1.77576099
38.76000000 0.49853694 1.76955238
38.77000000 0.50050213 1.76336892
38.78000000 0.50248747 1.75721054
38.79000000 0.50449308 1.75107716
38.80000000 0.50651911 1.74496871
38.81000000 0.50856567 1.73888511
38.82000000 0.51063290 1.73282628
38.83000000 0.51272093 1.72679215
38.84000000 0.51482990 1.72078264
38.85000000 0.51695995 1.71479768
38.86000000 0.51911122 1.70883720
38.87000000 0.52128383 1.70290111
38.88000000 0.52347795 1.69698935
38.89000000 0.52569370 1.69110185
38.90000000 0.52793125 1.68523852
38.91000000 0.53019072 1.67939929
38.92000000 0.53247228 1.67358410
38.93000000 0.53477606 1.66779287
38.94000000 0.53710224 1.66202553
38.95000000 0.53945094 1.65628200
38.96000000 0.54182235 1.65056221
38.97000000 0.54421660 1.64486610
38.98000000 0.54663386 1.63919359
38.99000000 0.54907429 1.63354460
39.00000000 0.55153805 1.62791908
39.01000000 0.55402530 1.62231695
39.02000000 0.55653622 1.61673813
39.03000000 0.55907097 1.61118257
39.04000000 0.56162972 1.60565018
39.05000000 0.56421263 1.60014090
39.06000000 0.56681989 1.59465467
39.07000000 0.56945167 1.58919141
39.08000000 0.57210815 1.58375105
39.09000000 0.57478950 1.57833353
39.10000000 0.57749590 1.57293878
39.11000000 0.58022754 1.56756673
39.12000000 0.58298461 1.56221731
39.13000000 0.58576728 1.55689046
39.14000000 0.58857575 1.55158612
39.15000000 0.59141020 1.54630421
39.16000000 0.59427083 1.54104466
39.17000000 0.59715784 1.53580742
39.18000000 0.60007142 1.53059242
39.19000000 0.60301176 1.52539959
39.20000000 0.60597907 1.52022887
39.21000000 0.60897355 1.51508019
39.22000000 0.61199541 1.50995349
39.23000000 0.61504484 1.50484871
39.24000000 0.61812207 1.49976578
39.25000000 0.62122729 1.49470464
39.26000000 0.62436073 1.48966523
39.27000000 0.62752259 1.48464748
39.28000000 0.63071310 1.47965133
39.29000000 0.63393247 1.47467672
39.30000000 0.63718093 1.46972358
39.31000000 0.64045869 1.46479187
39.32000000 0.64376598 1.45988150
39.33000000 0.64710304 1.45499244
39.34000000 0.65047009 1.45012461
39.35000000 0.65386736 1.44527795
39.36000000 0.65729509 1.44045240
39.37000000 0.66075351 1.43564791
39.38000000 0.66424287 1.43086442
39.39000000 0.66776340 1.42610186
39.40000000 0.67131536 1.42136018
39.41000000 0.67489898 1.41663932
39.42000000 0.67851451 1.41193922
39.43000000 0.68216221 1.40725983
39.44000000 0.68584233 1.40260108
39.45000000 0.68955512 1.39796293
39.46000000 0.69330085 1.39334531
39.47000000 0.69707977 1.38874816
39.48000000 0.70089214 1.38417144
39.49000000 0.70473824 1.37961508
39.50000000 0.70861834 1.37507904
39.51000000 0.71253269 1.37056324
39.52000000 0.71648158 1.36606765
39.53000000 0.72046528 1.36159221
39.54000000 0.72448407 1.35713686
39.55000000 0.72853823 1.35270155
39.56000000 0.73262804 1.34828622
39.57000000 0.73675380 1.34389082
39.58000000 0.74091579 1.33951531
39.59000000 0.74511430 1.33515962
39.60000000 0.74934963 1.33082371
39.61000000 0.75362208 1.32650752
39.62000000 0.75793194 1.32221100
39.63000000 0.76227951 1.31793410
39.64000000 0.76666511 1.31367678
39.65000000 0.77108905 1.30943897
39.66000000 0.77555163 1.30522064
39.67000000 0.78005316 1.30102172
39.68000000 0.78459397 1.29684218
39.69000000 0.78917438 1.29268196
39.70000000 0.79379471 1.28854101
39.71000000 0.79845528 1.28441929
39.72000000 0.80315642 1.28031674
39.73000000 0.80789847 1.27623333
39.74000000 0.81268176 1.27216900
39.75000000 0.81750664 1.26812370
39.76000000 0.82237343 1.26409739
39.77000000 0.82728249 1.26009002
39.78000000 0.83223416 1.25610155
39.79000000 0.83722879 1.25213194
39.80000000 0.84226674 1.24818113
39.81000000 0.84734837 1.24424908
39.82000000 0.85247403 1.24033574
39.83000000 0.85764408 1.23644108
39.84000000 0.86285891 1.23256505
39.85000000 0.86811887 1.22870761
39.86000000 0.87342433 1.22486871
39.87000000 0.87877569 1.22104830
39.88000000 0.88417331 1.21724636
39.89000000 0.88961757 1.21346283
39.90000000 0.89510888 1.20969768
39.91000000 0.90064761 1.20595086
39.92000000 0.90623416 1.20222233
39.93000000 0.91186894 1.19851206
39.94000000 0.91755233 1.19482000
39.95000000 0.92328474 1.19114611
39.96000000 0.92906659 1.18749035
39.97000000 0.93489829 1.18385268
39.98000000 0.94078024 1.18023308
39.99000000 0.94671287 1.17663149
40.00000000 0.95269661 1.17304788
40.01000000 0.95873187 1.16948221
40.02000000 0.96481909 1.16593445
40.03000000 0.97095871 1.16240455
40.04000000 0.97715116 1.15889249
40.05000000 0.98339688 1.15539823
40.06000000 0.98969632 1.15192172
40.07000000 0.99604992 1.14846295
40.08000000 1.00245816 1.14502186
40.09000000 1.00892147 1.14159843
40.10000000 1.01544032 1.13819263
40.11000000 1.02201517 1.13480442
40.12000000 1.02864651 1.13143376
40.13000000 1.03533479 1.12808063
40.14000000 1.04208051 1.12474498
40.15000000 1.04888413 1.12142680
40.16000000 1.05574614 1.11812605
40.17000000 1.06266705 1.11484270
40.18000000 1.06964733 1.11157672
40.19000000 1.07668750 1.10832807
40.20000000 1.08378804 1.10509673
40.21000000 1.09094948 1.10188266
40.22000000 1.09817232 1.09868585
40.23000000 1.10545707 1.09550626
40.24000000 1.11280426 1.09234386
40.25000000 1.12021442 1.08919863
40.26000000 1.12768807 1.08607054
40.27000000 1.13522575 1.08295956
40.28000000 1.14282799 1.07986566
40.29000000 1.15049534 1.07678882
40.30000000 1.15822835 1.07372902
40.31000000 1.16602756 1.07068623
40.32000000 1.17389354 1.06766042
40.33000000 1.18182685 1.06465158
40.34000000 1.18982805 1.06165967
40.35000000 1.19789772 1.05868468
40.36000000 1.20603643 1.05572658
40.37000000 1.21424476 1.05278535
40.38000000 1.22252329 1.04986097
40.39000000 1.23087263 1.04695341
40.40000000 1.23929336 1.04406266
40.41000000 1.24778609 1.04118870
40.42000000 1.25635141 1.03833151
40.43000000 1.26498995 1.03549106
40.44000000 1.27370231 1.03266735
40.45000000 1.28248912 1.02986034
40.46000000 1.29135100 1.02707003
40.47000000 1.30028859 1.02429639
40.48000000 1.30930252 1.02153941
40.49000000 1.31839343 1.01879908
40.50000000 1.32756196 1.01607537
40.51000000 1.33680878 1.01336828
40.52000000 1.34613454 1.01067778
40.53000000 1.35553990 1.00800387
40.54000000 1.36502553 1.00534652
40.55000000 1.37459210 1.00270574
40.56000000 1.38424029 1.00008150
40.57000000 1.39397079 0.99747379
40.58000000 1.40378428 0.99488260
40.59000000 1.41368147 0.99230792
40.60000000 1.42366305 0.98974975
40.61000000 1.43372973 0.98720806
40.62000000 1.44388223 0.98468286
40.63000000 1.45412125 0.98217413
40.64000000 1.46444753 0.97968186
40.65000000 1.47486180 0.97720606
40.66000000 1.48536479 0.97474670
40.67000000 1.49595724 0.97230379
40.68000000 1.50663990 0.96987732
40.69000000 1.51741352 0.96746728
40.70000000 1.52827887 0.96507368
40.71000000 1.53923670 0.96269650
40.72000000 1.55028779 0.96033574
40.73000000 1.56143292 0.95799140
40.74000000 1.57267286 0.95566349
40.75000000 1.58400842 0.95335199
40.76000000 1.59544037 0.95105690
40.77000000 1.60696954 0.94877824
40.78000000 1.61859671 0.94651599
40.79000000 1.63032271 0.94427017
40.80000000 1.64214837 0.94204076
40.81000000 1.65407449 0.93982778
40.82000000 1.66610192 0.93763123
40.83000000 1.67823150 0.93545111
40.84000000 1.69046407 0.93328743
40.85000000 1.70280048 0.93114019
40.86000000 1.71524160 0.92900941
40.87000000 1.72778828 0.92689507
40.88000000 1.74044141 0.92479720
40.89000000 1.75320184 0.92271581
40.90000000 1.76607049 0.92065090
40.91000000 1.77904822 0.91860247
40.92000000 1.79213594 0.91657056
40.93000000 1.80533456 0.91455515
40.94000000 1.81864498 0.91255628
40.95000000 1.83206813 0.91057394
40.96000000 1.84560492 0.90860816
40.97000000 1.85925630 0.90665894
40.98000000 1.87302318 0.90472631
40.99000000 1.88690653 0.90281028
41.00000000 1.90090730 0.90091087
41.01000000 1.91502643 0.89902810
41.02000000 1.92926490 0.89716198
41.03000000 1.94362368 0.89531254
41.04000000 1.95810374 0.89347979
41.05000000 1.97270608 0.89166376
41.06000000 1.98743169 0.88986447
41.07000000 2.00228156 0.88808194
41.08000000 2.01725670 0.88631620
41.09000000 2.03235812 0.88456727
41.10000000 2.04758686 0.88283518
41.11000000 2.06294392 0.88111996
41.12000000 2.07843036 0.87942164
41.13000000 2.09404721 0.87774023
41.14000000 2.10979551 0.87607578
41.15000000 2.12567634 0.87442832
41.16000000 2.14169074 0.87279787
41.17000000 2.15783979 0.87118447
41.18000000 2.17412456 0.86958816
41.19000000 2.19054614 0.86800897
41.20000000 2.20710563 0.86644693
41.21000000 2.22380412 0.86490208
41.22000000 2.24064271 0.86337447
41.23000000 2.25762252 0.86186413
41.24000000 2.27474467 0.86037110
41.25000000 2.29201028 0.85889542
41.26000000 2.30942050 0.85743714
41.27000000 2.32697645 0.85599631
41.28000000 2.34467930 0.85457296
41.29000000 2.36253019 0.85316714
41.30000000 2.38053028 0.85177890
41.31000000 2.39868076 0.85040829
41.32000000 2.41698279 0.84905537
41.33000000 2.43543756 0.84772017
41.34000000 2.45404626 0.84640276
41.35000000 2.47281008 0.84510319
41.36000000 2.49173024 0.84382152
41.37000000 2.51080795 0.84255779
41.38000000 2.53004442 0.84131207
41.39000000 2.54944088 0.84008443
41.40000000 2.56899857 0.83887491
41.41000000 2.58871872 0.83768359
41.42000000 2.60860258 0.83651052
41.43000000 2.62865141 0.83535577
41.44000000 2.64886646 0.83421941
41.45000000 2.66924900 0.83310151
41.46000000 2.68980032 0.83200213
41.47000000 2.71052168 0.83092136
41.48000000 2.73141438 0.82985925
41.49000000 2.75247972 0.82881589
41.50000000 2.77371898 0.82779135
41.51000000 2.79513349 0.82678570
41.52000000 2.81672455 0.82579904
41.53000000 2.83849348 0.82483144
41.54000000 2.86044162 0.82388297
41.55000000 2.88257029 0.82295374
41.56000000 2.90488083 0.82204382
41.57000000 2.92737460 0.82115330
41.58000000 2.95005294 0.82028227
41.59000000 2.97291721 0.81943082
41.60000000 2.99596878 0.81859905
41.61000000 3.01920900 0.81778706
41.62000000 3.04263927 0.81699493
41.63000000 3.06626096 0.81622277
41.64000000 3.09007546 0.81547068
41.65000000 3.11408416 0.81473877
41.66000000 3.13828846 0.81402714
41.67000000 3.16268976 0.81333590
41.68000000 3.18728947 0.81266515
41.69000000 3.21208901 0.81201501
41.70000000 3.23708979 0.81138560
41.71000000 3.26229323 0.81077702
41.72000000 3.28770078 0.81018940
41.73000000 3.31331385 0.80962287
41.74000000 3.33913388 0.80907753
41.75000000 3.36516233 0.80855352
41.76000000 3.39140063 0.80805097
41.77000000 3.41785023 0.80757001
41.78000000 3.44451259 0.80711077
41.79000000 3.47138917 0.80667338
41.80000000 3.49848142 0.80625798
41.81000000 3.52579082 0.80586472
41.82000000 3.55331883 0.80549373
41.83000000 3.58106691 0.80514517
41.84000000 3.60903656 0.80481918
41.85000000 3.63722924 0.80451591
41.86000000 3.66564643 0.80423552
41.87000000 3.69428961 0.80397816
41.88000000 3.72316027 0.80374400
41.89000000 3.75225989 0.80353320
41.90000000 3.78158996 0.80334593
41.91000000 3.81115196 0.80318234
41.92000000 3.84094740 0.80304262
41.93000000 3.87097775 0.80292695
41.94000000 3.90124451 0.80283549
41.95000000 3.93174916 0.80276844
41.96000000 3.96249321 0.80272598
41.97000000 3.99347814 0.80270829
41.98000000 4.02470544 0.80271557
41.99000000 4.05617661 0.80274802
42.00000000 4.08789312 0.80280583
42.01000000 4.11985648 0.80288921
42.02000000 4.15206815 0.80299836
42.03000000 4.18452964 0.80313350
42.04000000 4.21724241 0.80329484
42.05000000 4.25020795 0.80348259
42.06000000 4.28342773 0.80369699
42.07000000 4.31690323 0.80393825
42.08000000 4.35063590 0.80420661
42.09000000 4.38462722 0.80450230
42.10000000 4.41887865 0.80482555
42.11000000 4.45339163 0.80517663
42.12000000 4.48816761 0.80555576
42.13000000 4.52320804 0.80596320
42.14000000 4.55851435 0.80639922
42.15000000 4.59408797 0.80686406
42.16000000 4.62993032 0.80735800
42.17000000 4.66604282 0.80788131
42.18000000 4.70242686 0.80843426
42.19000000 4.73908385 0.80901714
42.20000000 4.77601516 0.80963022
42.21000000 4.81322219 0.81027381
42.22000000 4.85070628 0.81094819
42.23000000 4.88846880 0.81165367
42.24000000 4.92651109 0.81239055
42.25000000 4.96483448 0.81315915
42.26000000 5.00344028 0.81395978
42.27000000 5.04232981 0.81479278
42.28000000 5.08150434 0.81565846
42.29000000 5.12096515 0.81655717
42.30000000 5.16071350 0.81748924
42.31000000 5.20075063 0.81845502
42.32000000 5.24107777 0.81945488
42.33000000 5.28169613 0.82048916
42.34000000 5.32260689 0.82155824
42.35000000 5.36381121 0.82266248
42.36000000 5.40531026 0.82380228
42.37000000 5.44710516 0.82497801
42.38000000 5.48919701 0.82619007
42.39000000 5.53158689 0.82743886
42.40000000 5.57427587 0.82872480
42.41000000 5.61726497 0.83004829
42.42000000 5.66055522 0.83140976
42.43000000 5.70414758 0.83280964
42.44000000 5.74804303 0.83424836
42.45000000 5.79224247 0.83572639
42.46000000 5.83674682 0.83724417
42.47000000 5.88155693 0.83880216
42.48000000 5.92667364 0.84040083
42.49000000 5.97209776 0.84204067
42.50000000 6.01783005 0.84372217
42.51000000 6.06387124 0.84544582
42.52000000 6.11022204 0.84721212
42.53000000 6.15688311 0.84902160
42.54000000 6.20385506 0.85087478
42.55000000 6.25113848 0.85277219
42.56000000 6.29873390 0.85471438
42.57000000 6.34664183 0.85670190
42.58000000 6.39486273 0.85873531
42.59000000 6.44339699 0.86081520
42.60000000 6.49224498 0.86294214
42.61000000 6.54140702 0.86511673
42.62000000 6.59088337 0.86733957
42.63000000 6.64067424 0.86961128
42.64000000 6.69077981 0.87193250
42.65000000 6.74120016 0.87430386
42.66000000 6.79193536 0.87672600
42.67000000 6.84298539 0.87919960
42.68000000 6.89435020 0.88172533
42.69000000 6.94602966 0.88430388
42.70000000 6.99802358 0.88693594
42.71000000 7.05033170 0.88962223
42.72000000 7.10295370 0.89236347
42.73000000 7.15588921 0.89516040
42.74000000 7.20913775 0.89801378
42.75000000 7.26269881 0.90092436
42.76000000 7.31657177 0.90389293
42.77000000 7.37075597 0.90692028
42.78000000 7.42525063 0.91000721
42.79000000 7.48005494 0.91315456
42.80000000 7.53516795 0.91636315
42.81000000 7.59058868 0.91963384
42.82000000 7.64631603 0.92296750
42.83000000 7.70234881 0.92636500
42.84000000 7.75868577 0.92982725
42.85000000 7.81532553 0.93335516
42.86000000 7.87226663 0.93694967
42.87000000 7.92950752 0.94061172
42.88000000 7.98704653 0.94434228
42.89000000 8.04488189 0.94814232
42.90000000 8.10301174 0.95201286
42.91000000 8.16143410 0.95595491
42.92000000 8.22014687 0.95996950
42.93000000 8.27914785 0.96405769
42.94000000 8.33843472 0.96822055
42.95000000 8.39800503 0.97245918
42.96000000 8.45785622 0.97677468
42.97000000 8.51798559 0.98116820
42.98000000 8.57839033 0.98564088
42.99000000 8.63906748 0.99019389
43.00000000 8.70001395 0.99482843
43.01000000 8.76122651 0.99954571
43.02000000 8.82270181 1.00434697
43.03000000 8.88443633 1.00923347
43.04000000 8.94642640 1.01420648
43.05000000 9.00866822 1.01926730
43.06000000 9.07115783 1.02441727
43.07000000 9.13389109 1.02965772
43.08000000 9.19686372 1.03499003
43.09000000 9.26007128 1.04041559
43.10000000 9.32350914 1.04593583
43.11000000 9.38717252 1.05155217
43.12000000 9.45105644 1.05726611
43.13000000 9.51515576 1.06307911
43.14000000 9.57946515 1.06899271
43.15000000 9.64397910 1.07500845
43.16000000 9.70869189 1.08112789
43.17000000 9.77359762 1.08735263
43.18000000 9.83869019 1.09368431
43.19000000 9.90396330 1.10012456
43.20000000 9.96941043 1.10667506
43.21000000 10.03502487 1.11333752
43.22000000 10.10079967 1.12011368
43.23000000 10.16672769 1.12700529
43.24000000 10.23280154 1.13401415
43.25000000 10.29901361 1.14114208
43.26000000 10.36535608 1.14839091
43.27000000 10.43182087 1.15576254
43.28000000 10.49839967 1.16325887
43.29000000 10.56508392 1.17088183
43.30000000 10.63186482 1.17863341
43.31000000 10.69873332 1.18651558
43.32000000 10.76568010 1.19453039
43.33000000 10.83269559 1.20267989
43.34000000 10.89976995 1.21096618
43.35000000 10.96689309 1.21939138
43.36000000 11.03405462 1.22795765
43.37000000 11.10124388 1.23666716
43.38000000 11.16844994 1.24552214
43.39000000 11.23566158 1.25452484
43.40000000 11.30286728 1.26367754
43.41000000 11.37005524 1.27298256
43.42000000 11.43721335 1.28244223
43.43000000 11.50432922 1.29205895
43.44000000 11.57139013 1.30183511
43.45000000 11.63838308 1.31177317
43.46000000 11.70529472 1.32187559
43.47000000 11.77211141 1.33214489
43.48000000 11.83881920 1.34258360
43.49000000 11.90540378 1.35319430
43.50000000 11.97185056 1.36397957
43.51000000 12.03814458 1.37494206
43.52000000 12.10427058 1.38608443
43.53000000 12.17021295 1.39740937
43.54000000 12.23595574 1.40891961
43.55000000 12.30148267 1.42061789
43.56000000 12.36677711 1.43250701
43.57000000 12.43182209 1.44458977
43.58000000 12.49660030 1.45686901
43.59000000 12.56109407 1.46934759
43.60000000 12.62528540 1.48202842
43.61000000 12.68915592 1.49491441
43.62000000 12.75268692 1.50800850
43.63000000 12.81585934 1.52131365
43.64000000 12.87865376 1.53483287
43.65000000 12.94105042 1.54856916
43.66000000 13.00302921 1.56252555
43.67000000 13.06456966 1.57670511
43.68000000 13.12565096 1.59111089
43.69000000 13.18625194 1.60574598
43.70000000 13.24635111 1.62061350
43.71000000 13.30592661 1.63571655
43.72000000 13.36495625 1.65105826
43.73000000 13.42341751 1.66664177
43.74000000 13.48128753 1.68247023
43.75000000 13.53854313 1.69854679
43.76000000 13.59516080 1.71487461
43.77000000 13.65111671 1.73145684
43.78000000 13.70638671 1.74829664
43.79000000 13.76094638 1.76539718
43.80000000 13.81477095 1.78276159
43.81000000 13.86783540 1.80039302
43.82000000 13.92011441 1.81829459
43.83000000 13.97158239 1.83646943
43.84000000 14.02221349 1.85492063
43.85000000 14.07198160 1.87365128
43.86000000 14.12086037 1.89266441
43.87000000 14.16882323 1.91196306
43.88000000 14.21584339 1.93155023
43.89000000 14.26189383 1.95142887
43.90000000 14.30694739 1.97160191
43.91000000 14.35097669 1.99207222
43.92000000 14.39395422 2.01284263
43.93000000 14.43585232 2.03391592
43.94000000 14.47664321 2.05529482
43.95000000 14.51629900 2.07698198
43.96000000 14.55479172 2.09898000
43.97000000 14.59209333 2.12129140
43.98000000 14.62817575 2.14391864
43.99000000 14.66301088 2.16686407
44.00000000 14.69657062 2.19012997
44.01000000 14.72882689 2.21371854
44.02000000 14.75975166 2.23763186
44.03000000 14.78931700 2.26187191
44.04000000 14.81749505 2.28644057
44.05000000 14.84425810 2.31133959
44.06000000 14.86957860 2.33657062
44.07000000 14.89342918 2.36213515
44.08000000 14.91578269 2.38803456
44.09000000 14.93661224 2.41427007
44.10000000 14.95589121 2.44084276
44.11000000 14.97359331 2.46775356
44.12000000 14.98969257 2.49500324
44.13000000 15.00416343 2.52259237
44.14000000 15.01698075 2.55052138
44.15000000 15.02811981 2.57879051
44.16000000 15.03755642 2.60739979
44.17000000 15.04526688 2.63634907
44.18000000 15.05122808 2.66563799
44.19000000 15.05541749 2.69526599
44.20000000 15.05781324 2.72523227
44.21000000 15.05839412 2.75553583
44.22000000 15.05713965 2.78617542
44.23000000 15.05403009 2.81714956
44.24000000 15.04904650 2.84845651
44.25000000 15.04217078 2.88009431
44.26000000 15.03338570 2.91206071
44.27000000 15.02267493 2.94435321
44.28000000 15.01002310 2.97696904
44.29000000 14.99541582 3.00990514
44.30000000 14.97883973 3.04315820
44.31000000 14.96028254 3.07672458
44.32000000 14.93973305 3.11060039
44.33000000 14.91718119 3.14478141
44.34000000 14.89261808 3.17926313
44.35000000 14.86603602 3.21404075
44.36000000 14.83742857 3.24910914
44.37000000 14.80679054 3.28446286
44.38000000 14.77411805 3.32009617
44.39000000 14.73940857 3.35600300
44.40000000 14.70266088 3.39217696
44.41000000 14.66387518 3.42861135
44.42000000 14.62305307 3.46529913
44.43000000 14.58019757 3.50223296
44.44000000 14.53531317 3.53940516
44.45000000 14.48840579 3.57680773
44.46000000 14.43948288 3.61443235
44.47000000 14.38855337 3.65227040
44.48000000 14.33562769 3.69031293
44.49000000 14.28071780 3.72855067
44.50000000 14.22383719 3.76697404
44.51000000 14.16500088 3.80557318
44.52000000 14.10422540 3.84433791
44.53000000 14.04152885 3.88325776
44.54000000 13.97693082 3.92232197
44.55000000 13.91045244 3.96151950
44.56000000 13.84211634 4.00083905
44.57000000 13.77194665 4.04026905
44.58000000 13.69996899 4.07979766
44.59000000 13.62621043 4.11941280
44.60000000 13.55069948 4.15910218
44.61000000 13.47346608 4.19885326
44.62000000 13.39454154 4.23865329
44.63000000 13.31395857 4.27848932
44.64000000 13.23175115 4.31834823
44.65000000 13.14795460 4.35821669
44.66000000 13.06260546 4.39808125
44.67000000 12.97574150 4.43792828
44.68000000 12.88740166 4.47774404
44.69000000 12.79762599 4.51751466
44.70000000 12.70645561 4.55722618
44.71000000 12.61393269 4.59686454
44.72000000 12.52010034 4.63641562
44.73000000 12.42500261 4.67586526
44.74000000 12.32868440 4.71519924
44.75000000 12.23119140 4.75440333
44.76000000 12.13257007 4.79346330
44.77000000 12.03286753 4.83236495
44.78000000 11.93213151 4.87109408
44.79000000 11.83041032 4.90963656
44.80000000 11.72775276 4.94797834
44.81000000 11.62420802 4.98610542
44.82000000 11.51982570 5.02400394
44.83000000 11.41465566 5.06166013
44.84000000 11.30874800 5.09906036
44.85000000 11.20215298 5.13619116
44.86000000 11.09492096 5.17303922
44.87000000 10.98710234 5.20959142
44.88000000 10.87874748 5.24583484
44.89000000 10.76990662 5.28175677
44.90000000 10.66062987 5.31734472
44.91000000 10.55096711 5.35258646
44.92000000 10.44096791 5.38747001
44.93000000 10.33068154 5.42198365
44.94000000 10.22015682 5.45611595
44.95000000 10.10944215 5.48985578
44.96000000 9.99858538 5.52319230
44.97000000 9.88763381 5.55611501
44.98000000 9.77663413 5.58861370
44.99000000 9.66563233 5.62067853
45.00000000 9.55467372 5.65229999
45.01000000 9.44380281 5.68346890
45.02000000 9.33306334 5.71417648
45.03000000 9.22249818 5.74441428
45.04000000 9.11214935 5.77417424
45.05000000 9.00205790 5.80344866
45.06000000 8.89226399 5.83223024
45.07000000 8.78280675 5.86051204
45.08000000 8.67372432 5.88828752
45.09000000 8.56505381 5.91555052
45.10000000 8.45683127 5.94229527
45.11000000 8.34909167 5.96851640
45.12000000 8.24186887 5.99420892
45.13000000 8.13519565 6.01936823
45.14000000 8.02910363 6.04399011
45.15000000 7.92362332 6.06807074
45.16000000 7.81878408 6.09160668
45.17000000 7.71461412 6.11459485
45.18000000 7.61114050 6.13703256
45.19000000 7.50838912 6.15891751
45.20000000 7.40638473 6.18024773
45.21000000 7.30515092 6.20102164
45.22000000 7.20471015 6.22123800
45.23000000 7.10508372 6.24089593
45.24000000 7.00629182 6.25999489
45.25000000 6.90835350 6.27853466
45.26000000 6.81128670 6.29651538
45.27000000 6.71510827 6.31393748
45.28000000 6.61983397 6.33080173
45.29000000 6.52547849 6.34710919
45.30000000 6.43205547 6.36286121
45.31000000 6.33957753 6.37805945
45.32000000 6.24805626 6.39270583
45.33000000 6.15750225 6.40680255
45.34000000 6.06792515 6.42035207
45.35000000 5.97933362 6.43335711
45.36000000 5.89173541 6.44582062
45.37000000 5.80513737 6.45774578
45.38000000 5.71954546 6.46913603
45.39000000 5.63496479 6.47999498
45.40000000 5.55139963 6.49032647
45.41000000 5.46885344 6.50013453
45.42000000 5.38732891 6.50942339
45.43000000 5.30682796 6.51819745
45.44000000 5.22735178 6.52646127
45.45000000 5.14890087 6.53421958
45.46000000 5.07147503 6.54147726
45.47000000 4.99507342 6.54823934
45.48000000 4.91969456 6.55451096
45.49000000 4.84533638 6.56029741
45.50000000 4.77199620 6.56560409
45.51000000 4.69967083 6.57043651
45.52000000 4.62835652 6.57480026
45.53000000 4.55804902 6.57870106
45.54000000 4.48874361 6.58214468
45.55000000 4.42043510 6.58513699
45.56000000 4.35311787 6.58768391
45.57000000 4.28678590 6.58979145
45.58000000 4.22143276 6.59146566
45.59000000 4.15705167 6.59271263
45.60000000 4.09363549 6.59353851
45.61000000 4.03117676 6.59394947
45.62000000 3.96966773 6.59395174
45.63000000 3.90910034 6.59355153
45.64000000 3.84946629 6.59275512
45.65000000 3.79075700 6.59156876
45.66000000 3.73296369 6.58999873
45.67000000 3.67607736 6.58805132
45.68000000 3.62008881 6.58573279
45.69000000 3.56498866 6.58304942
45.70000000 3.51076738 6.58000747
45.71000000 3.45741529 6.57661319
45.72000000 3.40492256 6.57287280
45.73000000 3.35327927 6.56879252
45.74000000 3.30247538 6.56437851
45.75000000 3.25250075 6.55963693
45.76000000 3.20334519 6.55457390
45.77000000 3.15499841 6.54919549
45.78000000 3.10745009 6.54350774
45.79000000 3.06068986 6.53751666
45.80000000 3.01470731 6.53122821
45.81000000 2.96949201 6.52464828
45.82000000 2.92503352 6.51778275
45.83000000 2.88132140 6.51063741
45.84000000 2.83834520 6.50321804
45.85000000 2.79609450 6.49553032
45.86000000 2.75455888 6.48757990
45.87000000 2.71372797 6.47937237
45.88000000 2.67359142 6.47091326
45.89000000 2.63413893 6.46220803
45.90000000 2.59536024 6.45326209
45.91000000 2.55724515 6.44408079
45.92000000 2.51978351 6.43466939
45.93000000 2.48296525 6.42503311
45.94000000 2.44678035 6.41517709
45.95000000 2.41121888 6.40510643
45.96000000 2.37627098 6.39482613
45.97000000 2.34192688 6.38434114
45.98000000 2.30817688 6.37365634
45.99000000 2.27501137 6.36277653
46.00000000 2.24242086 6.35170647
46.01000000 2.21039592 6.34045082
46.02000000 2.17892723 6.32901420
46.03000000 2.14800557 6.31740113
46.04000000 2.11762183 6.30561610
46.05000000 2.08776698 6.29366348
46.06000000 2.05843212 6.28154763
46.07000000 2.02960846 6.26927279
46.08000000 2.00128728 6.25684317
46.09000000 1.97346001 6.24426289
46.10000000 1.94611817 6.23153601
46.11000000 1.91925339 6.21866653
46.12000000 1.89285743 6.20565837
46.13000000 1.86692215 6.19251539
46.14000000 1.84143951 6.17924139
46.15000000 1.81640161 6.16584009
46.16000000 1.79180063 6.15231517
46.17000000 1.76762890 6.13867021
46.18000000 1.74387883 6.12490875
46.19000000 1.72054297 6.11103428
46.20000000 1.69761397 6.09705020
46.21000000 1.67508459 6.08295986
46.22000000 1.65294770 6.06876655
46.23000000 1.63119629 6.05447350
46.24000000 1.60982346 6.04008388
46.25000000 1.58882241 6.02560080
46.26000000 1.56818646 6.01102730
46.27000000 1.54790904 5.99636639
46.28000000 1.52798369 5.98162100
46.29000000 1.50840403 5.96679401
46.30000000 1.48916382 5.95188825
46.31000000 1.47025691 5.93690649
46.32000000 1.45167725 5.92185145
46.33000000 1.43341891 5.90672579
46.34000000 1.41547604 5.89153213
46.35000000 1.39784290 5.87627303
46.36000000 1.38051387 5.86095099
46.37000000 1.36348338 5.84556848
46.38000000 1.34674602 5.83012791
46.39000000 1.33029642 5.81463164
46.40000000 1.31412934 5.79908199
46.41000000 1.29823961 5.78348122
46.42000000 1.28262218 5.76783156
46.43000000 1.26727207 5.75213518
46.44000000 1.25218439 5.73639422
46.45000000 1.23735435 5.72061076
46.46000000 1.22277725 5.70478686
46.47000000 1.20844846 5.68892450
46.48000000 1.19436344 5.67302565
46.49000000 1.18051775 5.65709223
46.50000000 1.16690701 5.64112613
46.51000000 1.15352693 5.62512917
46.52000000 1.14037330 5.60910316
46.53000000 1.12744200 5.59304987
46.54000000 1.11472898 5.57697101
46.55000000 1.10223024 5.56086828
46.56000000 1.08994190 5.54474332
46.57000000 1.07786011 5.52859776
46.58000000 1.06598114 5.51243317
46.59000000 1.05430128 5.49625111
46.60000000 1.04281694 5.48005307
46.61000000 1.03152455 5.46384055
46.62000000 1.02042064 5.44761500
46.63000000 1.00950181 5.43137782
46.64000000 0.99876469 5.41513040
46.65000000 0.98820602 5.39887410
46.66000000 0.97782256 5.38261025
46.67000000 0.96761117 5.36634012
46.68000000 0.95756874 5.35006500
46.69000000 0.94769224 5.33378612
46.70000000 0.93797868 5.31750469
46.71000000 0.92842516 5.30122189
46.72000000 0.91902879 5.28493887
46.73000000 0.90978677 5.26865677
46.74000000 0.90069636 5.25237669
46.75000000 0.89175483 5.23609970
46.76000000 0.88295955 5.21982687
46.77000000 0.87430791 5.20355922
46.78000000 0.86579738 5.18729776
46.79000000 0.85742544 5.17104346
46.80000000 0.84918966 5.15479729
46.81000000 0.84108762 5.13856019
46.82000000 0.83311697 5.12233307
46.83000000 0.82527541 5.10611683
46.84000000 0.81756066 5.08991233
46.85000000 0.80997051 5.07372043
46.86000000 0.80250278 5.05754197
46.87000000 0.79515534 5.04137775
46.88000000 0.78792608 5.02522856
46.89000000 0.78081296 5.00909519
46.90000000 0.77381397 4.99297838
46.91000000 0.76692713 4.97687888
46.92000000 0.76015050 4.96079740
46.93000000 0.75348219 4.94473464
46.94000000 0.74692034 4.92869128
46.95000000 0.74046312 4.91266800
46.96000000 0.73410874 4.89666545
46.97000000 0.72785545 4.88068426
46.98000000 0.72170153 4.86472505
46.99000000 0.71564529 4.84878842
47.00000000 0.70968508 4.83287496
47.01000000 0.70381928 4.81698524
47.02000000 0.69804628 4.80111983
47.03000000 0.69236455 4.78527927
47.04000000 0.68677254 4.76946409
47.05000000 0.68126875 4.75367480
47.06000000 0.67585172 4.73791192
47.07000000 0.67052001 4.72217592
47.08000000 0.66527219 4.70646729
47.09000000 0.66010688 4.69078650
47.10000000 0.65502273 4.67513399
47.11000000 0.65001839 4.65951021
47.12000000 0.64509256 4.64391559
47.13000000 0.64024396 4.62835053
47.14000000 0.63547133 4.61281546
47.15000000 0.63077343 4.59731076
47.16000000 0.62614905 4.58183683
47.17000000 0.62159701 4.56639402
47.18000000 0.61711615 4.55098271
47.19000000 0.61270531 4.53560324
47.20000000 0.60836339 4.52025597
47.21000000 0.60408928 4.50494122
47.22000000 0.59988190 4.48965932
47.23000000 0.59574021 4.47441058
47.24000000 0.59166315 4.45919531
47.25000000 0.58764973 4.44401380
47.26000000 0.58369893 4.42886634
47.27000000 0.57980979 4.41375321
47.28000000 0.57598133 4.39867468
47.29000000 0.57221263 4.38363101
47.30000000 0.56850275 4.36862245
47.31000000 0.56485080 4.35364925
47.32000000 0.56125588 4.33871166
47.33000000 0.55771712 4.32380989
47.34000000 0.55423367 4.30894418
47.35000000 0.55080469 4.29411473
47.36000000 0.54742935 4.27932177
47.37000000 0.54410686 4.26456548
47.38000000 0.54083641 4.24984606
47.39000000 0.53761723 4.23516371
47.40000000 0.53444856 4.22051861
47.41000000 0.53132965 4.20591092
47.42000000 0.52825977 4.19134083
47.43000000 0.52523819 4.17680848
47.44000000 0.52226422 4.16231405
47.45000000 0.51933716 4.14785768
47.46000000 0.51645632 4.13343951
47.47000000 0.51362105 4.11905969
47.48000000 0.51083068 4.10471835
47.49000000 0.50808458 4.09041561
47.50000000 0.50538212 4.07615162
47.51000000 0.50272267 4.06192647
47.52000000 0.50010564 4.04774029
47.53000000 0.49753042 4.03359318
47.54000000 0.49499643 4.01948524
47.55000000 0.49250310 4.00541659
47.56000000 0.49004987 3.99138730
47.57000000 0.48763619 3.97739748
47.58000000 0.48526151 3.96344720
47.59000000 0.48292530 3.94953654
47.60000000 0.48062704 3.93566559
47.61000000 0.47836623 3.92183442
47.62000000 0.47614235 3.90804308
47.63000000 0.47395492 3.89429166
47.64000000 0.47180345 3.88058021
47.65000000 0.46968747 3.86690878
47.66000000 0.46760651 3.85327743
47.67000000 0.46556012 3.83968621
47.68000000 0.46354785 3.82613517
47.69000000 0.46156925 3.81262434
47.70000000 0.45962391 3.79915376
47.71000000 0.45771138 3.78572348
47.72000000 0.45583127 3.77233352
47.73000000 0.45398316 3.75898392
47.74000000 0.45216664 3.74567469
47.75000000 0.45038134 3.73240587
47.76000000 0.44862686 3.71917746
47.77000000 0.44690282 3.70598950
47.78000000 0.44520886 3.69284199
47.79000000 0.44354461 3.67973494
47.80000000 0.44190971 3.66666836
47.81000000 0.44030382 3.65364226
47.82000000 0.43872658 3.64065665
47.83000000 0.43717767 3.62771152
47.84000000 0.43565674 3.61480687
47.85000000 0.43416349 3.60194269
47.86000000 0.43269758 3.58911899
47.87000000 0.43125871 3.57633574
47.88000000 0.42984656 3.56359295
47.89000000 0.42846085 3.55089059
47.90000000 0.42710126 3.53822865
47.91000000 0.42576752 3.52560712
47.92000000 0.42445934 3.51302597
47.93000000 0.42317644 3.50048518
47.94000000 0.42191855 3.48798472
47.95000000 0.42068540 3.47552458
47.96000000 0.41947672 3.46310472
47.97000000 0.41829227 3.45072512
47.98000000 0.41713178 3.43838573
47.99000000 0.41599501 3.42608654
48.00000000 0.41488171 3.41382750
48.01000000 0.41379165 3.40160857
48.02000000 0.41272459 3.38942973
48.03000000 0.41168030 3.37729093
48.04000000 0.41065857 3.36519212
48.05000000 0.40965916 3.35313326
48.06000000 0.40868186 3.34111432
48.07000000 0.40772647 3.32913524
48.08000000 0.40679277 3.31719597
48.09000000 0.40588055 3.30529648
48.10000000 0.40498963 3.29343670
48.11000000 0.40411980 3.28161658
48.12000000 0.40327087 3.26983608
48.13000000 0.40244266 3.25809513
48.14000000 0.40163498 3.24639369
48.15000000 0.40084765 3.23473170
48.16000000 0.40008049 3.22310909
48.17000000 0.39933334 3.21152581
48.18000000 0.39860601 3.19998180
48.19000000 0.39789836 3.18847700
48.20000000 0.39721021 3.17701134
48.21000000 0.39654140 3.16558477
48.22000000 0.39589178 3.15419721
48.23000000 0.39526120 3.14284861
48.24000000 0.39464951 3.13153890
48.25000000 0.39405656 3.12026800
48.26000000 0.39348221 3.10903585
48.27000000 0.39292632 3.09784239
48.28000000 0.39238875 3.08668754
48.29000000 0.39186938 3.07557123
48.30000000 0.39136806 3.06449339
48.31000000 0.39088467 3.05345395
48.32000000 0.39041909 3.04245283
48.33000000 0.38997120 3.03148996
48.34000000 0.38954087 3.02056527
48.35000000 0.38912799 3.00967868
48.36000000 0.38873245 2.99883012
48.37000000 0.38835413 2.98801950
48.38000000 0.38799293 2.97724675
48.39000000 0.38764873 2.96651180
48.40000000 0.38732145 2.95581456
48.41000000 0.38701097 2.94515496
48.42000000 0.38671720 2.93453291
48.43000000 0.38644004 2.92394834
48.44000000 0.38617940 2.91340116
48.45000000 0.38593519 2.90289129
48.46000000 0.38570732 2.89241866
48.47000000 0.38549571 2.88198317
48.48000000 0.38530027 2.87158475
48.49000000 0.38512091 2.86122331
48.50000000 0.38495756 2.85089877
48.51000000 0.38481015 2.84061104
48.52000000 0.38467860 2.83036004
48.53000000 0.38456282 2.82014569
48.54000000 0.38446277 2.80996790
48.55000000 0.38437836 2.79982657
48.56000000 0.38430953 2.78972164
48.57000000 0.38425621 2.77965301
48.58000000 0.38421835 2.76962058
48.59000000 0.38419589 2.75962429
48.60000000 0.38418875 2.74966403
48.61000000 0.38419690 2.73973973
48.62000000 0.38422027 2.72985129
48.63000000 0.38425882 2.71999862
48.64000000 0.38431248 2.71018163
48.65000000 0.38438122 2.70040025
48.66000000 0.38446499 2.69065437
48.67000000 0.38456374 2.68094391
48.68000000 0.38467743 2.67126877
48.69000000 0.38480601 2.66162888
48.70000000 0.38494946 2.65202413
48.71000000 0.38510773 2.64245445
48.72000000 0.38528078 2.63291973
48.73000000 0.38546859 2.62341989
48.74000000 0.38567111 2.61395483
48.75000000 0.38588833 2.60452447
48.76000000 0.38612020 2.59512872
48.77000000 0.38636671 2.58576747
48.78000000 0.38662782 2.57644065
48.79000000 0.38690352 2.56714817
48.80000000 0.38719378 2.55788992
48.81000000 0.38749859 2.54866581
48.82000000 0.38781791 2.53947577
48.83000000 0.38815174 2.53031969
48.84000000 0.38850006 2.52119748
48.85000000 0.38886286 2.51210905
48.86000000 0.38924011 2.50305430
48.87000000 0.38963182 2.49403316
48.88000000 0.39003797 2.48504552
48.89000000 0.39045856 2.47609129
48.90000000 0.39089357 2.46717038
48.91000000 0.39134301 2.45828270
48.92000000 0.39180686 2.44942815
48.93000000 0.39228514 2.44060665
48.94000000 0.39277783 2.43181809
48.95000000 0.39328493 2.42306240
48.96000000 0.39380646 2.41433947
48.97000000 0.39434242 2.40564922
48.98000000 0.39489280 2.39699155
48.99000000 0.39545763 2.38836636
49.00000000 0.39603689 2.37977358
49.01000000 0.39663062 2.37121310
49.02000000 0.39723880 2.36268484
49.03000000 0.39786147 2.35418869
49.04000000 0.39849863 2.34572458
49.05000000 0.39915030 2.33729240
49.06000000 0.39981650 2.32889207
49.07000000 0.40049724 2.32052349
49.08000000 0.40119254 2.31218658
49.09000000 0.40190242 2.30388123
49.10000000 0.40262692 2.29560737
49.11000000 0.40336604 2.28736489
49.12000000 0.40411982 2.27915371
49.13000000 0.40488827 2.27097373
49.14000000 0.40567144 2.26282487
49.15000000 0.40646935 2.25470703
49.16000000 0.40728202 2.24662012
49.17000000 0.40810950 2.23856406
49.18000000 0.40895181 2.23053874
49.19000000 0.40980899 2.22254408
49.20000000 0.41068107 2.21457999
49.21000000 0.41156810 2.20664638
49.22000000 0.41247010 2.19874316
49.23000000 0.41338712 2.19087024
49.24000000 0.41431921 2.18302753
49.25000000 0.41526640 2.17521493
49.26000000 0.41622874 2.16743236
49.27000000 0.41720627 2.15967974
49.28000000 0.41819903 2.15195696
49.29000000 0.41920709 2.14426394
49.30000000 0.42023048 2.13660060
49.31000000 0.42126926 2.12896684
49.32000000 0.42232348 2.12136257
49.33000000 0.42339319 2.11378771
49.34000000 0.42447844 2.10624217
49.35000000 0.42557929 2.09872585
49.36000000 0.42669581 2.09123868
49.37000000 0.42782804 2.08378056
49.38000000 0.42897605 2.07635141
49.39000000 0.43013989 2.06895113
49.40000000 0.43131964 2.06157964
49.41000000 0.43251535 2.05423686
49.42000000 0.43372709 2.04692270
49.43000000 0.43495492 2.03963706
49.44000000 0.43619892 2.03237987
49.45000000 0.43745914 2.02515104
49.46000000 0.43873567 2.01795048
49.47000000 0.44002858 2.01077810
49.48000000 0.44133793 2.00363382
49.49000000 0.44266380 1.99651756
49.50000000 0.44400627 1.98942923
49.51000000 0.44536541 1.98236874
49.52000000 0.44674131 1.97533601
49.53000000 0.44813403 1.96833095
49.54000000 0.44954367 1.96135348
49.55000000 0.45097031 1.95440352
49.56000000 0.45241403 1.94748098
49.57000000 0.45387491 1.94058578
49.58000000 0.45535304 1.93371784
49.59000000 0.45684851 1.92687706
49.60000000 0.45836141 1.92006337
49.61000000 0.45989183 1.91327669
49.62000000 0.46143986 1.90651693
49.63000000 0.46300559 1.89978401
49.64000000 0.46458913 1.89307785
49.65000000 0.46619056 1.88639837
49.66000000 0.46780998 1.87974548
49.67000000 0.46944750 1.87311911
49.68000000 0.47110321 1.86651916
49.69000000 0.47277722 1.85994557
49.70000000 0.47446963 1.85339825
49.71000000 0.47618054 1.84687712
49.72000000 0.47791006 1.84038210
49.73000000 0.47965830 1.83391311
49.74000000 0.48142536 1.82747008
49.75000000 0.48321137 1.82105291
49.76000000 0.48501642 1.81466153
49.77000000 0.48684064 1.80829587
49.78000000 0.48868414 1.80195584
49.79000000 0.49054704 1.79564137
49.80000000 0.49242944 1.78935238
49.81000000 0.49433149 1.78308879
49.82000000 0.49625328 1.77685052
49.83000000 0.49819496 1.77063749
49.84000000 0.50015663 1.76444964
49.85000000 0.50213843 1.75828687
49.86000000 0.50414049 1.75214912
49.87000000 0.50616293 1.74603631
49.88000000 0.50820589 1.73994837
49.89000000 0.51026949 1.73388520
49.90000000 0.51235387 1.72784676
49.91000000 0.51445917 1.72183294
49.92000000 0.51658552 1.71584369
49.93000000 0.51873306 1.70987893
49.94000000 0.52090193 1.70393858
49.95000000 0.52309227 1.69802257
49.96000000 0.52530423 1.69213082
49.97000000 0.52753794 1.68626326
49.98000000 0.52979357 1.68041982
49.99000000 0.53207125 1.67460043
50.00000000 0.53437113 1.66880501
50.01000000 0.53669337 1.66303349
50.02000000 0.53903812 1.65728580
50.03000000 0.54140554 1.65156186
50.04000000 0.54379578 1.64586161
50.05000000 0.54620900 1.64018497
50.06000000 0.54864536 1.63453187
50.07000000 0.55110503 1.62890225
50.08000000 0.55358816 1.62329602
50.09000000 0.55609492 1.61771313
50.10000000 0.55862549 1.61215350
50.11000000 0.56118002 1.60661706
50.12000000 0.56375869 1.60110374
50.13000000 0.56636168 1.59561348
50.14000000 0.56898915 1.59014620
50.15000000 0.57164129 1.58470184
50.16000000 0.57431827 1.57928032
50.17000000 0.57702028 1.57388159
50.18000000 0.57974749 1.56850557
50.19000000 0.58250009 1.56315220
50.20000000 0.58527826 1.55782140
50.21000000 0.58808220 1.55251312
50.22000000 0.59091209 1.54722729
50.23000000 0.59376813 1.54196383
50.24000000 0.59665050 1.53672269
50.25000000 0.59955941 1.53150380
50.26000000 0.60249506 1.52630710
50.27000000 0.60545763 1.52113251
50.28000000 0.60844734 1.51597998
50.29000000 0.61146439 1.51084944
50.30000000 0.61450898 1.50574082
50.31000000 0.61758133 1.50065407
50.32000000 0.62068163 1.49558912
50.33000000 0.62381012 1.49054591
50.34000000 0.62696699 1.48552437
50.35000000 0.63015246 1.48052444
50.36000000 0.63336677 1.47554606
50.37000000 0.63661011 1.47058917
50.38000000 0.63988273 1.46565371
50.39000000 0.64318484 1.46073962
50.40000000 0.64651667 1.45584683
50.41000000 0.64987845 1.45097528
50.42000000 0.65327041 1.44612492
50.43000000 0.65669279 1.44129568
50.44000000 0.66014582 1.43648751
50.45000000 0.66362975 1.43170035
50.46000000 0.66714480 1.42693413
50.47000000 0.67069124 1.42218880
50.48000000 0.67426930 1.41746430
50.49000000 0.67787923 1.41276057
50.50000000 0.68152128 1.40807756
50.51000000 0.68519570 1.40341520
50.52000000 0.68890276 1.39877344
50.53000000 0.69264270 1.39415223
50.54000000 0.69641579 1.38955150
50.55000000 0.70022229 1.38497121
50.56000000 0.70406246 1.38041129
50.57000000 0.70793659 1.37587169
50.58000000 0.71184492 1.37135236
50.59000000 0.71578774 1.36685324
50.60000000 0.71976533 1.36237427
50.61000000 0.72377796 1.35791540
50.62000000 0.72782590 1.35347659
50.63000000 0.73190946 1.34905776
50.64000000 0.73602890 1.34465888
50.65000000 0.74018453 1.34027989
50.66000000 0.74437662 1.33592074
50.67000000 0.74860549 1.33158136
50.68000000 0.75287141 1.32726173
50.69000000 0.75717470 1.32296177
50.70000000 0.76151565 1.31868144
50.71000000 0.76589457 1.31442069
50.72000000 0.77031177 1.31017947
50.73000000 0.77476756 1.30595773
50.74000000 0.77926226 1.30175542
50.75000000 0.78379617 1.29757249
50.76000000 0.78836962 1.29340889
50.77000000 0.79298293 1.28926457
50.78000000 0.79763643 1.28513949
50.79000000 0.80233045 1.28103359
50.80000000 0.80706532 1.27694683
50.81000000 0.81184136 1.27287916
50.82000000 0.81665893 1.26883053
50.83000000 0.82151836 1.26480090
50.84000000 0.82641999 1.26079022
50.85000000 0.83136418 1.25679845
50.86000000 0.83635127 1.25282554
50.87000000 0.84138161 1.24887143
50.88000000 0.84645556 1.24493610
50.89000000 0.85157349 1.24101950
50.90000000 0.85673574 1.23712157
50.91000000 0.86194270 1.23324228
50.92000000 0.86719473 1.22938159
50.93000000 0.87249221 1.22553944
50.94000000 0.87783550 1.22171580
50.95000000 0.88322499 1.21791063
50.96000000 0.88866107 1.21412388
50.97000000 0.89414411 1.21035552
50.98000000 0.89967451 1.20660549
50.99000000 0.90525266 1.20287376
51.00000000 0.91087896 1.19916030
51.01000000 0.91655381 1.19546505
51.02000000 0.92227762 1.19178798
51.03000000 0.92805078 1.18812905
51.04000000 0.93387372 1.18448822
51.05000000 0.93974684 1.18086546
51.06000000 0.94567057 1.17726071
51.07000000 0.95164533 1.17367396
51.08000000 0.95767154 1.17010515
51.09000000 0.96374964 1.16655426
51.10000000 0.96988005 1.16302124
51.11000000 0.97606322 1.15950606
51.12000000 0.98229958 1.15600868
51.13000000 0.98858958 1.15252907
51.14000000 0.99493367 1.14906719
51.15000000 1.00133231 1.14562301
51.16000000 1.00778594 1.14219650
51.17000000 1.01429504 1.13878761
51.18000000 1.02086006 1.13539632
51.19000000 1.02748147 1.13202259
51.20000000 1.03415975 1.12866639
51.21000000 1.04089537 1.12532769
51.22000000 1.04768882 1.12200646
51.23000000 1.05454058 1.11870266
51.24000000 1.06145114 1.11541626
51.25000000 1.06842099 1.11214724
51.26000000 1.07545064 1.10889555
51.27000000 1.08254057 1.10566119
51.28000000 1.08969131 1.10244410
51.29000000 1.09690336 1.09924427
51.30000000 1.10417724 1.09606167
51.31000000 1.11151347 1.09289626
51.32000000 1.11891256 1.08974803
51.33000000 1.12637506 1.08661693
51.34000000 1.13390149 1.08350296
51.35000000 1.14149239 1.08040607
51.36000000 1.14914830 1.07732625
51.37000000 1.15686977 1.07426347
51.38000000 1.16465735 1.07121770
51.39000000 1.17251161 1.06818892
51.40000000 1.18043309 1.06517711
51.41000000 1.18842236 1.06218224
51.42000000 1.19648000 1.05920429
51.43000000 1.20460658 1.05624323
51.44000000 1.21280268 1.05329905
51.45000000 1.22106888 1.05037172
51.46000000 1.22940578 1.04746122
51.47000000 1.23781397 1.04456753
51.48000000 1.24629405 1.04169063
51.49000000 1.25484662 1.03883051
51.50000000 1.26347229 1.03598713
51.51000000 1.27217169 1.03316048
51.52000000 1.28094542 1.03035055
51.53000000 1.28979411 1.02755732
51.54000000 1.29871840 1.02478076
51.55000000 1.30771892 1.02202087
51.56000000 1.31679630 1.01927762
51.57000000 1.32595120 1.01655101
51.58000000 1.33518427 1.01384101
51.59000000 1.34449616 1.01114760
51.60000000 1.35388754 1.00847079
51.61000000 1.36335906 1.00581055
51.62000000 1.37291141 1.00316686
51.63000000 1.38254527 1.00053972
51.64000000 1.39226131 0.99792912
51.65000000 1.40206022 0.99533504
51.66000000 1.41194271 0.99275748
51.67000000 1.42190946 0.99019641
51.68000000 1.43196119 0.98765184
51.69000000 1.44209861 0.98512375
51.70000000 1.45232244 0.98261214
51.71000000 1.46263339 0.98011699
51.72000000 1.47303220 0.97763831
51.73000000 1.48351960 0.97517607
51.74000000 1.49409634 0.97273028
51.75000000 1.50476315 0.97030093
51.76000000 1.51552079 0.96788802
51.77000000 1.52637003 0.96549154
51.78000000 1.53731161 0.96311148
51.79000000 1.54834632 0.96074785
51.80000000 1.55947493 0.95840064
51.81000000 1.57069822 0.95606985
51.82000000 1.58201697 0.95375547
51.83000000 1.59343200 0.95145752
51.84000000 1.60494408 0.94917598
51.85000000 1.61655404 0.94691086
51.86000000 1.62826268 0.94466216
51.87000000 1.64007083 0.94242988
51.88000000 1.65197930 0.94021402
51.89000000 1.66398894 0.93801460
51.90000000 1.67610057 0.93583160
51.91000000 1.68831505 0.93366504
51.92000000 1.70063322 0.93151492
51.93000000 1.71305595 0.92938125
51.94000000 1.72558409 0.92726404
51.95000000 1.73821851 0.92516329
51.96000000 1.75096010 0.92307901
51.97000000 1.76380973 0.92101121
51.98000000 1.77676830 0.91895990
51.99000000 1.78983671 0.91692509
52.00000000 1.80301584 0.91490679
52.01000000 1.81630663 0.91290502
52.02000000 1.82970997 0.91091979
52.03000000 1.84322680 0.90895111
52.04000000 1.85685805 0.90699899
52.05000000 1.87060465 0.90506346
52.06000000 1.88446754 0.90314452
52.07000000 1.89844768 0.90124220
52.08000000 1.91254602 0.89935651
52.09000000 1.92676353 0.89748748
52.10000000 1.94110117 0.89563511
52.11000000 1.95555993 0.89379944
52.12000000 1.97014079 0.89198048
52.13000000 1.98484474 0.89017826
52.14000000 1.99967279 0.88839279
52.15000000 2.01462592 0.88662411
52.16000000 2.02970517 0.88487224
52.17000000 2.04491154 0.88313720
52.18000000 2.06024607 0.88141903
52.19000000 2.07570978 0.87971774
52.20000000 2.09130372 0.87803337
52.21000000 2.10702893 0.87636595
52.22000000 2.12288648 0.87471551
52.23000000 2.13887742 0.87308208
52.24000000 2.15500282 0.87146570
52.25000000 2.17126375 0.86986639
52.26000000 2.18766131 0.86828420
52.27000000 2.20419657 0.86671915
52.28000000 2.22087064 0.86517129
52.29000000 2.23768463 0.86364066
52.30000000 2.25463963 0.86212729
52.31000000 2.27173678 0.86063123
52.32000000 2.28897720 0.85915251
52.33000000 2.30636202 0.85769119
52.34000000 2.32389237 0.85624729
52.35000000 2.34156942 0.85482088
52.36000000 2.35939431 0.85341198
52.37000000 2.37736820 0.85202067
52.38000000 2.39549226 0.85064697
52.39000000 2.41376768 0.84929094
52.40000000 2.43219562 0.84795264
52.41000000 2.45077728 0.84663211
52.42000000 2.46951387 0.84532942
52.43000000 2.48840657 0.84404460
52.44000000 2.50745661 0.84277773
52.45000000 2.52666519 0.84152886
52.46000000 2.54603356 0.84029804
52.47000000 2.56556293 0.83908535
52.48000000 2.58525454 0.83789083
52.49000000 2.60510965 0.83671456
52.50000000 2.62512951 0.83555661
52.51000000 2.64531537 0.83441702
52.52000000 2.66566850 0.83329588
52.53000000 2.68619018 0.83219326
52.54000000 2.70688168 0.83110922
52.55000000 2.72774429 0.83004384
52.56000000 2.74877931 0.82899719
52.57000000 2.76998803 0.82796935
52.58000000 2.79137176 0.82696039
52.59000000 2.81293181 0.82597040
52.60000000 2.83466951 0.82499945
52.61000000 2.85658618 0.82404763
52.62000000 2.87868315 0.82311503
52.63000000 2.90096176 0.82220172
52.64000000 2.92342335 0.82130779
52.65000000 2.94606928 0.82043335
52.66000000 2.96890090 0.81957846
52.67000000 2.99191958 0.81874324
52.68000000 3.01512668 0.81792778
52.69000000 3.03852358 0.81713217
52.70000000 3.06211165 0.81635651
52.71000000 3.08589230 0.81560090
52.72000000 3.10986690 0.81486545
52.73000000 3.13403685 0.81415026
52.74000000 3.15840356 0.81345543
52.75000000 3.18296843 0.81278109
52.76000000 3.20773289 0.81212734
52.77000000 3.23269833 0.81149428
52.78000000 3.25786619 0.81088205
52.79000000 3.28323790 0.81029076
52.80000000 3.30881489 0.80972052
52.81000000 3.33459859 0.80917147
52.82000000 3.36059044 0.80864372
52.83000000 3.38679190 0.80813740
52.84000000 3.41320440 0.80765265
52.85000000 3.43982941 0.80718959
52.86000000 3.46666838 0.80674837
52.87000000 3.49372277 0.80632911
52.88000000 3.52099404 0.80593196
52.89000000 3.54848367 0.80555706
52.90000000 3.57619313 0.80520457
52.91000000 3.60412388 0.80487461
52.92000000 3.63227740 0.80456735
52.93000000 3.66065518 0.80428295
52.94000000 3.68925869 0.80402155
52.95000000 3.71808942 0.80378332
52.96000000 3.74714885 0.80356841
52.97000000 3.77643847 0.80337701
52.98000000 3.80595976 0.80320926
52.99000000 3.83571422 0.80306535
53.00000000 3.86570334 0.80294546
53.01000000 3.89592860 0.80284975
53.02000000 3.92639150 0.80277841
53.03000000 3.95709353 0.80273163
53.04000000 3.98803618 0.80270959
53.05000000 4.01922094 0.80271248
53.06000000 4.05064931 0.80274051
53.07000000 4.08232276 0.80279387
53.08000000 4.11424279 0.80287276
53.09000000 4.14641089 0.80297738
53.10000000 4.17882853 0.80310796
53.11000000 4.21149721 0.80326469
53.12000000 4.24441839 0.80344781
53.13000000 4.27759356 0.80365752
53.14000000 4.31102418 0.80389406
53.15000000 4.34471172 0.80415766
53.16000000 4.37865766 0.80444855
53.17000000 4.41286344 0.80476696
53.18000000 4.44733052 0.80511315
53.19000000 4.48206036 0.80548735
53.20000000 4.51705439 0.80588982
53.21000000 4.55231405 0.80632081
53.22000000 4.58784077 0.80678059
53.23000000 4.62363597 0.80726942
53.24000000 4.65970107 0.80778756
53.25000000 4.69603747 0.80833531
53.26000000 4.73264657 0.80891292
53.27000000 4.76952977 0.80952070
53.28000000 4.80668842 0.81015892
53.29000000 4.84412391 0.81082789
53.30000000 4.88183759 0.81152790
53.31000000 4.91983081 0.81225926
53.32000000 4.95810489 0.81302229
53.33000000 4.99666115 0.81381729
53.34000000 5.03550091 0.81464459
53.35000000 5.07462545 0.81550453
53.36000000 5.11403605 0.81639743
53.37000000 5.15373398 0.81732364
53.38000000 5.19372046 0.81828350
53.39000000 5.23399675 0.81927736
53.40000000 5.27456403 0.82030559
53.41000000 5.31542351 0.82136855
53.42000000 5.35657636 0.82246661
53.43000000 5.39802373 0.82360015
53.44000000 5.43976675 0.82476956
53.45000000 5.48180654 0.82597524
53.46000000 5.52414417 0.82721757
53.47000000 5.56678071 0.82849697
53.48000000 5.60971720 0.82981385
53.49000000 5.65295465 0.83116864
53.50000000 5.69649405 0.83256177
53.51000000 5.74033637 0.83399366
53.52000000 5.78448253 0.83546478
53.53000000 5.82893343 0.83697556
53.54000000 5.87368995 0.83852648
53.55000000 5.91875293 0.84011799
53.56000000 5.96412317 0.84175059
53.57000000 6.00980145 0.84342476
53.58000000 6.05578852 0.84514099
53.59000000 6.10208507 0.84689979
53.60000000 6.14869177 0.84870168
53.61000000 6.19560925 0.85054717
53.62000000 6.24283810 0.85243680
53.63000000 6.29037887 0.85437111
53.64000000 6.33823205 0.85635065
53.65000000 6.38639812 0.85837599
53.66000000 6.43487750 0.86044769
53.67000000 6.48367054 0.86256635
53.68000000 6.53277758 0.86473256
53.69000000 6.58219889 0.86694691
53.70000000 6.63193469 0.86921002
53.71000000 6.68198515 0.87152252
53.72000000 6.73235038 0.87388506
53.73000000 6.78303046 0.87629826
53.74000000 6.83402538 0.87876281
53.75000000 6.88533509 0.88127936
53.76000000 6.93695948 0.88384861
53.77000000 6.98889836 0.88647125
53.78000000 7.04115149 0.88914799
53.79000000 7.09371857 0.89187956
53.80000000 7.14659922 0.89466669
53.81000000 7.19979300 0.89751013
53.82000000 7.25329938 0.90041064
53.83000000 7.30711779 0.90336900
53.84000000 7.36124755 0.90638600
53.85000000 7.41568792 0.90946245
53.86000000 7.47043808 0.91259916
53.87000000 7.52549712 0.91579697
53.88000000 7.58086405 0.91905672
53.89000000 7.63653780 0.92237929
53.90000000 7.69251721 0.92576555
53.91000000 7.74880101 0.92921640
53.92000000 7.80538786 0.93273275
53.93000000 7.86227632 0.93631553
53.94000000 7.91946484 0.93996569
53.95000000 7.97695178 0.94368418
53.96000000 8.03473539 0.94747199
53.97000000 8.09281383 0.95133012
53.98000000 8.15118512 0.95525957
53.99000000 8.20984721 0.95926138
54.00000000 8.26879790 0.96333661
54.01000000 8.32803489 0.96748632
54.02000000 8.38755576 0.97171161
54.03000000 8.44735797 0.97601357
54.04000000 8.50743884 0.98039335
54.05000000 8.56779557 0.98485208
54.06000000 8.62842525 0.98939095
54.07000000 8.68932480 0.99401113
54.08000000 8.75049102 0.99871384
54.09000000 8.81192057 1.00350030
54.10000000 8.87360997 1.00837179
54.11000000 8.93555557 1.01332955
54.12000000 8.99775360 1.01837491
54.13000000 9.06020012 1.02350917
54.14000000 9.12289103 1.02873368
54.15000000 9.18582207 1.03404981
54.16000000 9.24898883 1.03945895
54.17000000 9.31238672 1.04496251
54.18000000 9.37601097 1.05056192
54.19000000 9.43985664 1.05625866
54.20000000 9.50391863 1.06205421
54.21000000 9.56819164 1.06795009
54.22000000 9.63267018 1.07394783
54.23000000 9.69734858 1.08004900
54.24000000 9.76222097 1.08625520
54.25000000 9.82728128 1.09256803
54.26000000 9.89252325 1.09898915
54.27000000 9.95794039 1.10552023
54.28000000 10.02352603 1.11216297
54.29000000 10.08927327 1.11891910
54.30000000 10.15517499 1.12579037
54.31000000 10.22122385 1.13277857
54.32000000 10.28741229 1.13988552
54.33000000 10.35373251 1.14711305
54.34000000 10.42017648 1.15446305
54.35000000 10.48673592 1.16193741
54.36000000 10.55340234 1.16953806
54.37000000 10.62016697 1.17726697
54.38000000 10.68702079 1.18512614
54.39000000 10.75395455 1.19311758
54.40000000 10.82095872 1.20124335
54.41000000 10.88802350 1.20950554
54.42000000 10.95513884 1.21790627
54.43000000 11.02229441 1.22644768
54.44000000 11.08947959 1.23513195
54.45000000 11.15668352 1.24396131
54.46000000 11.22389500 1.25293798
54.47000000 11.29110258 1.26206425
54.48000000 11.35829451 1.27134244
54.49000000 11.42545874 1.28077486
54.50000000 11.49258292 1.29036391
54.51000000 11.55965438 1.30011199
54.52000000 11.62666018 1.31002153
54.53000000 11.69358703 1.32009500
54.54000000 11.76042134 1.33033490
54.55000000 11.82714922 1.34074376
54.56000000 11.89375642 1.35132416
54.57000000 11.96022839 1.36207868
54.58000000 12.02655025 1.37300996
54.59000000 12.09270678 1.38412064
54.60000000 12.15868244 1.39541342
54.61000000 12.22446133 1.40689102
54.62000000 12.29002724 1.41855618
54.63000000 12.35536360 1.43041169
54.64000000 12.42045350 1.44246034
54.65000000 12.48527968 1.45470498
54.66000000 12.54982454 1.46714846
54.67000000 12.61407013 1.47979367
54.68000000 12.67799815 1.49264353
54.69000000 12.74158996 1.50570097
54.70000000 12.80482654 1.51896896
54.71000000 12.86768856 1.53245049
54.72000000 12.93015630 1.54614855
54.73000000 12.99220972 1.56006619
54.74000000 13.05382840 1.57420646
54.75000000 13.11499160 1.58857241
54.76000000 13.17567821 1.60316714
54.77000000 13.23586680 1.61799374
54.78000000 13.29553557 1.63305533
54.79000000 13.35466239 1.64835503
54.80000000 13.41322479 1.66389598
54.81000000 13.47119999 1.67968133
54.82000000 13.52856484 1.69571423
54.83000000 13.58529591 1.71199783
54.84000000 13.64136940 1.72853529
54.85000000 13.69676124 1.74532978
54.86000000 13.75144704 1.76238444
54.87000000 13.80540211 1.77970242
54.88000000 13.85860145 1.79728688
54.89000000 13.91101981 1.81514094
54.90000000 13.96263164 1.83326771
54.91000000 14.01341113 1.85167031
54.92000000 14.06333222 1.87035181
54.93000000 14.11236860 1.88931527
54.94000000 14.16049373 1.90856372
54.95000000 14.20768087 1.92810016
54.96000000 14.25390304 1.94792756
54.97000000 14.29913309 1.96804885
54.98000000 14.34334369 1.98846691
54.99000000 14.38650735 2.00918458
55.00000000 14.42859643 2.03020465
55.01000000 14.46958317 2.05152985
55.02000000 14.50943969 2.07316286
55.03000000 14.54813805 2.09510627
55.04000000 14.58565022 2.11736263
55.05000000 14.62194811 2.13993440
55.06000000 14.65700363 2.16282396
55.07000000 14.69078868 2.18603360
55.08000000 14.72327517 2.20956552
55.09000000 14.75443507 2.23342184
55.10000000 14.78424041 2.25760455
55.11000000 14.81266334 2.28211555
55.12000000 14.83967611 2.30695662
55.13000000 14.86525113 2.33212941
55.14000000 14.88936102 2.35763545
55.15000000 14.91197857 2.38347614
55.16000000 14.93307685 2.40965272
55.17000000 14.95262919 2.43616632
55.18000000 14.97060923 2.46301787
55.19000000 14.98699095 2.49020817
55.20000000 15.00174873 2.51773784
55.21000000 15.01485733 2.54560732
55.22000000 15.02629196 2.57381690
55.23000000 15.03602834 2.60236663
55.24000000 15.04404268 2.63125641
55.25000000 15.05031177 2.66048590
55.26000000 15.05481296 2.69005459
55.27000000 15.05752428 2.71996172
55.28000000 15.05842439 2.75020631
55.29000000 15.05749268 2.78078718
55.30000000 15.05470927 2.81170286
55.31000000 15.05005510 2.84295169
55.32000000 15.04351191 2.87453172
55.33000000 15.03506230 2.90644076
55.34000000 15.02468979 2.93867637
55.35000000 15.01237885 2.97123580
55.36000000 14.99811490 3.00411607
55.37000000 14.98188441 3.03731389
55.38000000 14.96367489 3.07082569
55.39000000 14.94347495 3.10464762
55.40000000 14.92127432 3.13877552
55.41000000 14.89706390 3.17320494
55.42000000 14.87083580 3.20793112
55.43000000 14.84258334 3.24294899
55.44000000 14.81230112 3.27825316
55.45000000 14.77998503 3.31383796
55.46000000 14.74563228 3.34969735
55.47000000 14.70924145 3.38582503
55.48000000 14.67081247 3.42221432
55.49000000 14.63034669 3.45885826
55.50000000 14.58784689 3.49574956
55.51000000 14.54331730 3.53288059
55.52000000 14.49676359 3.57024342
55.53000000 14.44819294 3.60782979
55.54000000 14.39761401 3.64563111
55.55000000 14.34503697 3.68363850
55.56000000 14.29047353 3.72184274
55.57000000 14.23393689 3.76023432
55.58000000 14.17544180 3.79880342
55.59000000 14.11500456 3.83753991
55.60000000 14.05264295 3.87643337
55.61000000 13.98837633 3.91547309
55.62000000 13.92222555 3.95464809
55.63000000 13.85421298 3.99394711
55.64000000 13.78436249 4.03335862
55.65000000 13.71269943 4.07287083
55.66000000 13.63925063 4.11247171
55.67000000 13.56404434 4.15214899
55.68000000 13.48711027 4.19189018
55.69000000 13.40847948 4.23168257
55.70000000 13.32818443 4.27151324
55.71000000 13.24625889 4.31136910
55.72000000 13.16273794 4.35123686
55.73000000 13.07765791 4.39110308
55.74000000 12.99105638 4.43095417
55.75000000 12.90297205 4.47077640
55.76000000 12.81344481 4.51055593
55.77000000 12.72251559 4.55027880
55.78000000 12.63022637 4.58993099
55.79000000 12.53662011 4.62949838
55.80000000 12.44174069 4.66896680
55.81000000 12.34563287 4.70832205
55.82000000 12.24834221 4.74754991
55.83000000 12.14991503 4.78663614
55.84000000 12.05039834 4.82556653
55.85000000 11.94983978 4.86432688
55.86000000 11.84828755 4.90290306
55.87000000 11.74579037 4.94128099
55.88000000 11.64239738 4.97944667
55.89000000 11.53815810 5.01738620
55.90000000 11.43312235 5.05508579
55.91000000 11.32734020 5.09253181
55.92000000 11.22086188 5.12971075
55.93000000 11.11373775 5.16660926
55.94000000 11.00601819 5.20321420
55.95000000 10.89775357 5.23951260
55.96000000 10.78899417 5.27549172
55.97000000 10.67979012 5.31113903
55.98000000 10.57019135 5.34644226
55.99000000 10.46024749 5.38138936
56.00000000 10.35000785 5.41596860
56.01000000 10.23952135 5.45016847
56.02000000 10.12883646 5.48397780
56.03000000 10.01800114 5.51738570
56.04000000 9.90706278 5.55038160
56.05000000 9.79606818 5.58295524
56.06000000 9.68506346 5.61509673
56.07000000 9.57409405 5.64679647
56.08000000 9.46320460 5.67804526
56.09000000 9.35243900 5.70883422
56.10000000 9.24184027 5.73915486
56.11000000 9.13145057 5.76899904
56.12000000 9.02131114 5.79835901
56.13000000 8.91146228 5.82722738
56.14000000 8.80194332 5.85559715
56.15000000 8.69279256 5.88346173
56.16000000 8.58404731 5.91081487
56.17000000 8.47574379 5.93765076
56.18000000 8.36791716 5.96396393
56.19000000 8.26060149 5.98974934
56.20000000 8.15382973 6.01500231
56.21000000 8.04763373 6.03971857
56.22000000 7.94204418 6.06389421
56.23000000 7.83709064 6.08752574
56.24000000 7.73280152 6.11061001
56.25000000 7.62920409 6.13314427
56.26000000 7.52632445 6.15512614
56.27000000 7.42418754 6.17655360
56.28000000 7.32281717 6.19742500
56.29000000 7.22223600 6.21773905
56.30000000 7.12246552 6.23749479
56.31000000 7.02352611 6.25669163
56.32000000 6.92543703 6.27532930
56.33000000 6.82821640 6.29340787
56.34000000 6.73188128 6.31092772
56.35000000 6.63644760 6.32788956
56.36000000 6.54193025 6.34429441
56.37000000 6.44834305 6.36014356
56.38000000 6.35569879 6.37543861
56.39000000 6.26400924 6.39018145
56.40000000 6.17328517 6.40437423
56.41000000 6.08353639 6.41801937
56.42000000 5.99477173 6.43111952
56.43000000 5.90699910 6.44367761
56.44000000 5.82022551 6.45569678
56.45000000 5.73445707 6.46718042
56.46000000 5.64969903 6.47813211
56.47000000 5.56595581 6.48855566
56.48000000 5.48323101 6.49845506
56.49000000 5.40152746 6.50783450
56.50000000 5.32084720 6.51669836
56.51000000 5.24119157 6.52505117
56.52000000 5.16256116 6.53289763
56.53000000 5.08495591 6.54024260
56.54000000 5.00837508 6.54709107
56.55000000 4.93281730 6.55344818
56.56000000 4.85828060 6.55931918
56.57000000 4.78476242 6.56470946
56.58000000 4.71225964 6.56962450
56.59000000 4.64076862 6.57406990
56.60000000 4.57028518 6.57805133
56.61000000 4.50080470 6.58157456
56.62000000 4.43232206 6.58464546
56.63000000 4.36483171 6.58726992
56.64000000 4.29832770 6.58945395
56.65000000 4.23280368 6.59120358
56.66000000 4.16825292 6.59252490
56.67000000 4.10466834 6.59342406
56.68000000 4.04204255 6.59390721
56.69000000 3.98036783 6.59398058
56.70000000 3.91963618 6.59365038
56.71000000 3.85983934 6.59292288
56.72000000 3.80096878 6.59180434
56.73000000 3.74301576 6.59030103
56.74000000 3.68597130 6.58841922
56.75000000 3.62982625 6.58616521
56.76000000 3.57457125 6.58354526
56.77000000 3.52019681 6.58056564
56.78000000 3.46669325 6.57723259
56.79000000 3.41405079 6.57355235
56.80000000 3.36225951 6.56953112
56.81000000 3.31130940 6.56517509
56.82000000 3.26119033 6.56049042
56.83000000 3.21189211 6.55548322
56.84000000 3.16340448 6.55015958
56.85000000 3.11571713 6.54452556
56.86000000 3.06881968 6.53858716
56.87000000 3.02270173 6.53235033
56.88000000 2.97735286 6.52582101
56.89000000 2.93276264 6.51900506
56.90000000 2.88892060 6.51190829
56.91000000 2.84581632 6.50453648
56.92000000 2.80343936 6.49689533
56.93000000 2.76177930 6.48899049
56.94000000 2.72082577 6.48082758
56.95000000 2.68056840 6.47241211
56.96000000 2.64099690 6.46374958
56.97000000 2.60210098 6.45484540
56.98000000 2.56387045 6.44570491
56.99000000 2.52629514 6.43633341
57.00000000 2.48936497 6.42673613
57.01000000 2.45306991 6.41691822
57.02000000 2.41740001 6.40688477
57.03000000 2.38234540 6.39664081
57.04000000 2.34789629 6.38619130
57.05000000 2.31404298 6.37554113
57.06000000 2.28077584 6.36469512
57.07000000 2.24808535 6.35365803
57.08000000 2.21596206 6.34243454
57.09000000 2.18439666 6.33102927
57.10000000 2.15337989 6.31944677
57.11000000 2.12290263 6.30769151
57.12000000 2.09295584 6.29576792
57.13000000 2.06353059 6.28368034
57.14000000 2.03461806 6.27143303
57.15000000 2.00620953 6.25903020
57.16000000 1.97829641 6.24647601
57.17000000 1.95087019 6.23377450
57.18000000 1.92392250 6.22092970
57.19000000 1.89744506 6.20794554
57.20000000 1.87142970 6.19482589
57.21000000 1.84586840 6.18157455
57.22000000 1.82075320 6.16819528
57.23000000 1.79607629 6.15469173
57.24000000 1.77182996 6.14106753
57.25000000 1.74800661 6.12732622
57.26000000 1.72459877 6.11347128
57.27000000 1.70159907 6.09950615
57.28000000 1.67900024 6.08543417
57.29000000 1.65679515 6.07125865
57.30000000 1.63497675 6.05698283
57.31000000 1.61353814 6.04260989
57.32000000 1.59247249 6.02814295
57.33000000 1.57177310 6.01358506
57.34000000 1.55143339 5.99893924
57.35000000 1.53144686 5.98420843
57.36000000 1.51180713 5.96939552
57.37000000 1.49250794 5.95450335
57.38000000 1.47354312 5.93953470
57.39000000 1.45490660 5.92449230
57.40000000 1.43659243 5.90937881
57.41000000 1.41859475 5.89419687
57.42000000 1.40090780 5.87894904
57.43000000 1.38352593 5.86363784
57.44000000 1.36644358 5.84826574
57.45000000 1.34965528 5.83283516
57.46000000 1.33315569 5.81734848
57.47000000 1.31693952 5.80180800
57.48000000 1.30100160 5.78621602
57.49000000 1.28533686 5.77057476
57.50000000 1.26994031 5.75488641
57.51000000 1.25480704 5.73915310
57.52000000 1.23993224 5.72337694
57.53000000 1.22531119 5.70755996
57.54000000 1.21093925 5.69170419
57.55000000 1.19681188 5.67581159
57.56000000 1.18292461 5.65988409
57.57000000 1.16927305 5.64392358
57.58000000 1.15585290 5.62793189
57.59000000 1.14265993 5.61191084
57.60000000 1.12969000 5.59586220
57.61000000 1.11693905 5.57978769
57.62000000 1.10440308 5.56368902
57.63000000 1.09207818 5.54756784
57.64000000 1.07996051 5.53142577
57.65000000 1.06804630 5.51526440
57.66000000 1.05633185 5.49908528
57.67000000 1.04481353 5.48288993
57.68000000 1.03348779 5.46667985
57.69000000 1.02235113 5.45045647
57.70000000 1.01140014 5.43422122
57.71000000 1.00063145 5.41797550
57.72000000 0.99004177 5.40172066
57.73000000 0.97962787 5.38545803
57.74000000 0.96938658 5.36918891
57.75000000 0.95931479 5.35291458
57.76000000 0.94940946 5.33663627
57.77000000 0.93966759 5.32035519
57.78000000 0.93008625 5.30407255
57.79000000 0.92066258 5.28778949
57.80000000 0.91139374 5.27150715
57.81000000 0.90227698 5.25522663
57.82000000 0.89330958 5.23894903
57.83000000 0.88448888 5.22267539
57.84000000 0.87581229 5.20640676
57.85000000 0.86727723 5.19014414
57.86000000 0.85888121 5.17388852
57.87000000 0.85062176 5.15764086
57.88000000 0.84249648 5.14140211
57.89000000 0.83450300 5.12517318
57.90000000 0.82663900 5.10895496
57.91000000 0.81890221 5.09274835
57.92000000 0.81129041 5.07655418
57.93000000 0.80380140 5.06037331
57.94000000 0.79643305 5.04420654
57.95000000 0.78918326 5.02805466
57.96000000 0.78204995 5.01191847
57.97000000 0.77503112 4.99579871
57.98000000 0.76812479 4.97969612
57.99000000 0.76132900 4.96361143
58.00000000 0.75464187 4.94754534
58.01000000 0.74806151 4.93149855
58.02000000 0.74158610 4.91547171
58.03000000 0.73521385 4.89946548
58.04000000 0.72894299 4.88348050
58.05000000 0.72277179 4.86751740
58.06000000 0.71669857 4.85157677
58.07000000 0.71072167 4.83565921
58.08000000 0.70483945 4.81976530
58.09000000 0.69905032 4.80389560
58.10000000 0.69335272 4.78805065
58.11000000 0.68774511 4.77223098
58.12000000 0.68222599 4.75643713
58.13000000 0.67679388 4.74066958
58.14000000 0.67144733 4.72492884
58.15000000 0.66618492 4.70921539
58.16000000 0.66100527 4.69352969
58.17000000 0.65590701 4.67787220
58.18000000 0.65088879 4.66224336
58.19000000 0.64594931 4.64664360
58.20000000 0.64108728 4.63107334
58.21000000 0.63630144 4.61553299
58.22000000 0.63159054 4.60002295
58.23000000 0.62695338 4.58454360
58.24000000 0.62238876 4.56909531
58.25000000 0.61789552 4.55367846
58.26000000 0.61347250 4.53829340
58.27000000 0.60911860 4.52294046
58.28000000 0.60483269 4.50762000
58.29000000 0.60061371 4.49233232
58.30000000 0.59646059 4.47707775
58.31000000 0.59237230 4.46185660
58.32000000 0.58834780 4.44666916
58.33000000 0.58438611 4.43151572
58.34000000 0.58048625 4.41639656
58.35000000 0.57664723 4.40131195
58.36000000 0.57286814 4.38626216
58.37000000 0.56914803 4.37124744
58.38000000 0.56548600 4.35626803
58.39000000 0.56188116 4.34132419
58.40000000 0.55833263 4.32641613
58.41000000 0.55483956 4.31154409
58.42000000 0.55140110 4.29670828
58.43000000 0.54801643 4.28190891
58.44000000 0.54468474 4.26714619
58.45000000 0.54140524 4.25242031
58.46000000 0.53817714 4.23773145
58.47000000 0.53499968 4.22307981
58.48000000 0.53187212 4.20846557
58.49000000 0.52879370 4.19388888
58.50000000 0.52576372 4.17934991
58.51000000 0.52278147 4.16484883
58.52000000 0.51984624 4.15038578
58.53000000 0.51695736 4.13596092
58.54000000 0.51411416 4.12157437
58.55000000 0.51131598 4.10722629
58.56000000 0.50856217 4.09291679
58.57000000 0.50585211 4.07864600
58.58000000 0.50318518 4.06441404
58.59000000 0.50056076 4.05022103
58.60000000 0.49797827 4.03606707
58.61000000 0.49543710 4.02195227
58.62000000 0.49293670 4.00787673
58.63000000 0.49047649 3.99384055
58.64000000 0.48805592 3.97984381
58.65000000 0.48567445 3.96588660
58.66000000 0.48333154 3.95196900
58.67000000 0.48102668 3.93809109
58.68000000 0.47875934 3.92425295
58.69000000 0.47652904 3.91045464
58.70000000 0.47433526 3.89669622
58.71000000 0.47217753 3.88297777
58.72000000 0.47005537 3.86929933
58.73000000 0.46796831 3.85566096
58.74000000 0.46591590 3.84206271
58.75000000 0.46389769 3.82850463
58.76000000 0.46191323 3.81498676
58.77000000 0.45996209 3.80150914
58.78000000 0.45804386 3.78807180
58.79000000 0.45615810 3.77467478
58.80000000 0.45430441 3.76131811
58.81000000 0.45248239 3.74800181
58.82000000 0.45069165 3.73472591
58.83000000 0.44893180 3.72149043
58.84000000 0.44720247 3.70829538
58.85000000 0.44550327 3.69514079
58.86000000 0.44383384 3.68202665
58.87000000 0.44219383 3.66895299
58.88000000 0.44058288 3.65591981
58.89000000 0.43900065 3.64292711
58.90000000 0.43744680 3.62997489
58.91000000 0.43592100 3.61706315
58.92000000 0.43442293 3.60419189
58.93000000 0.43295225 3.59136110
58.94000000 0.43150867 3.57857077
58.95000000 0.43009187 3.56582090
58.96000000 0.42870155 3.55311146
58.97000000 0.42733741 3.54044245
58.98000000 0.42599917 3.52781384
58.99000000 0.42468653 3.51522562
59.00000000 0.42339923 3.50267777
59.01000000 0.42213698 3.49017025
59.02000000 0.42089951 3.47770305
59.03000000 0.41968657 3.46527615
59.04000000 0.41849789 3.45288950
59.05000000 0.41733322 3.44054307
59.06000000 0.41619232 3.42823685
59.07000000 0.41507493 3.41597078
59.08000000 0.41398082 3.40374483
59.09000000 0.41290975 3.39155898
59.10000000 0.41186149 3.37941316
59.11000000 0.41083582 3.36730736
59.12000000 0.40983252 3.35524151
59.13000000 0.40885137 3.34321558
59.14000000 0.40789216 3.33122953
59.15000000 0.40695467 3.31928330
59.16000000 0.40603871 3.30737684
59.17000000 0.40514407 3.29551011
59.18000000 0.40427056 3.28368306
59.19000000 0.40341799 3.27189562
59.20000000 0.40258616 3.26014776
59.21000000 0.40177490 3.24843940
59.22000000 0.40098402 3.23677050
59.23000000 0.40021335 3.22514101
59.24000000 0.39946270 3.21355085
59.25000000 0.39873192 3.20199997
59.26000000 0.39802083 3.19048830
59.27000000 0.39732928 3.17901580
59.28000000 0.39665710 3.16758239
59.29000000 0.39600413 3.15618801
59.30000000 0.39537023 3.14483259
59.31000000 0.39475524 3.13351607
59.32000000 0.39415902 3.12223838
59.33000000 0.39358142 3.11099946
59.34000000 0.39302231 3.09979923
59.35000000 0.39248155 3.08863762
59.36000000 0.39195900 3.07751457
59.37000000 0.39145453 3.06643000
59.38000000 0.39096801 3.05538384
59.39000000 0.39049932 3.04437602
59.40000000 0.39004834 3.03340646
59.41000000 0.38961495 3.02247509
59.42000000 0.38919902 3.01158184
59.43000000 0.38880045 3.00072662
59.44000000 0.38841912 2.98990937
59.45000000 0.38805493 2.97913000
59.46000000 0.38770777 2.96838843
59.47000000 0.38737753 2.95768460
59.48000000 0.38706411 2.94701841
59.49000000 0.38676743 2.93638979
59.50000000 0.38648737 2.92579867
59.51000000 0.38622384 2.91524495
59.52000000 0.38597676 2.90472855
59.53000000 0.38574604 2.89424941
59.54000000 0.38553159 2.88380742
59.55000000 0.38533332 2.87340252
59.56000000 0.38515115 2.86303461
59.57000000 0.38498501 2.85270361
59.58000000 0.38483481 2.84240945
59.59000000 0.38470048 2.83215203
59.60000000 0.38458196 2.82193126
59.61000000 0.38447915 2.81174708
59.62000000 0.38439201 2.80159937
59.63000000 0.38432046 2.79148808
59.64000000 0.38426443 2.78141309
59.65000000 0.38422387 2.77137434
59.66000000 0.38419871 2.76137173
59.67000000 0.38418890 2.75140517
59.68000000 0.38419437 2.74147457
59.69000000 0.38421508 2.73157986
59.70000000 0.38425097 2.72172093
59.71000000 0.38430200 2.71189771
59.72000000 0.38436810 2.70211010
59.73000000 0.38444924 2.69235801
59.74000000 0.38454537 2.68264135
59.75000000 0.38465645 2.67296004
59.76000000 0.38478243 2.66331399
59.77000000 0.38492327 2.65370309
59.78000000 0.38507895 2.64412728
59.79000000 0.38524942 2.63458644
59.80000000 0.38543464 2.62508050
59.81000000 0.38563459 2.61560936
59.82000000 0.38584924 2.60617293
59.83000000 0.38607855 2.59677113
59.84000000 0.38632250 2.58740385
59.85000000 0.38658106 2.57807101
59.86000000 0.38685421 2.56877252
59.87000000 0.38714192 2.55950828
59.88000000 0.38744418 2.55027821
59.89000000 0.38776096 2.54108220
59.90000000 0.38809225 2.53192018
59.91000000 0.38843804 2.52279205
59.92000000 0.38879830 2.51369771
59.93000000 0.38917302 2.50463708
59.94000000 0.38956220 2.49561006
59.95000000 0.38996583 2.48661656
59.96000000 0.39038389 2.47765649
59.97000000 0.39081637 2.46872975
59.98000000 0.39126328 2.45983626
59.99000000 0.39172462 2.45097592
60.00000000 0.39220036 2.44214864
60.01000000 0.39269053 2.43335432
60.02000000 0.39319511 2.42459288
60.03000000 0.39371412 2.41586422
60.04000000 0.39424755 2.40716826
60.05000000 0.39479541 2.39850489
60.06000000 0.39535770 2.38987402
60.07000000 0.39593444 2.38127557
60.08000000 0.39652563 2.37270945
60.09000000 0.39713128 2.36417555
60.10000000 0.39775142 2.35567379
60.11000000 0.39838604 2.34720407
60.12000000 0.39903517 2.33876631
60.13000000 0.39969882 2.33036041
60.14000000 0.40037701 2.32198628
60.15000000 0.40106976 2.31364383
60.16000000 0.40177709 2.30533297
60.17000000 0.40249902 2.29705360
60.18000000 0.40323558 2.28880563
60.19000000 0.40398679 2.28058898
60.20000000 0.40475268 2.27240354
60.21000000 0.40553327 2.26424924
60.22000000 0.40632859 2.25612598
60.23000000 0.40713868 2.24803366
60.24000000 0.40796356 2.23997220
60.25000000 0.40880327 2.23194151
60.26000000 0.40965785 2.22394149
60.27000000 0.41052732 2.21597205
60.28000000 0.41141172 2.20803312
60.29000000 0.41231110 2.20012458
60.30000000 0.41322550 2.19224636
60.31000000 0.41415494 2.18439836
60.32000000 0.41509948 2.17658050
60.33000000 0.41605917 2.16879268
60.34000000 0.41703403 2.16103482
60.35000000 0.41802413 2.15330683
60.36000000 0.41902951 2.14560861
60.37000000 0.42005021 2.13794007
60.38000000 0.42108629 2.13030114
60.39000000 0.42213780 2.12269172
60.40000000 0.42320479 2.11511171
60.41000000 0.42428732 2.10756104
60.42000000 0.42538544 2.10003962
60.43000000 0.42649921 2.09254735
60.44000000 0.42762868 2.08508415
60.45000000 0.42877393 2.07764993
60.46000000 0.42993499 2.07024461
60.47000000 0.43111195 2.06286809
60.48000000 0.43230486 2.05552029
60.49000000 0.43351379 2.04820112
60.50000000 0.43473880 2.04091050
60.51000000 0.43597996 2.03364833
60.52000000 0.43723734 2.02641454
60.53000000 0.43851101 2.01920904
60.54000000 0.43980105 2.01203173
60.55000000 0.44110751 2.00488254
60.56000000 0.44243049 1.99776138
60.57000000 0.44377004 1.99066816
60.58000000 0.44512626 1.98360280
60.59000000 0.44649922 1.97656522
60.60000000 0.44788899 1.96955532
60.61000000 0.44929567 1.96257303
60.62000000 0.45071932 1.95561826
60.63000000 0.45216004 1.94869093
60.64000000 0.45361791 1.94179095
60.65000000 0.45509301 1.93491824
60.66000000 0.45658544 1.92807271
60.67000000 0.45809528 1.92125429
60.68000000 0.45962263 1.91446288
60.69000000 0.46116757 1.90769842
60.70000000 0.46273020 1.90096080
60.71000000 0.46431061 1.89424997
60.72000000 0.46590890 1.88756582
60.73000000 0.46752517 1.88090828
60.74000000 0.46915951 1.87427727
60.75000000 0.47081203 1.86767270
60.76000000 0.47248283 1.86109451
60.77000000 0.47417201 1.85454259
60.78000000 0.47587967 1.84801688
60.79000000 0.47760592 1.84151730
60.80000000 0.47935088 1.83504376
60.81000000 0.48111464 1.82859618
60.82000000 0.48289732 1.82217449
60.83000000 0.48469904 1.81577861
60.84000000 0.48651989 1.80940845
60.85000000 0.48836001 1.80306394
60.86000000 0.49021950 1.79674500
60.87000000 0.49209848 1.79045155
60.88000000 0.49399707 1.78418352
60.89000000 0.49591540 1.77794082
60.90000000 0.49785359 1.77172338
60.91000000 0.49981175 1.76553112
60.92000000 0.50179002 1.75936397
60.93000000 0.50378853 1.75322185
60.94000000 0.50580739 1.74710468
60.95000000 0.50784674 1.74101238
60.96000000 0.50990672 1.73494489
60.97000000 0.51198746 1.72890212
60.98000000 0.51408908 1.72288400
60.99000000 0.51621174 1.71689045
61.00000000 0.51835555 1.71092141
61.01000000 0.52052068 1.70497679
61.02000000 0.52270725 1.69905652
61.03000000 0.52491541 1.69316053
61.04000000 0.52714531 1.68728875
61.05000000 0.52939709 1.68144109
61.06000000 0.53167090 1.67561749
61.07000000 0.53396688 1.66981788
61.08000000 0.53628520 1.66404218
61.09000000 0.53862600 1.65829032
61.10000000 0.54098944 1.65256223
61.11000000 0.54337567 1.64685784
61.12000000 0.54578485 1.64117707
61.13000000 0.54821715 1.63551986
61.14000000 0.55067273 1.62988613
61.15000000 0.55315174 1.62427581
61.16000000 0.55565435 1.61868884
61.17000000 0.55818074 1.61312514
61.18000000 0.56073106 1.60758464
61.19000000 0.56330550 1.60206728
61.20000000 0.56590421 1.59657299
61.21000000 0.56852739 1.59110169
61.22000000 0.57117520 1.58565332
61.23000000 0.57384782 1.58022782
61.24000000 0.57654543 1.57482510
61.25000000 0.57926821 1.56944511
61.26000000 0.58201635 1.56408778
61.27000000 0.58479003 1.55875303
61.28000000 0.58758945 1.55344082
61.29000000 0.59041478 1.54815106
61.30000000 0.59326623 1.54288369
61.31000000 0.59614398 1.53763865
61.32000000 0.59904823 1.53241586
61.33000000 0.60197918 1.52721528
61.34000000 0.60493702 1.52203682
61.35000000 0.60792197 1.51688044
61.36000000 0.61093421 1.51174605
61.37000000 0.61397397 1.50663360
61.38000000 0.61704144 1.50154303
61.39000000 0.62013684 1.49647426
61.40000000 0.62326037 1.49142725
61.41000000 0.62641226 1.48640192
61.42000000 0.62959271 1.48139821
61.43000000 0.63280195 1.47641607
61.44000000 0.63604020 1.47145542
61.45000000 0.63930767 1.46651621
61.46000000 0.64260460 1.46159838
61.47000000 0.64593121 1.45670187
61.48000000 0.64928773 1.45182661
61.49000000 0.65267439 1.44697254
61.50000000 0.65609143 1.44213961
61.51000000 0.65953908 1.43732776
61.52000000 0.66301758 1.43253692
61.53000000 0.66652717 1.42776703
61.54000000 0.67006809 1.42301805
61.55000000 0.67364060 1.41828991
61.56000000 0.67724493 1.41358255
61.57000000 0.68088134 1.40889591
61.58000000 0.68455007 1.40422994
61.59000000 0.68825140 1.39958459
61.60000000 0.69198556 1.39495978
61.61000000 0.69575283 1.39035547
61.62000000 0.69955346 1.38577161
61.63000000 0.70338773 1.38120812
61.64000000 0.70725588 1.37666497
61.65000000 0.71115821 1.37214209
61.66000000 0.71509498 1.36763944
61.67000000 0.71906645 1.36315694
61.68000000 0.72307293 1.35869456
61.69000000 0.72711467 1.35425224
61.70000000 0.73119197 1.34982992
61.71000000 0.73530511 1.34542755
61.72000000 0.73945438 1.34104508
61.73000000 0.74364007 1.33668246
61.74000000 0.74786248 1.33233963
61.75000000 0.75212189 1.32801654
61.76000000 0.75641862 1.32371314
61.77000000 0.76075295 1.31942938
61.78000000 0.76512520 1.31516521
61.79000000 0.76953568 1.31092057
61.80000000 0.77398469 1.30669543
61.81000000 0.77847255 1.30248972
61.82000000 0.78299957 1.29830340
61.83000000 0.78756608 1.29413642
61.84000000 0.79217239 1.28998872
61.85000000 0.79681883 1.28586028
61.86000000 0.80150573 1.28175102
61.87000000 0.80623343 1.27766091
61.88000000 0.81100224 1.27358990
61.89000000 0.81581251 1.26953795
61.90000000 0.82066459 1.26550500
61.91000000 0.82555881 1.26149100
61.92000000 0.83049552 1.25749592
61.93000000 0.83547507 1.25351971
61.94000000 0.84049781 1.24956232
61.95000000 0.84556410 1.24562370
61.96000000 0.85067431 1.24170382
61.97000000 0.85582878 1.23780263
61.98000000 0.86102788 1.23392008
61.99000000 0.86627200 1.23005613
62.00000000 0.87156149 1.22621075
62.01000000 0.87689673 1.22238387
62.02000000 0.88227811 1.21857547
62.03000000 0.88770600 1.21478550
62.04000000 0.89318079 1.21101392
62.05000000 0.89870287 1.20726068
62.06000000 0.90427263 1.20352575
62.07000000 0.90989048 1.19980909
62.08000000 0.91555680 1.19611066
62.09000000 0.92127200 1.19243041
62.10000000 0.92703650 1.18876831
62.11000000 0.93285069 1.18512431
62.12000000 0.93871500 1.18149839
62.13000000 0.94462984 1.17789049
62.14000000 0.95059563 1.17430059
62.15000000 0.95661281 1.17072865
62.16000000 0.96268179 1.16717462
62.17000000 0.96880301 1.16363847
62.18000000 0.97497691 1.16012017
62.19000000 0.98120392 1.15661968
62.20000000 0.98748450 1.15313696
62.21000000 0.99381909 1.14967198
62.22000000 1.00020815 1.14622471
62.23000000 1.00665212 1.14279510
62.24000000 1.01315147 1.13938313
62.25000000 1.01970667 1.13598876
62.26000000 1.02631817 1.13261196
62.27000000 1.03298646 1.12925269
62.28000000 1.03971201 1.12591093
62.29000000 1.04649530 1.12258664
62.30000000 1.05333682 1.11927979
62.31000000 1.06023705 1.11599035
62.32000000 1.06719648 1.11271829
62.33000000 1.07421562 1.10946357
62.34000000 1.08129497 1.10622617
62.35000000 1.08843503 1.10300607
62.36000000 1.09563631 1.09980322
62.37000000 1.10289932 1.09661760
62.38000000 1.11022460 1.09344919
62.39000000 1.11761265 1.09029795
62.40000000 1.12506401 1.08716385
62.41000000 1.13257920 1.08404688
62.42000000 1.14015878 1.08094701
62.43000000 1.14780327 1.07786420
62.44000000 1.15551322 1.07479844
62.45000000 1.16328919 1.07174969
62.46000000 1.17113173 1.06871794
62.47000000 1.17904140 1.06570316
62.48000000 1.18701877 1.06270533
62.49000000 1.19506440 1.05972441
62.50000000 1.20317886 1.05676040
62.51000000 1.21136275 1.05381327
62.52000000 1.21961664 1.05088299
62.53000000 1.22794112 1.04796954
62.54000000 1.23633678 1.04507291
62.55000000 1.24480423 1.04219308
62.56000000 1.25334407 1.03933002
62.57000000 1.26195690 1.03648371
62.58000000 1.27064334 1.03365414
62.59000000 1.27940401 1.03084128
62.60000000 1.28823954 1.02804512
62.61000000 1.29715055 1.02526565
62.62000000 1.30613767 1.02250284
62.63000000 1.31520156 1.01975668
62.64000000 1.32434284 1.01702715
62.65000000 1.33356217 1.01431424
62.66000000 1.34286022 1.01161794
62.67000000 1.35223763 1.00893822
62.68000000 1.36169507 1.00627508
62.69000000 1.37123323 1.00362849
62.70000000 1.38085276 1.00099846
62.71000000 1.39055436 0.99838496
62.72000000 1.40033872 0.99578799
62.73000000 1.41020652 0.99320754
62.74000000 1.42015848 0.99064359
62.75000000 1.43019528 0.98809613
62.76000000 1.44031765 0.98556515
62.77000000 1.45052629 0.98305066
62.78000000 1.46082194 0.98055263
62.79000000 1.47120532 0.97807106
62.80000000 1.48167715 0.97560594
62.81000000 1.49223820 0.97315728
62.82000000 1.50288919 0.97072505
62.83000000 1.51363087 0.96830926
62.84000000 1.52446402 0.96590990
62.85000000 1.53538938 0.96352697
62.86000000 1.54640773 0.96116046
62.87000000 1.55751984 0.95881038
62.88000000 1.56872649 0.95647671
62.89000000 1.58002848 0.95415946
62.90000000 1.59142659 0.95185863
62.91000000 1.60292163 0.94957422
62.92000000 1.61451439 0.94730622
62.93000000 1.62620570 0.94505465
62.94000000 1.63799637 0.94281949
62.95000000 1.64988722 0.94060076
62.96000000 1.66187908 0.93839846
62.97000000 1.67397280 0.93621259
62.98000000 1.68616921 0.93404315
62.99000000 1.69846917 0.93189015
63.00000000 1.71087353 0.92975360
63.01000000 1.72338315 0.92763351
63.02000000 1.73599890 0.92552987
63.03000000 1.74872167 0.92344271
63.04000000 1.76155232 0.92137202
63.05000000 1.77449175 0.91931783
63.06000000 1.78754086 0.91728013
63.07000000 1.80070055 0.91525894
63.08000000 1.81397172 0.91325428
63.09000000 1.82735529 0.91126615
63.10000000 1.84085219 0.90929457
63.11000000 1.85446334 0.90733955
63.12000000 1.86818967 0.90540111
63.13000000 1.88203214 0.90347927
63.14000000 1.89599168 0.90157404
63.15000000 1.91006926 0.89968544
63.16000000 1.92426584 0.89781348
63.17000000 1.93858238 0.89595820
63.18000000 1.95301986 0.89411960
63.19000000 1.96757928 0.89229772
63.20000000 1.98226161 0.89049256
63.21000000 1.99706785 0.88870416
63.22000000 2.01199902 0.88693254
63.23000000 2.02705611 0.88517772
63.24000000 2.04224015 0.88343974
63.25000000 2.05755217 0.88171861
63.26000000 2.07299319 0.88001436
63.27000000 2.08856425 0.87832703
63.28000000 2.10426641 0.87665664
63.29000000 2.12010071 0.87500323
63.30000000 2.13606822 0.87336682
63.31000000 2.15217000 0.87174744
63.32000000 2.16840713 0.87014514
63.33000000 2.18478069 0.86855995
63.34000000 2.20129177 0.86699190
63.35000000 2.21794146 0.86544103
63.36000000 2.23473087 0.86390738
63.37000000 2.25166111 0.86239099
63.38000000 2.26873329 0.86089189
63.39000000 2.28594854 0.85941014
63.40000000 2.30330800 0.85794576
63.41000000 2.32081279 0.85649881
63.42000000 2.33846407 0.85506933
63.43000000 2.35626300 0.85365737
63.44000000 2.37421072 0.85226297
63.45000000 2.39230841 0.85088619
63.46000000 2.41055724 0.84952706
63.47000000 2.42895839 0.84818565
63.48000000 2.44751306 0.84686201
63.49000000 2.46622243 0.84555619
63.50000000 2.48508772 0.84426824
63.51000000 2.50411012 0.84299822
63.52000000 2.52329086 0.84174619
63.53000000 2.54263117 0.84051221
63.54000000 2.56213226 0.83929634
63.55000000 2.58179538 0.83809864
63.56000000 2.60162178 0.83691917
63.57000000 2.62161270 0.83575800
63.58000000 2.64176941 0.83461520
63.59000000 2.66209317 0.83349083
63.60000000 2.68258524 0.83238496
63.61000000 2.70324692 0.83129766
63.62000000 2.72407948 0.83022900
63.63000000 2.74508422 0.82917907
63.64000000 2.76626244 0.82814793
63.65000000 2.78761544 0.82713566
63.66000000 2.80914453 0.82614234
63.67000000 2.83085103 0.82516806
63.68000000 2.85273627 0.82421288
63.69000000 2.87480158 0.82327691
63.70000000 2.89704829 0.82236021
63.71000000 2.91947775 0.82146289
63.72000000 2.94209131 0.82058502
63.73000000 2.96489032 0.81972671
63.74000000 2.98787615 0.81888804
63.75000000 3.01105017 0.81806911
63.76000000 3.03441374 0.81727002
63.77000000 3.05796825 0.81649085
63.78000000 3.08171508 0.81573173
63.79000000 3.10565562 0.81499274
63.80000000 3.12979127 0.81427400
63.81000000 3.15412344 0.81357560
63.82000000 3.17865352 0.81289766
63.83000000 3.20338293 0.81224030
63.84000000 3.22831308 0.81160361
63.85000000 3.25344540 0.81098773
63.86000000 3.27878132 0.81039276
63.87000000 3.30432226 0.80981883
63.88000000 3.33006967 0.80926605
63.89000000 3.35602498 0.80873457
63.90000000 3.38218964 0.80822449
63.91000000 3.40856509 0.80773595
63.92000000 3.43515279 0.80726909
63.93000000 3.46195419 0.80682403
63.94000000 3.48897076 0.80640091
63.95000000 3.51620397 0.80599989
63.96000000 3.54365526 0.80562108
63.97000000 3.57132612 0.80526465
63.98000000 3.59921803 0.80493074
63.99000000 3.62733244 0.80461950
64.00000000 3.65567085 0.80433108
64.01000000 3.68423474 0.80406564
64.02000000 3.71302558 0.80382334
64.03000000 3.74204486 0.80360434
64.04000000 3.77129407 0.80340881
64.05000000 3.80077470 0.80323691
64.06000000 3.83048823 0.80308882
64.07000000 3.86043616 0.80296471
64.08000000 3.89061998 0.80286475
64.09000000 3.92104117 0.80278913
64.10000000 3.95170122 0.80273804
64.11000000 3.98260164 0.80271165
64.12000000 4.01374391 0.80271017
64.13000000 4.04512952 0.80273378
64.14000000 4.07675996 0.80278269
64.15000000 4.10863672 0.80285709
64.16000000 4.14076128 0.80295720
64.17000000 4.17313513 0.80308321
64.18000000 4.20575975 0.80323535
64.19000000 4.23863661 0.80341383
64.20000000 4.27176721 0.80361888
64.21000000 4.30515300 0.80385070
64.22000000 4.33879546 0.80410955
64.23000000 4.37269605 0.80439564
64.24000000 4.40685624 0.80470922
64.25000000 4.44127747 0.80505052
64.26000000 4.47596120 0.80541980
64.27000000 4.51090888 0.80581730
64.28000000 4.54612193 0.80624329
64.29000000 4.58160179 0.80669801
64.30000000 4.61734989 0.80718173
64.31000000 4.65336764 0.80769472
64.32000000 4.68965644 0.80823726
64.33000000 4.72621770 0.80880963
64.34000000 4.76305281 0.80941210
64.35000000 4.80016314 0.81004498
64.36000000 4.83755007 0.81070854
64.37000000 4.87521495 0.81140309
64.38000000 4.91315913 0.81212895
64.39000000 4.95138394 0.81288640
64.40000000 4.98989071 0.81367579
64.41000000 5.02868075 0.81449741
64.42000000 5.06775534 0.81535161
64.43000000 5.10711577 0.81623872
64.44000000 5.14676330 0.81715907
64.45000000 5.18669918 0.81811301
64.46000000 5.22692464 0.81910089
64.47000000 5.26744089 0.82012308
64.48000000 5.30824914 0.82117993
64.49000000 5.34935054 0.82227182
64.50000000 5.39074627 0.82339912
64.51000000 5.43243745 0.82456223
64.52000000 5.47442520 0.82576152
64.53000000 5.51671061 0.82699741
64.54000000 5.55929474 0.82827029
64.55000000 5.60217864 0.82958058
64.56000000 5.64536334 0.83092871
64.57000000 5.68884981 0.83231509
64.58000000 5.73263903 0.83374016
64.59000000 5.77673192 0.83520438
64.60000000 5.82112941 0.83670818
64.61000000 5.86583237 0.83825204
64.62000000 5.91084163 0.83983642
64.63000000 5.95615803 0.84146179
64.64000000 6.00178233 0.84312864
64.65000000 6.04771528 0.84483748
64.66000000 6.09395760 0.84658879
64.67000000 6.14050996 0.84838309
64.68000000 6.18737299 0.85022091
64.69000000 6.23454729 0.85210277
64.70000000 6.28203341 0.85402922
64.71000000 6.32983186 0.85600080
64.72000000 6.37794313 0.85801808
64.73000000 6.42636762 0.86008163
64.74000000 6.47510573 0.86219203
64.75000000 6.52415778 0.86434986
64.76000000 6.57352405 0.86655574
64.77000000 6.62320477 0.86881027
64.78000000 6.67320014 0.87111408
64.79000000 6.72351026 0.87346781
64.80000000 6.77413522 0.87587210
64.81000000 6.82507502 0.87832761
64.82000000 6.87632963 0.88083501
64.83000000 6.92789893 0.88339498
64.84000000 6.97978277 0.88600822
64.85000000 7.03198091 0.88867544
64.86000000 7.08449305 0.89139736
64.87000000 7.13731884 0.89417471
64.88000000 7.19045783 0.89700823
64.89000000 7.24390953 0.89989870
64.90000000 7.29767336 0.90284687
64.91000000 7.35174866 0.90585355
64.92000000 7.40613471 0.90891953
64.93000000 7.46083070 0.91204563
64.94000000 7.51583573 0.91523268
64.95000000 7.57114884 0.91848153
64.96000000 7.62676895 0.92179304
64.97000000 7.68269493 0.92516808
64.98000000 7.73892554 0.92860756
64.99000000 7.79545944 0.93211238
65.00000000 7.85229520 0.93568346
65.01000000 7.90943131 0.93932175
65.02000000 7.96686613 0.94302821
65.03000000 8.02459793 0.94680382
65.04000000 8.08262489 0.95064956
65.05000000 8.14094506 0.95456645
65.06000000 8.19955640 0.95855552
65.07000000 8.25845672 0.96261782
65.08000000 8.31764376 0.96675441
65.09000000 8.37711511 0.97096638
65.10000000 8.43686826 0.97525484
65.11000000 8.49690054 0.97962092
65.12000000 8.55720919 0.98406575
65.13000000 8.61779130 0.98859050
65.14000000 8.67864383 0.99319635
65.15000000 8.73976360 0.99788452
65.16000000 8.80114730 1.00265624
65.17000000 8.86279146 1.00751275
65.18000000 8.92469248 1.01245532
65.19000000 8.98684660 1.01748524
65.20000000 9.04924991 1.02260384
65.21000000 9.11189833 1.02781246
65.22000000 9.17478765 1.03311245
65.23000000 9.23791347 1.03850520
65.24000000 9.30127123 1.04399212
65.25000000 9.36485620 1.04957465
65.26000000 9.42866348 1.05525425
65.27000000 9.49268798 1.06103239
65.28000000 9.55692443 1.06691059
65.29000000 9.62136740 1.07289039
65.30000000 9.68601122 1.07897334
65.31000000 9.75085008 1.08516103
65.32000000 9.81587794 1.09145508
65.33000000 9.88108857 1.09785712
65.34000000 9.94647552 1.10436883
65.35000000 10.01203216 1.11099190
65.36000000 10.07775161 1.11772805
65.37000000 10.14362681 1.12457903
65.38000000 10.20965045 1.13154663
65.39000000 10.27581501 1.13863266
65.40000000 10.34211273 1.14583895
65.41000000 10.40853562 1.15316737
65.42000000 10.47507546 1.16061981
65.43000000 10.54172378 1.16819822
65.44000000 10.60847185 1.17590453
65.45000000 10.67531073 1.18374075
65.46000000 10.74223117 1.19170888
65.47000000 10.80922371 1.19981099
65.48000000 10.87627860 1.20804915
65.49000000 10.94338582 1.21642546
65.50000000 11.01053511 1.22494209
65.51000000 11.07771589 1.23360119
65.52000000 11.14491733 1.24240499
65.53000000 11.21212831 1.25135571
65.54000000 11.27933741 1.26045562
65.55000000 11.34653295 1.26970704
65.56000000 11.41370291 1.27911230
65.57000000 11.48083500 1.28867375
65.58000000 11.54791662 1.29839381
65.59000000 11.61493486 1.30827491
65.60000000 11.68187651 1.31831950
65.61000000 11.74872802 1.32853008
65.62000000 11.81547554 1.33890918
65.63000000 11.88210491 1.34945936
65.64000000 11.94860162 1.36018321
65.65000000 12.01495085 1.37108335
65.66000000 12.08113744 1.38216243
65.67000000 12.14714590 1.39342314
65.68000000 12.21296041 1.40486818
65.69000000 12.27856479 1.41650031
65.70000000 12.34394255 1.42832229
65.71000000 12.40907683 1.44033693
65.72000000 12.47395043 1.45254705
65.73000000 12.53854583 1.46495551
65.74000000 12.60284513 1.47756519
65.75000000 12.66683008 1.49037901
65.76000000 12.73048211 1.50339990
65.77000000 12.79378228 1.51663081
65.78000000 12.85671128 1.53007474
65.79000000 12.91924948 1.54373468
65.80000000 12.98137690 1.55761366
65.81000000 13.04307318 1.57171473
65.82000000 13.10431763 1.58604095
65.83000000 13.16508922 1.60059540
65.84000000 13.22536656 1.61538118
65.85000000 13.28512792 1.63040140
65.86000000 13.34435123 1.64565919
65.87000000 13.40301409 1.66115769
65.88000000 13.46109374 1.67690002
65.89000000 13.51856714 1.69288935
65.90000000 13.57541086 1.70912884
65.91000000 13.63160121 1.72562163
65.92000000 13.68711414 1.74237089
65.93000000 13.74192532 1.75937977
65.94000000 13.79601011 1.77665143
65.95000000 13.84934358 1.79418901
65.96000000 13.90190050 1.81199564
65.97000000 13.95365538 1.83007445
65.98000000 14.00458246 1.84842853
65.99000000 14.05465572 1.86706098
66.00000000 14.10384890 1.88597486
66.01000000 14.15213549 1.90517320
66.02000000 14.19948878 1.92465901
66.03000000 14.24588184 1.94443526
66.04000000 14.29128755 1.96450489
66.05000000 14.33567860 1.98487079
66.06000000 14.37902754 2.00553580
66.07000000 14.42130675 2.02650273
66.08000000 14.46248848 2.04777432
66.09000000 14.50254489 2.06935325
66.10000000 14.54144803 2.09124213
66.11000000 14.57916989 2.11344353
66.12000000 14.61568239 2.13595990
66.13000000 14.65095744 2.15879366
66.14000000 14.68496694 2.18194710
66.15000000 14.71768279 2.20542245
66.16000000 14.74907695 2.22922182
66.17000000 14.77912146 2.25334726
66.18000000 14.80778841 2.27780065
66.19000000 14.83505005 2.30258381
66.20000000 14.86087876 2.32769841
66.21000000 14.88524712 2.35314601
66.22000000 14.90812788 2.37892801
66.23000000 14.92949407 2.40504571
66.24000000 14.94931897 2.43150023
66.25000000 14.96757616 2.45829255
66.26000000 14.98423957 2.48542350
66.27000000 14.99928348 2.51289372
66.28000000 15.01268260 2.54070369
66.29000000 15.02441206 2.56885371
66.30000000 15.03444748 2.59734390
66.31000000 15.04276499 2.62617416
66.32000000 15.04934127 2.65534422
66.33000000 15.05415357 2.68485357
66.34000000 15.05717980 2.71470151
66.35000000 15.05839851 2.74488711
66.36000000 15.05778895 2.77540919
66.37000000 15.05533112 2.80626638
66.38000000 15.05100580 2.83745701
66.39000000 15.04479460 2.86897921
66.40000000 15.03667996 2.90083083
66.41000000 15.02664524 2.93300945
66.42000000 15.01467474 2.96551240
66.43000000 15.00075371 2.99833673
66.44000000 14.98486843 3.03147920
66.45000000 14.96700623 3.06493631
66.46000000 14.94715552 3.09870424
66.47000000 14.92530584 3.13277888
66.48000000 14.90144788 3.16715585
66.49000000 14.87557353 3.20183043
66.50000000 14.84767590 3.23679761
66.51000000 14.81774936 3.27205207
66.52000000 14.78578958 3.30758816
66.53000000 14.75179353 3.34339993
66.54000000 14.71575954 3.37948111
66.55000000 14.67768732 3.41582509
66.56000000 14.63757796 3.45242497
66.57000000 14.59543400 3.48927351
66.58000000 14.55125939 3.52636313
66.59000000 14.50505956 3.56368597
66.60000000 14.45684143 3.60123381
66.61000000 14.40661339 3.63899814
66.62000000 14.35438536 3.67697011
66.63000000 14.30016877 3.71514056
66.64000000 14.24397655 3.75350005
66.65000000 14.18582320 3.79203879
66.66000000 14.12572472 3.83074672
66.67000000 14.06369866 3.86961346
66.68000000 13.99976408 3.90862836
66.69000000 13.93394158 3.94778049
66.70000000 13.86625327 3.98705862
66.71000000 13.79672276 4.02645128
66.72000000 13.72537513 4.06594672
66.73000000 13.65223696 4.10553296
66.74000000 13.57733625 4.14519776
66.75000000 13.50070245 4.18492867
66.76000000 13.42236640 4.22471302
66.77000000 13.34236031 4.26453794
66.78000000 13.26071772 4.30439034
66.79000000 13.17747348 4.34425698
66.80000000 13.09266373 4.38412445
66.81000000 13.00632580 4.42397917
66.82000000 12.91849822 4.46380745
66.83000000 12.82922066 4.50359546
66.84000000 12.73853388 4.54332927
66.85000000 12.64647968 4.58299485
66.86000000 12.55310084 4.62257810
66.87000000 12.45844111 4.66206487
66.88000000 12.36254507 4.70144096
66.89000000 12.26545817 4.74069215
66.90000000 12.16722658 4.77980421
66.91000000 12.06789721 4.81876290
66.92000000 11.96751758 4.85755405
66.93000000 11.86613581 4.89616349
66.94000000 11.76380053 4.93457714
66.95000000 11.66056080 4.97278098
66.96000000 11.55646609 5.01076110
66.97000000 11.45156617 5.04850369
66.98000000 11.34591106 5.08599508
66.99000000 11.23955099 5.12322174
67.00000000 11.13253628 5.16017030
67.01000000 11.02491732 5.19682758
67.02000000 10.91674449 5.23318058
67.03000000 10.80806809 5.26921650
67.04000000 10.69893827 5.30492280
67.05000000 10.58940501 5.34028713
67.06000000 10.47951799 5.37529744
67.07000000 10.36932659 5.40994192
67.08000000 10.25887980 5.44420902
67.09000000 10.14822616 5.47808752
67.10000000 10.03741374 5.51156647
67.11000000 9.92649002 5.54463524
67.12000000 9.81550191 5.57728354
67.13000000 9.70449567 5.60950138
67.14000000 9.59351682 5.64127914
67.15000000 9.48261019 5.67260753
67.16000000 9.37181978 5.70347761
67.17000000 9.26118876 5.73388084
67.18000000 9.15075946 5.76380900
67.19000000 9.04057328 5.79325428
67.20000000 8.93067068 5.82220923
67.21000000 8.82109117 5.85066678
67.22000000 8.71187323 5.87862026
67.23000000 8.60305434 5.90606338
67.24000000 8.49467092 5.93299022
67.25000000 8.38675831 5.95939528
67.26000000 8.27935077 5.98527343
67.27000000 8.17248146 6.01061994
67.28000000 8.06618241 6.03543045
67.29000000 7.96048452 6.05970100
67.30000000 7.85541755 6.08342802
67.31000000 7.75101012 6.10660831
67.32000000 7.64728968 6.12923904
67.33000000 7.54428254 6.15131778
67.34000000 7.44201385 6.17284243
67.35000000 7.34050762 6.19381128
67.36000000 7.23978669 6.21422298
67.37000000 7.13987278 6.23407652
67.38000000 7.04078646 6.25337123
67.39000000 6.94254717 6.27210680
67.40000000 6.84517324 6.29028323
67.41000000 6.74868191 6.30790086
67.42000000 6.65308931 6.32496032
67.43000000 6.55841051 6.34146259
67.44000000 6.46465952 6.35740892
67.45000000 6.37184930 6.37280085
67.46000000 6.27999180 6.38764022
67.47000000 6.18909798 6.40192914
67.48000000 6.09917779 6.41566996
67.49000000 6.01024024 6.42886532
67.50000000 5.92229341 6.44151808
67.51000000 5.83534445 6.45363137
67.52000000 5.74939964 6.46520851
67.53000000 5.66446436 6.47625305
67.54000000 5.58054320 6.48676878
67.55000000 5.49763988 6.49675965
67.56000000 5.41575737 6.50622981
67.57000000 5.33489785 6.51518361
67.58000000 5.25506277 6.52362555
67.59000000 5.17625287 6.53156031
67.60000000 5.09846818 6.53899272
67.61000000 5.02170808 6.54592774
67.62000000 4.94597132 6.55237050
67.63000000 4.87125603 6.55832622
67.64000000 4.79755975 6.56380026
67.65000000 4.72487946 6.56879810
67.66000000 4.65321159 6.57332531
67.67000000 4.58255209 6.57738755
67.68000000 4.51289637 6.58099058
67.69000000 4.44423943 6.58414024
67.70000000 4.37657578 6.58684243
67.71000000 4.30989954 6.58910313
67.72000000 4.24420443 6.59092837
67.73000000 4.17948378 6.59232424
67.74000000 4.11573058 6.59329686
67.75000000 4.05293748 6.59385239
67.76000000 3.99109683 6.59399705
67.77000000 3.93020067 6.59373706
67.78000000 3.87024078 6.59307866
67.79000000 3.81120869 6.59202812
67.80000000 3.75309567 6.59059172
67.81000000 3.69589281 6.58877572
67.82000000 3.63959097 6.58658642
67.83000000 3.58418083 6.58403008
67.84000000 3.52965292 6.58111298
67.85000000 3.47599761 6.57784135
67.86000000 3.42320511 6.57422144
67.87000000 3.37126553 6.57025946
67.88000000 3.32016888 6.56596160
67.89000000 3.26990506 6.56133402
67.90000000 3.22046387 6.55638285
67.91000000 3.17183508 6.55111417
67.92000000 3.12400837 6.54553405
67.93000000 3.07697338 6.53964850
67.94000000 3.03071972 6.53346350
67.95000000 2.98523696 6.52698496
67.96000000 2.94051468 6.52021876
67.97000000 2.89654241 6.51317074
67.98000000 2.85330973 6.50584666
67.99000000 2.81080619 6.49825225
68.00000000 2.76902138 6.49039318
68.01000000 2.72794490 6.48227504
68.02000000 2.68756640 6.47390339
68.03000000 2.64787557 6.46528372
68.04000000 2.60886212 6.45642146
68.05000000 2.57051583 6.44732196
68.06000000 2.53282654 6.43799052
68.07000000 2.49578415 6.42843239
68.08000000 2.45937862 6.41865274
68.09000000 2.42359999 6.40865666
68.10000000 2.38843838 6.39844919
68.11000000 2.35388397 6.38803531
68.12000000 2.31992705 6.37741992
68.13000000 2.28655798 6.36660785
68.14000000 2.25376721 6.35560387
68.15000000 2.22154531 6.34441268
68.16000000 2.18988291 6.33303890
68.17000000 2.15877075 6.32148710
68.18000000 2.12819970 6.30976177
68.19000000 2.09816068 6.29786734
68.20000000 2.06864477 6.28580815
68.21000000 2.03964311 6.27358850
68.22000000 2.01114697 6.26121260
68.23000000 1.98314773 6.24868461
68.24000000 1.95563688 6.23600860
68.25000000 1.92860601 6.22318860
68.26000000 1.90204684 6.21022856
68.27000000 1.87595117 6.19713235
68.28000000 1.85031095 6.18390379
68.29000000 1.82511822 6.17054665
68.30000000 1.80036514 6.15706459
68.31000000 1.77604398 6.14346126
68.32000000 1.75214713 6.12974019
68.33000000 1.72866708 6.11590490
68.34000000 1.70559645 6.10195882
68.35000000 1.68292796 6.08790530
68.36000000 1.66065445 6.07374768
68.37000000 1.63876886 6.05948919
68.38000000 1.61726425 6.04513302
68.39000000 1.59613380 6.03068231
68.40000000 1.57537077 6.01614013
68.41000000 1.55496856 6.00150949
68.42000000 1.53492066 5.98679335
68.43000000 1.51522067 5.97199461
68.44000000 1.49586231 5.95711611
68.45000000 1.47683940 5.94216065
68.46000000 1.45814584 5.92713096
68.47000000 1.43977566 5.91202973
68.48000000 1.42172299 5.89685959
68.49000000 1.40398205 5.88162311
68.50000000 1.38654717 5.86632282
68.51000000 1.36941278 5.85096121
68.52000000 1.35257340 5.83554070
68.53000000 1.33602364 5.82006366
68.54000000 1.31975823 5.80453244
68.55000000 1.30377197 5.78894932
68.56000000 1.28805977 5.77331652
68.57000000 1.27261662 5.75763626
68.58000000 1.25743760 5.74191067
68.59000000 1.24251790 5.72614186
68.60000000 1.22785276 5.71033188
68.61000000 1.21343755 5.69448276
68.62000000 1.19926769 5.67859647
68.63000000 1.18533870 5.66267494
68.64000000 1.17164618 5.64672007
68.65000000 1.15818582 5.63073371
68.66000000 1.14495338 5.61471767
68.67000000 1.13194471 5.59867373
68.68000000 1.11915571 5.58260363
68.69000000 1.10658239 5.56650907
68.70000000 1.09422082 5.55039171
68.71000000 1.08206714 5.53425318
68.72000000 1.07011758 5.51809508
68.73000000 1.05836842 5.50191896
68.74000000 1.04681602 5.48572634
68.75000000 1.03545682 5.46951873
68.76000000 1.02428731 5.45329757
68.77000000 1.01330406 5.43706431
68.78000000 1.00250369 5.42082032
68.79000000 0.99188291 5.40456698
68.80000000 0.98143847 5.38830562
68.81000000 0.97116718 5.37203754
68.82000000 0.96106594 5.35576403
68.83000000 0.95113169 5.33948633
68.84000000 0.94136141 5.32320565
68.85000000 0.93175218 5.30692320
68.86000000 0.92230111 5.29064012
68.87000000 0.91300537 5.27435758
68.88000000 0.90386218 5.25807666
68.89000000 0.89486882 5.24179847
68.90000000 0.88602264 5.22552407
68.91000000 0.87732100 5.20925449
68.92000000 0.86876135 5.19299075
68.93000000 0.86034116 5.17673383
68.94000000 0.85205798 5.16048471
68.95000000 0.84390938 5.14424433
68.96000000 0.83589299 5.12801361
68.97000000 0.82800649 5.11179346
68.98000000 0.82024760 5.09558475
68.99000000 0.81261407 5.07938834
69.00000000 0.80510373 5.06320508
69.01000000 0.79771440 5.04703578
69.02000000 0.79044400 5.03088125
69.03000000 0.78329045 5.01474225
69.04000000 0.77625172 4.99861956
69.05000000 0.76932584 4.98251391
69.06000000 0.76251084 4.96642604
69.07000000 0.75580481 4.95035664
69.08000000 0.74920590 4.93430642
69.09000000 0.74271225 4.91827604
69.10000000 0.73632206 4.90226615
69.11000000 0.73003357 4.88627741
69.12000000 0.72384505 4.87031043
69.13000000 0.71775480 4.85436583
69.14000000 0.71176116 4.83844419
69.15000000 0.70586248 4.82254610
69.16000000 0.70005717 4.80667212
69.17000000 0.69434365 4.79082279
69.18000000 0.68872040 4.77499867
69.19000000 0.68318589 4.75920025
69.20000000 0.67773865 4.74342807
69.21000000 0.67237723 4.72768260
69.22000000 0.66710019 4.71196434
69.23000000 0.66190615 4.69627375
69.24000000 0.65679374 4.68061128
69.25000000 0.65176160 4.66497739
69.26000000 0.64680843 4.64937251
69.27000000 0.64193293 4.63379706
69.28000000 0.63713384 4.61825145
69.29000000 0.63240991 4.60273607
69.30000000 0.62775993 4.58725132
69.31000000 0.62318270 4.57179757
69.32000000 0.61867704 4.55637519
69.33000000 0.61424182 4.54098453
69.34000000 0.60987589 4.52562595
69.35000000 0.60557816 4.51029977
69.36000000 0.60134754 4.49500634
69.37000000 0.59718297 4.47974595
69.38000000 0.59308340 4.46451893
69.39000000 0.58904781 4.44932556
69.40000000 0.58507519 4.43416615
69.41000000 0.58116457 4.41904097
69.42000000 0.57731497 4.40395029
69.43000000 0.57352546 4.38889438
69.44000000 0.56979509 4.37387350
69.45000000 0.56612295 4.35888790
69.46000000 0.56250816 4.34393781
69.47000000 0.55894984 4.32902347
69.48000000 0.55544712 4.31414511
69.49000000 0.55199916 4.29930294
69.50000000 0.54860514 4.28449718
69.51000000 0.54526423 4.26972803
69.52000000 0.54197565 4.25499568
69.53000000 0.53873860 4.24030033
69.54000000 0.53555233 4.22564217
69.55000000 0.53241609 4.21102136
69.56000000 0.52932912 4.19643808
69.57000000 0.52629071 4.18189250
69.58000000 0.52330015 4.16738478
69.59000000 0.52035674 4.15291506
69.60000000 0.51745979 4.13848350
69.61000000 0.51460864 4.12409024
69.62000000 0.51180263 4.10973541
69.63000000 0.50904110 4.09541914
69.64000000 0.50632343 4.08114157
69.65000000 0.50364899 4.06690280
69.66000000 0.50101717 4.05270297
69.67000000 0.49842738 4.03854216
69.68000000 0.49587902 4.02442050
69.69000000 0.49337152 4.01033808
69.70000000 0.49090432 3.99629500
69.71000000 0.48847685 3.98229135
69.72000000 0.48608857 3.96832721
69.73000000 0.48373895 3.95440268
69.74000000 0.48142746 3.94051782
69.75000000 0.47915360 3.92667271
69.76000000 0.47691684 3.91286742
69.77000000 0.47471670 3.89910201
69.78000000 0.47255270 3.88537656
69.79000000 0.47042434 3.87169111
69.80000000 0.46833118 3.85804572
69.81000000 0.46627273 3.84444045
69.82000000 0.46424857 3.83087533
69.83000000 0.46225823 3.81735041
69.84000000 0.46030129 3.80386574
69.85000000 0.45837732 3.79042135
69.86000000 0.45648591 3.77701727
69.87000000 0.45462664 3.76365353
69.88000000 0.45279910 3.75033016
69.89000000 0.45100292 3.73704719
69.90000000 0.44923769 3.72380463
69.91000000 0.44750303 3.71060250
69.92000000 0.44579858 3.69744083
69.93000000 0.44412397 3.68431961
69.94000000 0.44247883 3.67123886
69.95000000 0.44086282 3.65819859
69.96000000 0.43927559 3.64519880
69.97000000 0.43771680 3.63223949
69.98000000 0.43618611 3.61932067
69.99000000 0.43468321 3.60644232
70.00000000 0.43320776 3.59360445
70.01000000 0.43175945 3.58080704
70.02000000 0.43033799 3.56805008
70.03000000 0.42894305 3.55533357
70.04000000 0.42757435 3.54265748
70.05000000 0.42623159 3.53002180
70.06000000 0.42491450 3.51742651
70.07000000 0.42362278 3.50487159
70.08000000 0.42235616 3.49235702
70.09000000 0.42111438 3.47988276
70.10000000 0.41989716 3.46744880
70.11000000 0.41870425 3.45505511
70.12000000 0.41753540 3.44270164
70.13000000 0.41639035 3.43038838
70.14000000 0.41526886 3.41811529
70.15000000 0.41417069 3.40588232
70.16000000 0.41309560 3.39368945
70.17000000 0.41204337 3.38153663
70.18000000 0.41101377 3.36942382
70.19000000 0.41000657 3.35735098
70.20000000 0.40902155 3.34531807
70.21000000 0.40805851 3.33332504
70.22000000 0.40711724 3.32137184
70.23000000 0.40619752 3.30945842
70.24000000 0.40529917 3.29758474
70.25000000 0.40442197 3.28575074
70.26000000 0.40356575 3.27395638
70.27000000 0.40273030 3.26220159
70.28000000 0.40191545 3.25048632
70.29000000 0.40112102 3.23881052
70.30000000 0.40034682 3.22717413
70.31000000 0.39959268 3.21557708
70.32000000 0.39885843 3.20401933
70.33000000 0.39814391 3.19250081
70.34000000 0.39744894 3.18102145
70.35000000 0.39677338 3.16958120
70.36000000 0.39611706 3.15817999
70.37000000 0.39547984 3.14681776
70.38000000 0.39486155 3.13549444
70.39000000 0.39426205 3.12420995
70.40000000 0.39368121 3.11296425
70.41000000 0.39311887 3.10175725
70.42000000 0.39257490 3.09058889
70.43000000 0.39204917 3.07945909
70.44000000 0.39154154 3.06836779
70.45000000 0.39105189 3.05731491
70.46000000 0.39058009 3.04630038
70.47000000 0.39012602 3.03532413
70.48000000 0.38968956 3.02438608
70.49000000 0.38927058 3.01348616
70.50000000 0.38886898 3.00262429
70.51000000 0.38848464 2.99180040
70.52000000 0.38811746 2.98101440
70.53000000 0.38776732 2.97026622
70.54000000 0.38743413 2.95955579
70.55000000 0.38711777 2.94888301
70.56000000 0.38681816 2.93824783
70.57000000 0.38653520 2.92765014
70.58000000 0.38626879 2.91708988
70.59000000 0.38601884 2.90656696
70.60000000 0.38578526 2.89608129
70.61000000 0.38556796 2.88563281
70.62000000 0.38536686 2.87522142
70.63000000 0.38518188 2.86484704
70.64000000 0.38501294 2.85450959
70.65000000 0.38485996 2.84420898
70.66000000 0.38472286 2.83394513
70.67000000 0.38460157 2.82371796
70.68000000 0.38449602 2.81352737
70.69000000 0.38440614 2.80337329
70.70000000 0.38433186 2.79325563
70.71000000 0.38427312 2.78317429
70.72000000 0.38422986 2.77312920
70.73000000 0.38420201 2.76312027
70.74000000 0.38418951 2.75314740
70.75000000 0.38419231 2.74321052
70.76000000 0.38421036 2.73330953
70.77000000 0.38424360 2.72344435
70.78000000 0.38429197 2.71361488
70.79000000 0.38435544 2.70382104
70.80000000 0.38443395 2.69406274
70.81000000 0.38452746 2.68433988
70.82000000 0.38463592 2.67465239
70.83000000 0.38475930 2.66500017
70.84000000 0.38489755 2.65538313
70.85000000 0.38505063 2.64580118
70.86000000 0.38521851 2.63625422
70.87000000 0.38540115 2.62674218
70.88000000 0.38559853 2.61726495
70.89000000 0.38581060 2.60782246
70.90000000 0.38603735 2.59841460
70.91000000 0.38627873 2.58904128
70.92000000 0.38653474 2.57970242
70.93000000 0.38680533 2.57039792
70.94000000 0.38709050 2.56112769
70.95000000 0.38739021 2.55189164
70.96000000 0.38770445 2.54268968
70.97000000 0.38803321 2.53352172
70.98000000 0.38837645 2.52438766
70.99000000 0.38873418 2.51528741
71.00000000 0.38910638 2.50622089
71.01000000 0.38949303 2.49718799
71.02000000 0.38989412 2.48818863
71.03000000 0.39030965 2.47922271
71.04000000 0.39073962 2.47029014
71.05000000 0.39118400 2.46139084
71.06000000 0.39164281 2.45252470
71.07000000 0.39211603 2.44369164
71.08000000 0.39260368 2.43489156
71.09000000 0.39310574 2.42612437
71.10000000 0.39362222 2.41738998
71.11000000 0.39415312 2.40868829
71.12000000 0.39469845 2.40001922
71.13000000 0.39525822 2.39138268
71.14000000 0.39583243 2.38277856
71.15000000 0.39642109 2.37420678
71.16000000 0.39702421 2.36566725
71.17000000 0.39764181 2.35715987
71.18000000 0.39827389 2.34868455
71.19000000 0.39892048 2.34024120
71.20000000 0.39958159 2.33182973
71.21000000 0.40025723 2.32345004
71.22000000 0.40094743 2.31510205
71.23000000 0.40165221 2.30678566
71.24000000 0.40237158 2.29850079
71.25000000 0.40310558 2.29024733
71.26000000 0.40385422 2.28202520
71.27000000 0.40461754 2.27383431
71.28000000 0.40539555 2.26567456
71.29000000 0.40618829 2.25754587
71.30000000 0.40699579 2.24944814
71.31000000 0.40781808 2.24138129
71.32000000 0.40865520 2.23334521
71.33000000 0.40950716 2.22533983
71.34000000 0.41037402 2.21736505
71.35000000 0.41125581 2.20942078
71.36000000 0.41215257 2.20150693
71.37000000 0.41306433 2.19362341
71.38000000 0.41399114 2.18577013
71.39000000 0.41493303 2.17794699
71.40000000 0.41589006 2.17015392
71.41000000 0.41686227 2.16239082
71.42000000 0.41784969 2.15465761
71.43000000 0.41885239 2.14695418
71.44000000 0.41987041 2.13928046
71.45000000 0.42090379 2.13163635
71.46000000 0.42195260 2.12402176
71.47000000 0.42301687 2.11643662
71.48000000 0.42409668 2.10888082
71.49000000 0.42519207 2.10135428
71.50000000 0.42630309 2.09385691
71.51000000 0.42742981 2.08638863
71.52000000 0.42857229 2.07894934
71.53000000 0.42973058 2.07153897
71.54000000 0.43090475 2.06415741
71.55000000 0.43209487 2.05680459
71.56000000 0.43330098 2.04948041
71.57000000 0.43452317 2.04218480
71.58000000 0.43576150 2.03491766
71.59000000 0.43701604 2.02767891
71.60000000 0.43828685 2.02046846
71.61000000 0.43957402 2.01328622
71.62000000 0.44087760 2.00613212
71.63000000 0.44219768 1.99900605
71.64000000 0.44353433 1.99190795
71.65000000 0.44488762 1.98483772
71.66000000 0.44625764 1.97779528
71.67000000 0.44764447 1.97078054
71.68000000 0.44904818 1.96379343
71.69000000 0.45046885 1.95683384
71.70000000 0.45190658 1.94990171
71.71000000 0.45336144 1.94299695
71.72000000 0.45483352 1.93611947
71.73000000 0.45632291 1.92926919
71.74000000 0.45782970 1.92244603
71.75000000 0.45935397 1.91564990
71.76000000 0.46089582 1.90888072
71.77000000 0.46245535 1.90213842
71.78000000 0.46403264 1.89542290
71.79000000 0.46562779 1.88873408
71.80000000 0.46724091 1.88207189
71.81000000 0.46887208 1.87543624
71.82000000 0.47052141 1.86882705
71.83000000 0.47218900 1.86224424
71.84000000 0.47387495 1.85568773
71.85000000 0.47557937 1.84915744
71.86000000 0.47730236 1.84265329
71.87000000 0.47904404 1.83617520
71.88000000 0.48080450 1.82972308
71.89000000 0.48258386 1.82329686
71.90000000 0.48438223 1.81689647
71.91000000 0.48619973 1.81052181
71.92000000 0.48803646 1.80417282
71.93000000 0.48989255 1.79784941
71.94000000 0.49176811 1.79155150
71.95000000 0.49366327 1.78527902
71.96000000 0.49557813 1.77903190
71.97000000 0.49751283 1.77281004
71.98000000 0.49946749 1.76661338
71.99000000 0.50144223 1.76044184
72.00000000 0.50343718 1.75429534
72.01000000 0.50545247 1.74817381
72.02000000 0.50748823 1.74207716
72.03000000 0.50954459 1.73600533
72.04000000 0.51162168 1.72995824
72.05000000 0.51371964 1.72393581
72.06000000 0.51583860 1.71793797
72.07000000 0.51797870 1.71196464
72.08000000 0.52014009 1.70601575
72.09000000 0.52232290 1.70009122
72.10000000 0.52452727 1.69419099
72.11000000 0.52675335 1.68831497
72.12000000 0.52900129 1.68246309
72.13000000 0.53127123 1.67663529
72.14000000 0.53356332 1.67083148
72.15000000 0.53587771 1.66505160
72.16000000 0.53821457 1.65929557
72.17000000 0.54057403 1.65356333
72.18000000 0.54295626 1.64785479
72.19000000 0.54536142 1.64216989
72.20000000 0.54778966 1.63650856
72.21000000 0.55024114 1.63087072
72.22000000 0.55271604 1.62525632
72.23000000 0.55521451 1.61966526
72.24000000 0.55773672 1.61409749
72.25000000 0.56028284 1.60855294
72.26000000 0.56285304 1.60303154
72.27000000 0.56544750 1.59753321
72.28000000 0.56806638 1.59205789
72.29000000 0.57070986 1.58660551
72.30000000 0.57337812 1.58117601
72.31000000 0.57607135 1.57576930
72.32000000 0.57878971 1.57038534
72.33000000 0.58153340 1.56502404
72.34000000 0.58430260 1.55968535
72.35000000 0.58709749 1.55436920
72.36000000 0.58991827 1.54907551
72.37000000 0.59276513 1.54380423
72.38000000 0.59563827 1.53855528
72.39000000 0.59853786 1.53332861
72.40000000 0.60146412 1.52812414
72.41000000 0.60441725 1.52294182
72.42000000 0.60739743 1.51778157
72.43000000 0.61040488 1.51264334
72.44000000 0.61343981 1.50752705
72.45000000 0.61650241 1.50243265
72.46000000 0.61959290 1.49736008
72.47000000 0.62271150 1.49230926
72.48000000 0.62585840 1.48728014
72.49000000 0.62903384 1.48227265
72.50000000 0.63223802 1.47728673
72.51000000 0.63547118 1.47232233
72.52000000 0.63873352 1.46737937
72.53000000 0.64202527 1.46245780
72.54000000 0.64534667 1.45755756
72.55000000 0.64869794 1.45267858
72.56000000 0.65207931 1.44782081
72.57000000 0.65549101 1.44298418
72.58000000 0.65893328 1.43816864
72.59000000 0.66240636 1.43337413
72.60000000 0.66591049 1.42860058
72.61000000 0.66944591 1.42384794
72.62000000 0.67301287 1.41911616
72.63000000 0.67661161 1.41440516
72.64000000 0.68024239 1.40971490
72.65000000 0.68390545 1.40504532
72.66000000 0.68760105 1.40039636
72.67000000 0.69132944 1.39576796
72.68000000 0.69509090 1.39116007
72.69000000 0.69888567 1.38657262
72.70000000 0.70271403 1.38200558
72.71000000 0.70657623 1.37745887
72.72000000 0.71047255 1.37293245
72.73000000 0.71440327 1.36842625
72.74000000 0.71836865 1.36394024
72.75000000 0.72236898 1.35947434
72.76000000 0.72640453 1.35502851
72.77000000 0.73047558 1.35060269
72.78000000 0.73458243 1.34619683
72.79000000 0.73872535 1.34181088
72.80000000 0.74290465 1.33744479
72.81000000 0.74712060 1.33309850
72.82000000 0.75137351 1.32877195
72.83000000 0.75566369 1.32446511
72.84000000 0.75999142 1.32017792
72.85000000 0.76435701 1.31591032
72.86000000 0.76876077 1.31166227
72.87000000 0.77320301 1.30743371
72.88000000 0.77768405 1.30322460
72.89000000 0.78220419 1.29903489
72.90000000 0.78676376 1.29486453
72.91000000 0.79136308 1.29071347
72.92000000 0.79600247 1.28658165
72.93000000 0.80068227 1.28246904
72.94000000 0.80540279 1.27837558
72.95000000 0.81016438 1.27430124
72.96000000 0.81496737 1.27024595
72.97000000 0.81981211 1.26620967
72.98000000 0.82469892 1.26219236
72.99000000 0.82962817 1.25819397
73.00000000 0.83460020 1.25421446
73.01000000 0.83961535 1.25025378
73.02000000 0.84467399 1.24631188
73.03000000 0.84977648 1.24238872
73.04000000 0.85492318 1.23848426
73.05000000 0.86011444 1.23459845
73.06000000 0.86535065 1.23073125
73.07000000 0.87063217 1.22688262
73.08000000 0.87595937 1.22305250
73.09000000 0.88133265 1.21924087
73.10000000 0.88675237 1.21544768
73.11000000 0.89221892 1.21167288
73.12000000 0.89773269 1.20791643
73.13000000 0.90329408 1.20417830
73.14000000 0.90890348 1.20045845
73.15000000 0.91456128 1.19675682
73.16000000 0.92026790 1.19307339
73.17000000 0.92602374 1.18940812
73.18000000 0.93182920 1.18576096
73.19000000 0.93768470 1.18213187
73.20000000 0.94359067 1.17852082
73.21000000 0.94954751 1.17492777
73.22000000 0.95555566 1.17135269
73.23000000 0.96161554 1.16779553
73.24000000 0.96772758 1.16425625
73.25000000 0.97389223 1.16073483
73.26000000 0.98010991 1.15723122
73.27000000 0.98638108 1.15374540
73.28000000 0.99270618 1.15027731
73.29000000 0.99908567 1.14682694
73.30000000 1.00552000 1.14339424
73.31000000 1.01200962 1.13997919
73.32000000 1.01855500 1.13658174
73.33000000 1.02515662 1.13320186
73.34000000 1.03181493 1.12983953
73.35000000 1.03853042 1.12649471
73.36000000 1.04530357 1.12316736
73.37000000 1.05213486 1.11985746
73.38000000 1.05902477 1.11656497
73.39000000 1.06597381 1.11328987
73.40000000 1.07298246 1.11003212
73.41000000 1.08005123 1.10679169
73.42000000 1.08718062 1.10356856
73.43000000 1.09437114 1.10036269
73.44000000 1.10162332 1.09717406
73.45000000 1.10893765 1.09400264
73.46000000 1.11631467 1.09084839
73.47000000 1.12375491 1.08771130
73.48000000 1.13125889 1.08459133
73.49000000 1.13882716 1.08148847
73.50000000 1.14646024 1.07840267
73.51000000 1.15415870 1.07533393
73.52000000 1.16192307 1.07228221
73.53000000 1.16975392 1.06924748
73.54000000 1.17765179 1.06622973
73.55000000 1.18561726 1.06322893
73.56000000 1.19365090 1.06024506
73.57000000 1.20175328 1.05727809
73.58000000 1.20992497 1.05432800
73.59000000 1.21816656 1.05139477
73.60000000 1.22647864 1.04847838
73.61000000 1.23486180 1.04557881
73.62000000 1.24331663 1.04269604
73.63000000 1.25184375 1.03983004
73.64000000 1.26044376 1.03698080
73.65000000 1.26911727 1.03414830
73.66000000 1.27786491 1.03133252
73.67000000 1.28668728 1.02853344
73.68000000 1.29558503 1.02575105
73.69000000 1.30455878 1.02298532
73.70000000 1.31360918 1.02023625
73.71000000 1.32273687 1.01750381
73.72000000 1.33194249 1.01478799
73.73000000 1.34122671 1.01208878
73.74000000 1.35059017 1.00940616
73.75000000 1.36003356 1.00674011
73.76000000 1.36955754 1.00409063
73.77000000 1.37916277 1.00145770
73.78000000 1.38884996 0.99884131
73.79000000 1.39861978 0.99624145
73.80000000 1.40847292 0.99365810
73.81000000 1.41841009 0.99109126
73.82000000 1.42843199 0.98854092
73.83000000 1.43853932 0.98600706
73.84000000 1.44873281 0.98348968
73.85000000 1.45901318 0.98098877
73.86000000 1.46938114 0.97850432
73.87000000 1.47983744 0.97603632
73.88000000 1.49038281 0.97358477
73.89000000 1.50101800 0.97114967
73.90000000 1.51174375 0.96873100
73.91000000 1.52256083 0.96632877
73.92000000 1.53346999 0.96394296
73.93000000 1.54447201 0.96157358
73.94000000 1.55556765 0.95922062
73.95000000 1.56675770 0.95688408
73.96000000 1.57804294 0.95456395
73.97000000 1.58942416 0.95226025
73.98000000 1.60090217 0.94997296
73.99000000 1.61247777 0.94770209
74.00000000 1.62415177 0.94544764
74.01000000 1.63592498 0.94320962
74.02000000 1.64779823 0.94098801
74.03000000 1.65977235 0.93878283
74.04000000 1.67184817 0.93659408
74.05000000 1.68402655 0.93442176
74.06000000 1.69630831 0.93226589
74.07000000 1.70869433 0.93012646
74.08000000 1.72118546 0.92800348
74.09000000 1.73378257 0.92589697
74.10000000 1.74648654 0.92380692
74.11000000 1.75929824 0.92173335
74.12000000 1.77221857 0.91967626
74.13000000 1.78524841 0.91763568
74.14000000 1.79838867 0.91561160
74.15000000 1.81164026 0.91360404
74.16000000 1.82500409 0.91161301
74.17000000 1.83848108 0.90963853
74.18000000 1.85207216 0.90768062
74.19000000 1.86577826 0.90573927
74.20000000 1.87960033 0.90381452
74.21000000 1.89353930 0.90190638
74.22000000 1.90759615 0.90001487
74.23000000 1.92177182 0.89814000
74.24000000 1.93606729 0.89628180
74.25000000 1.95048353 0.89444028
74.26000000 1.96502153 0.89261546
74.27000000 1.97968227 0.89080738
74.28000000 1.99446675 0.88901604
74.29000000 2.00937597 0.88724148
74.30000000 2.02441094 0.88548372
74.31000000 2.03957269 0.88374279
74.32000000 2.05486222 0.88201871
74.33000000 2.07028058 0.88031150
74.34000000 2.08582881 0.87862121
74.35000000 2.10150794 0.87694785
74.36000000 2.11731903 0.87529146
74.37000000 2.13326314 0.87365207
74.38000000 2.14934134 0.87202971
74.39000000 2.16555470 0.87042442
74.40000000 2.18190429 0.86883623
74.41000000 2.19839121 0.86726518
74.42000000 2.21501656 0.86571130
74.43000000 2.23178143 0.86417463
74.44000000 2.24868693 0.86265522
74.45000000 2.26573418 0.86115309
74.46000000 2.28292431 0.85966829
74.47000000 2.30025843 0.85820087
74.48000000 2.31773770 0.85675087
74.49000000 2.33536325 0.85531833
74.50000000 2.35313625 0.85390329
74.51000000 2.37105783 0.85250582
74.52000000 2.38912918 0.85112595
74.53000000 2.40735147 0.84976373
74.54000000 2.42572587 0.84841921
74.55000000 2.44425358 0.84709246
74.56000000 2.46293578 0.84578351
74.57000000 2.48177368 0.84449243
74.58000000 2.50076849 0.84321927
74.59000000 2.51992142 0.84196408
74.60000000 2.53923370 0.84072694
74.61000000 2.55870656 0.83950789
74.62000000 2.57834123 0.83830701
74.63000000 2.59813895 0.83712434
74.64000000 2.61810098 0.83595996
74.65000000 2.63822857 0.83481394
74.66000000 2.65852299 0.83368634
74.67000000 2.67898551 0.83257722
74.68000000 2.69961740 0.83148667
74.69000000 2.72041995 0.83041474
74.70000000 2.74139446 0.82936153
74.71000000 2.76254221 0.82832709
74.72000000 2.78386451 0.82731151
74.73000000 2.80536268 0.82631487
74.74000000 2.82703803 0.82533725
74.75000000 2.84889188 0.82437872
74.76000000 2.87092557 0.82343938
74.77000000 2.89314042 0.82251930
74.78000000 2.91553779 0.82161858
74.79000000 2.93811903 0.82073730
74.80000000 2.96088547 0.81987556
74.81000000 2.98383850 0.81903344
74.82000000 3.00697947 0.81821105
74.83000000 3.03030976 0.81740848
74.84000000 3.05383074 0.81662582
74.85000000 3.07754380 0.81586318
74.86000000 3.10145033 0.81512066
74.87000000 3.12555172 0.81439836
74.88000000 3.14984938 0.81369639
74.89000000 3.17434471 0.81301487
74.90000000 3.19903912 0.81235389
74.91000000 3.22393403 0.81171358
74.92000000 3.24903085 0.81109404
74.93000000 3.27433103 0.81049540
74.94000000 3.29983597 0.80991778
74.95000000 3.32554713 0.80936129
74.96000000 3.35146594 0.80882607
74.97000000 3.37759384 0.80831223
74.98000000 3.40393228 0.80781992
74.99000000 3.43048272 0.80734925
75.00000000 3.45724661 0.80690036
75.01000000 3.48422540 0.80647340
75.02000000 3.51142057 0.80606849
75.03000000 3.53883358 0.80568579
75.04000000 3.56646590 0.80532543
75.05000000 3.59431900 0.80498757
75.06000000 3.62239435 0.80467235
75.07000000 3.65069344 0.80437992
75.08000000 3.67921774 0.80411045
75.09000000 3.70796875 0.80386409
75.10000000 3.73694793 0.80364099
75.11000000 3.76615678 0.80344134
75.12000000 3.79559679 0.80326529
75.13000000 3.82526944 0.80311302
75.14000000 3.85517622 0.80298469
75.15000000 3.88531863 0.80288050
75.16000000 3.91569815 0.80280060
75.17000000 3.94631629 0.80274520
75.18000000 3.97717452 0.80271448
75.19000000 4.00827434 0.80270862
75.20000000 4.03961724 0.80272783
75.21000000 4.07120471 0.80277229
75.22000000 4.10303824 0.80284222
75.23000000 4.13511931 0.80293781
75.24000000 4.16744941 0.80305927
75.25000000 4.20003002 0.80320682
75.26000000 4.23286262 0.80338068
75.27000000 4.26594869 0.80358105
75.28000000 4.29928969 0.80380817
75.29000000 4.33288711 0.80406227
75.30000000 4.36674241 0.80434358
75.31000000 4.40085704 0.80465232
75.32000000 4.43523247 0.80498876
75.33000000 4.46987014 0.80535312
75.34000000 4.50477150 0.80574567
75.35000000 4.53993799 0.80616664
75.36000000 4.57537104 0.80661631
75.37000000 4.61107208 0.80709494
75.38000000 4.64704252 0.80760279
75.39000000 4.68328377 0.80814014
75.40000000 4.71979723 0.80870726
75.41000000 4.75658429 0.80930444
75.42000000 4.79364634 0.80993197
75.43000000 4.83098475 0.81059014
75.44000000 4.86860087 0.81127925
75.45000000 4.90649606 0.81199960
75.46000000 4.94467164 0.81275150
75.47000000 4.98312896 0.81353527
75.48000000 5.02186931 0.81435123
75.49000000 5.06089399 0.81519970
75.50000000 5.10020429 0.81608102
75.51000000 5.13980146 0.81699553
75.52000000 5.17968677 0.81794356
75.53000000 5.21986145 0.81892548
75.54000000 5.26032671 0.81994163
75.55000000 5.30108375 0.82099239
75.56000000 5.34213374 0.82207812
75.57000000 5.38347786 0.82319919
75.58000000 5.42511724 0.82435600
75.59000000 5.46705299 0.82554893
75.60000000 5.50928620 0.82677838
75.61000000 5.55181797 0.82804476
75.62000000 5.59464931 0.82934847
75.63000000 5.63778128 0.83068994
75.64000000 5.68121484 0.83206959
75.65000000 5.72495099 0.83348786
75.66000000 5.76899066 0.83494519
75.67000000 5.81333476 0.83644204
75.68000000 5.85798417 0.83797885
75.69000000 5.90293975 0.83955610
75.70000000 5.94820232 0.84117426
75.71000000 5.99377266 0.84283381
75.72000000 6.03965153 0.84453526
75.73000000 6.08583964 0.84627910
75.74000000 6.13233767 0.84806584
75.75000000 6.17914627 0.84989600
75.76000000 6.22626603 0.85177011
75.77000000 6.27369752 0.85368871
75.78000000 6.32144127 0.85565235
75.79000000 6.36949773 0.85766159
75.80000000 6.41786736 0.85971700
75.81000000 6.46655054 0.86181915
75.82000000 6.51554760 0.86396864
75.83000000 6.56485885 0.86616606
75.84000000 6.61448451 0.86841203
75.85000000 6.66442478 0.87070717
75.86000000 6.71467979 0.87305211
75.87000000 6.76524963 0.87544750
75.88000000 6.81613431 0.87789400
75.89000000 6.86733381 0.88039226
75.90000000 6.91884803 0.88294298
75.91000000 6.97067682 0.88554685
75.92000000 7.02281995 0.88820457
75.93000000 7.07527715 0.89091685
75.94000000 7.12804805 0.89368444
75.95000000 7.18113225 0.89650808
75.96000000 7.23452924 0.89938852
75.97000000 7.28823847 0.90232654
75.98000000 7.34225929 0.90532291
75.99000000 7.39659100 0.90837845
76.00000000 7.45123279 0.91149397
76.01000000 7.50618378 0.91467029
76.02000000 7.56144303 0.91790826
76.03000000 7.61700948 0.92120873
76.04000000 7.67288200 0.92457259
76.05000000 7.72905937 0.92800072
76.06000000 7.78554027 0.93149404
76.07000000 7.84232329 0.93505345
76.08000000 7.89940693 0.93867991
76.09000000 7.95678958 0.94237436
76.10000000 8.01446952 0.94613779
76.11000000 8.07244494 0.94997118
76.12000000 8.13071393 0.95387554
76.13000000 8.18927444 0.95785190
76.14000000 8.24812434 0.96190130
76.15000000 8.30726135 0.96602481
76.16000000 8.36668311 0.97022351
76.17000000 8.42638711 0.97449850
76.18000000 8.48637072 0.97885090
76.19000000 8.54663119 0.98328186
76.20000000 8.60716564 0.98779253
76.21000000 8.66797105 0.99238410
76.22000000 8.72904428 0.99705777
76.23000000 8.79038201 1.00181477
76.24000000 8.85198083 1.00665634
76.25000000 8.91383715 1.01158375
76.26000000 8.97594724 1.01659829
76.27000000 9.03830721 1.02170127
76.28000000 9.10091303 1.02689403
76.29000000 9.16376048 1.03217793
76.30000000 9.22684522 1.03755434
76.31000000 9.29016272 1.04302467
76.32000000 9.35370826 1.04859036
76.33000000 9.41747698 1.05425285
76.34000000 9.48146382 1.06001364
76.35000000 9.54566356 1.06587421
76.36000000 9.61007077 1.07183611
76.37000000 9.67467985 1.07790089
76.38000000 9.73948499 1.08407013
76.39000000 9.80448021 1.09034544
76.40000000 9.86965929 1.09672845
76.41000000 9.93501585 1.10322084
76.42000000 10.00054327 1.10982429
76.43000000 10.06623473 1.11654052
76.44000000 10.13208318 1.12337127
76.45000000 10.19808137 1.13031832
76.46000000 10.26422181 1.13738348
76.47000000 10.33049679 1.14456858
76.48000000 10.39689836 1.15187549
76.49000000 10.46341833 1.15930608
76.50000000 10.53004828 1.16686229
76.51000000 10.59677953 1.17454607
76.52000000 10.66360316 1.18235940
76.53000000 10.73051000 1.19030430
76.54000000 10.79749062 1.19838280
76.55000000 10.86453530 1.20659698
76.56000000 10.93163410 1.21494896
76.57000000 10.99877678 1.22344087
76.58000000 11.06595282 1.23207487
76.59000000 11.13315144 1.24085317
76.60000000 11.20036156 1.24977800
76.61000000 11.26757183 1.25885164
76.62000000 11.33477060 1.26807637
76.63000000 11.40194592 1.27745452
76.64000000 11.46908554 1.28698846
76.65000000 11.53617692 1.29668057
76.66000000 11.60320720 1.30653330
76.67000000 11.67016323 1.31654909
76.68000000 11.73703151 1.32673043
76.69000000 11.80379825 1.33707984
76.70000000 11.87044934 1.34759989
76.71000000 11.93697034 1.35829314
76.72000000 12.00334647 1.36916223
76.73000000 12.06956265 1.38020979
76.74000000 12.13560342 1.39143850
76.75000000 12.20145304 1.40285108
76.76000000 12.26709539 1.41445026
76.77000000 12.33251403 1.42623880
76.78000000 12.39769217 1.43821950
76.79000000 12.46261267 1.45039519
76.80000000 12.52725806 1.46276872
76.81000000 12.59161050 1.47534297
76.82000000 12.65565182 1.48812084
76.83000000 12.71936349 1.50110526
76.84000000 12.78272663 1.51429919
76.85000000 12.84572203 1.52770561
76.86000000 12.90833008 1.54132752
76.87000000 12.97053087 1.55516793
76.88000000 13.03230411 1.56922990
76.89000000 13.09362918 1.58351648
76.90000000 13.15448508 1.59803075
76.91000000 13.21485051 1.61277581
76.92000000 13.27470378 1.62775476
76.93000000 13.33402290 1.64297074
76.94000000 13.39278551 1.65842686
76.95000000 13.45096892 1.67412628
76.96000000 13.50855013 1.69007215
76.97000000 13.56550580 1.70626761
76.98000000 13.62181226 1.72271582
76.99000000 13.67744553 1.73941996
77.00000000 13.73238134 1.75638316
77.01000000 13.78659509 1.77360859
77.02000000 13.84006190 1.79109938
77.03000000 13.89275660 1.80885869
77.04000000 13.94465375 1.82688962
77.05000000 13.99572762 1.84519529
77.06000000 14.04595225 1.86377879
77.07000000 14.09530141 1.88264317
77.08000000 14.14374864 1.90179150
77.09000000 14.19126726 1.92122676
77.10000000 14.23783038 1.94095195
77.11000000 14.28341091 1.96097001
77.12000000 14.32798158 1.98128383
77.13000000 14.37151495 2.00189628
77.14000000 14.41398343 2.02281015
77.15000000 14.45535931 2.04402821
77.16000000 14.49561474 2.06555314
77.17000000 14.53472181 2.08738758
77.18000000 14.57265250 2.10953408
77.19000000 14.60937875 2.13199513
77.20000000 14.64487246 2.15477316
77.21000000 14.67910555 2.17787047
77.22000000 14.71204990 2.20128930
77.23000000 14.74367748 2.22503180
77.24000000 14.77396028 2.24910001
77.25000000 14.80287041 2.27349586
77.26000000 14.83038007 2.29822116
77.27000000 14.85646164 2.32327762
77.28000000 14.88108763 2.34866681
77.29000000 14.90423078 2.37439018
77.30000000 14.92586406 2.40044902
77.31000000 14.94596071 2.42684450
77.32000000 14.96449425 2.45357762
77.33000000 14.98143854 2.48064923
77.34000000 14.99676781 2.50806001
77.35000000 15.01045669 2.53581048
77.36000000 15.02248024 2.56390096
77.37000000 15.03281397 2.59233159
77.38000000 15.04143394 2.62110233
77.39000000 15.04831671 2.65021293
77.40000000 15.05343944 2.67966293
77.41000000 15.05677993 2.70945165
77.42000000 15.05831659 2.73957821
77.43000000 15.05802857 2.77004149
77.44000000 15.05589572 2.80084012
77.45000000 15.05189870 2.83197250
77.46000000 15.04601894 2.86343680
77.47000000 15.03823877 2.89523092
77.48000000 15.02854136 2.92735247
77.49000000 15.01691084 2.95979885
77.50000000 15.00333231 2.99256714
77.51000000 14.98779185 3.02565416
77.52000000 14.97027662 3.05905645
77.53000000 14.95077483 3.09277025
77.54000000 14.92927581 3.12679151
77.55000000 14.90577006 3.16111589
77.56000000 14.88024924 3.19573872
77.57000000 14.85270627 3.23065505
77.58000000 14.82313528 3.26585961
77.59000000 14.79153171 3.30134682
77.60000000 14.75789231 3.33711077
77.61000000 14.72221516 3.37314525
77.62000000 14.68449973 3.40944371
77.63000000 14.64474687 3.44599931
77.64000000 14.60295886 3.48280485
77.65000000 14.55913940 3.51985282
77.66000000 14.51329367 3.55713542
77.67000000 14.46542831 3.59464447
77.68000000 14.41555148 3.63237153
77.69000000 14.36367280 3.67030780
77.70000000 14.30980345 3.70844418
77.71000000 14.25395610 3.74677127
77.72000000 14.19614497 3.78527935
77.73000000 14.13638580 3.82395840
77.74000000 14.07469586 3.86279810
77.75000000 14.01109396 3.90178785
77.76000000 13.94560043 3.94091675
77.77000000 13.87823710 3.98017364
77.78000000 13.80902733 4.01954709
77.79000000 13.73799594 4.05902540
77.80000000 13.66516926 4.09859661
77.81000000 13.59057503 4.13824856
77.82000000 13.51424246 4.17796880
77.83000000 13.43620213 4.21774473
77.84000000 13.35648602 4.25756347
77.85000000 13.27512745 4.29741201
77.86000000 13.19216104 4.33727713
77.87000000 13.10762270 4.37714543
77.88000000 13.02154956 4.41700337
77.89000000 12.93397993 4.45683727
77.90000000 12.84495331 4.49663334
77.91000000 12.75451025 4.53637764
77.92000000 12.66269238 4.57605618
77.93000000 12.56954231 4.61565487
77.94000000 12.47510363 4.65515956
77.95000000 12.37942077 4.69455605
77.96000000 12.28253904 4.73383013
77.97000000 12.18450448 4.77296757
77.98000000 12.08536388 4.81195414
77.99000000 11.98516466 4.85077565
78.00000000 11.88395484 4.88941792
78.01000000 11.78178296 4.92786686
78.02000000 11.67869801 4.96610844
78.03000000 11.57474939 5.00412872
78.04000000 11.46998683 5.04191389
78.05000000 11.36446031 5.07945024
78.06000000 11.25822003 5.11672422
78.07000000 11.15131629 5.15372242
78.08000000 11.04379947 5.19043164
78.09000000 10.93571997 5.22683883
78.10000000 10.82712810 5.26293118
78.11000000 10.71807405 5.29869608
78.12000000 10.60860782 5.33412116
78.13000000 10.49877916 5.36919431
78.14000000 10.38863750 5.40390367
78.15000000 10.27823190 5.43823766
78.16000000 10.16761099 5.47218499
78.17000000 10.05682292 5.50573467
78.18000000 9.94591528 5.53887600
78.19000000 9.83493509 5.57159864
78.20000000 9.72392871 5.60389255
78.21000000 9.61294181 5.63574803
78.22000000 9.50201934 5.66715574
78.23000000 9.39120543 5.69810670
78.24000000 9.28054343 5.72859226
78.25000000 9.17007580 5.75860416
78.26000000 9.05984411 5.78813453
78.27000000 8.94988899 5.81717584
78.28000000 8.84025010 5.84572097
78.29000000 8.73096613 5.87376316
78.30000000 8.62207472 5.90129606
78.31000000 8.51361247 5.92831370
78.32000000 8.40561493 5.95481048
78.33000000 8.29811655 5.98078123
78.34000000 8.19115067 6.00622114
78.35000000 8.08474952 6.03112578
78.36000000 7.97894421 6.05549113
78.37000000 7.87376468 6.07931355
78.38000000 7.76923977 6.10258977
78.39000000 7.66539712 6.12531690
78.40000000 7.56226326 6.14749243
78.41000000 7.45986352 6.16911422
78.42000000 7.35822213 6.19018049
78.43000000 7.25736212 6.21068981
78.44000000 7.15730541 6.23064112
78.45000000 7.05807276 6.25003370
78.46000000 6.95968383 6.26886716
78.47000000 6.86215713 6.28714147
78.48000000 6.76551009 6.30485688
78.49000000 6.66975903 6.32201401
78.50000000 6.57491921 6.33861374
78.51000000 6.48100482 6.35465729
78.52000000 6.38802901 6.37014616
78.53000000 6.29600391 6.38508212
78.54000000 6.20494063 6.39946724
78.55000000 6.11484930 6.41330383
78.56000000 6.02573912 6.42659448
78.57000000 5.93761830 6.43934202
78.58000000 5.85049417 6.45154952
78.59000000 5.76437314 6.46322027
78.60000000 5.67926078 6.47435779
78.61000000 5.59516178 6.48496582
78.62000000 5.51208004 6.49504827
78.63000000 5.43001863 6.50460929
78.64000000 5.34897990 6.51365316
78.65000000 5.26896540 6.52218438
78.66000000 5.18997599 6.53020759
78.67000000 5.11201185 6.53772759
78.68000000 5.03507245 6.54474933
78.69000000 4.95915666 6.55127789
78.70000000 4.88426270 6.55731849
78.71000000 4.81038822 6.56287647
78.72000000 4.73753030 6.56795728
78.73000000 4.66568547 6.57256647
78.74000000 4.59484975 6.57670970
78.75000000 4.52501865 6.58039271
78.76000000 4.45618724 6.58362131
78.77000000 4.38835011 6.58640141
78.78000000 4.32150145 6.58873897
78.79000000 4.25563504 6.59064001
78.80000000 4.19074429 6.59211060
78.81000000 4.12682224 6.59315687
78.82000000 4.06386161 6.59378498
78.83000000 4.00185478 6.59400112
78.84000000 3.94079385 6.59381152
78.85000000 3.88067066 6.59322242
78.86000000 3.82147676 6.59224008
78.87000000 3.76320348 6.59087077
78.88000000 3.70584193 6.58912078
78.89000000 3.64938302 6.58699638
78.90000000 3.59381745 6.58450385
78.91000000 3.53913578 6.58164945
78.92000000 3.48532840 6.57843943
78.93000000 3.43238556 6.57488005
78.94000000 3.38029739 6.57097751
78.95000000 3.32905389 6.56673801
78.96000000 3.27864500 6.56216771
78.97000000 3.22906054 6.55727274
78.98000000 3.18029026 6.55205921
78.99000000 3.13232388 6.54653318
79.00000000 3.08515103 6.54070067
79.01000000 3.03876134 6.53456766
79.02000000 2.99314437 6.52814008
79.03000000 2.94828971 6.52142382
79.04000000 2.90418689 6.51442472
79.05000000 2.86082548 6.50714856
79.06000000 2.81819504 6.49960107
79.07000000 2.77628515 6.49178792
79.08000000 2.73508542 6.48371474
79.09000000 2.69458548 6.47538707
79.10000000 2.65477499 6.46681043
79.11000000 2.61564369 6.45799025
79.12000000 2.57718134 6.44893189
79.13000000 2.53937777 6.43964068
79.14000000 2.50222285 6.43012187
79.15000000 2.46570655 6.42038062
79.16000000 2.42981888 6.41042206
79.17000000 2.39454996 6.40025125
79.18000000 2.35988995 6.38987315
79.19000000 2.32582913 6.37929268
79.20000000 2.29235783 6.36851470
79.21000000 2.25946651 6.35754397
79.22000000 2.22714570 6.34638522
79.23000000 2.19538601 6.33504308
79.24000000 2.16417819 6.32352212
79.25000000 2.13351307 6.31182685
79.26000000 2.10338156 6.29996170
79.27000000 2.07377470 6.28793105
79.28000000 2.04468365 6.27573918
79.29000000 2.01609963 6.26339033
79.30000000 1.98801402 6.25088867
79.31000000 1.96041828 6.23823829
79.32000000 1.93330399 6.22544321
79.33000000 1.90666282 6.21250740
79.34000000 1.88048660 6.19943475
79.35000000 1.85476722 6.18622909
79.36000000 1.82949672 6.17289419
79.37000000 1.80466723 6.15943374
79.38000000 1.78027101 6.14585138
79.39000000 1.75630042 6.13215067
79.40000000 1.73274794 6.11833513
79.41000000 1.70960616 6.10440819
79.42000000 1.68686779 6.09037325
79.43000000 1.66452564 6.07623361
79.44000000 1.64257264 6.06199255
79.45000000 1.62100183 6.04765326
79.46000000 1.59980636 6.03321887
79.47000000 1.57897949 6.01869249
79.48000000 1.55851458 6.00407712
79.49000000 1.53840512 5.98937573
79.50000000 1.51864468 5.97459124
79.51000000 1.49922697 5.95972651
79.52000000 1.48014576 5.94478432
79.53000000 1.46139498 5.92976743
79.54000000 1.44296861 5.91467854
79.55000000 1.42486078 5.89952027
79.56000000 1.40706568 5.88429522
79.57000000 1.38957762 5.86900592
79.58000000 1.37239102 5.85365487
79.59000000 1.35550038 5.83824450
79.60000000 1.33890031 5.82277719
79.61000000 1.32258549 5.80725529
79.62000000 1.30655074 5.79168108
79.63000000 1.29079092 5.77605683
79.64000000 1.27530102 5.76038472
79.65000000 1.26007612 5.74466691
79.66000000 1.24511136 5.72890552
79.67000000 1.23040199 5.71310260
79.68000000 1.21594336 5.69726019
79.69000000 1.20173087 5.68138026
79.70000000 1.18776003 5.66546477
79.71000000 1.17402643 5.64951560
79.72000000 1.16052574 5.63353462
79.73000000 1.14725370 5.61752364
79.74000000 1.13420614 5.60148446
79.75000000 1.12137898 5.58541882
79.76000000 1.10876819 5.56932842
79.77000000 1.09636982 5.55321493
79.78000000 1.08418003 5.53707999
79.79000000 1.07219500 5.52092520
79.80000000 1.06041102 5.50475212
79.81000000 1.04882444 5.48856229
79.82000000 1.03743167 5.47235720
79.83000000 1.02622920 5.45613831
79.84000000 1.01521359 5.43990706
79.85000000 1.00438144 5.42366485
79.86000000 0.99372946 5.40741305
79.87000000 0.98325437 5.39115300
79.88000000 0.97295300 5.37488601
79.89000000 0.96282221 5.35861335
79.90000000 0.95285894 5.34233630
79.91000000 0.94306017 5.32605605
79.92000000 0.93342296 5.30977382
79.93000000 0.92394440 5.29349078
79.94000000 0.91462167 5.27720806
79.95000000 0.90545197 5.26092678
79.96000000 0.89643258 5.24464804
79.97000000 0.88756082 5.22837289
79.98000000 0.87883406 5.21210239
79.99000000 0.87024973 5.19583756
80.00000000 0.86180531 5.17957937
80.01000000 0.85349832 5.16332882
80.02000000 0.84532633 5.14708684
80.03000000 0.83728697 5.13085437
80.04000000 0.82937790 5.11463230
80.05000000 0.82159682 5.09842152
80.06000000 0.81394151 5.08222290
80.07000000 0.80640975 5.06603728
80.08000000 0.79899940 5.04986548
80.09000000 0.79170833 5.03370830
80.10000000 0.78453447 5.01756653
80.11000000 0.77747578 5.00144093
80.12000000 0.77053028 4.98533225
80.13000000 0.76369601 4.96924121
80.14000000 0.75697104 4.95316853
80.15000000 0.75035351 4.93711490
80.16000000 0.74384156 4.92108100
80.17000000 0.73743339 4.90506748
80.18000000 0.73112723 4.88907499
80.19000000 0.72492133 4.87310416
80.20000000 0.71881400 4.85715559
80.21000000 0.71280355 4.84122989
80.22000000 0.70688837 4.82532764
80.23000000 0.70106682 4.80944939
80.24000000 0.69533735 4.79359571
80.25000000 0.68969841 4.77776714
80.26000000 0.68414847 4.76196419
80.27000000 0.67868606 4.74618737
80.28000000 0.67330971 4.73043719
80.29000000 0.66801801 4.71471413
80.30000000 0.66280953 4.69901866
80.31000000 0.65768293 4.68335124
80.32000000 0.65263683 4.66771232
80.33000000 0.64766993 4.65210233
80.34000000 0.64278093 4.63652169
80.35000000 0.63796855 4.62097083
80.36000000 0.63323155 4.60545013
80.37000000 0.62856871 4.58995999
80.38000000 0.62397883 4.57450078
80.39000000 0.61946072 4.55907288
80.40000000 0.61501325 4.54367665
80.41000000 0.61063527 4.52831243
80.42000000 0.60632568 4.51298056
80.43000000 0.60208339 4.49768136
80.44000000 0.59790733 4.48241517
80.45000000 0.59379645 4.46718228
80.46000000 0.58974974 4.45198300
80.47000000 0.58576617 4.43681763
80.48000000 0.58184476 4.42168643
80.49000000 0.57798455 4.40658969
80.50000000 0.57418459 4.39152768
80.51000000 0.57044393 4.37650065
80.52000000 0.56676166 4.36150886
80.53000000 0.56313690 4.34655253
80.54000000 0.55956875 4.33163192
80.55000000 0.55605636 4.31674724
80.56000000 0.55259887 4.30189872
80.57000000 0.54919547 4.28708657
80.58000000 0.54584532 4.27231100
80.59000000 0.54254763 4.25757219
80.60000000 0.53930162 4.24287035
80.61000000 0.53610652 4.22820566
80.62000000 0.53296157 4.21357830
80.63000000 0.52986602 4.19898844
80.64000000 0.52681917 4.18443625
80.65000000 0.52382028 4.16992189
80.66000000 0.52086867 4.15544551
80.67000000 0.51796363 4.14100726
80.68000000 0.51510451 4.12660728
80.69000000 0.51229064 4.11224571
80.70000000 0.50952137 4.09792269
80.71000000 0.50679607 4.08363833
80.72000000 0.50411411 4.06939276
80.73000000 0.50147487 4.05518610
80.74000000 0.49887776 4.04101846
80.75000000 0.49632219 4.02688994
80.76000000 0.49380758 4.01280064
80.77000000 0.49133336 3.99875067
80.78000000 0.48889898 3.98474010
80.79000000 0.48650388 3.97076904
80.80000000 0.48414753 3.95683757
80.81000000 0.48182940 3.94294576
80.82000000 0.47954899 3.92909368
80.83000000 0.47730577 3.91528141
80.84000000 0.47509926 3.90150902
80.85000000 0.47292896 3.88777657
80.86000000 0.47079440 3.87408411
80.87000000 0.46869510 3.86043171
80.88000000 0.46663062 3.84681941
80.89000000 0.46460048 3.83324726
80.90000000 0.46260425 3.81971530
80.91000000 0.46064150 3.80622358
80.92000000 0.45871179 3.79277213
80.93000000 0.45681470 3.77936099
80.94000000 0.45494983 3.76599019
80.95000000 0.45311677 3.75265975
80.96000000 0.45131513 3.73936971
80.97000000 0.44954450 3.72612007
80.98000000 0.44780453 3.71291086
80.99000000 0.44609481 3.69974210
81.00000000 0.44441500 3.68661380
81.01000000 0.44276473 3.67352597
81.02000000 0.44114365 3.66047861
81.03000000 0.43955140 3.64747174
81.04000000 0.43798766 3.63450534
81.05000000 0.43645207 3.62157943
81.06000000 0.43494433 3.60869400
81.07000000 0.43346410 3.59584904
81.08000000 0.43201106 3.58304454
81.09000000 0.43058492 3.57028051
81.10000000 0.42918536 3.55755691
81.11000000 0.42781209 3.54487375
81.12000000 0.42646481 3.53223100
81.13000000 0.42514324 3.51962864
81.14000000 0.42384710 3.50706665
81.15000000 0.42257610 3.49454502
81.16000000 0.42132999 3.48206371
81.17000000 0.42010849 3.46962270
81.18000000 0.41891135 3.45722195
81.19000000 0.41773830 3.44486145
81.20000000 0.41658910 3.43254115
81.21000000 0.41546351 3.42026103
81.22000000 0.41436127 3.40802104
81.23000000 0.41328216 3.39582115
81.24000000 0.41222595 3.38366132
81.25000000 0.41119239 3.37154151
81.26000000 0.41018129 3.35946168
81.27000000 0.40919240 3.34742178
81.28000000 0.40822553 3.33542177
81.29000000 0.40728046 3.32346160
81.30000000 0.40635699 3.31154122
81.31000000 0.40545491 3.29966059
81.32000000 0.40457402 3.28781965
81.33000000 0.40371414 3.27601834
81.34000000 0.40287507 3.26425663
81.35000000 0.40205663 3.25253445
81.36000000 0.40125863 3.24085174
81.37000000 0.40048090 3.22920845
81.38000000 0.39972326 3.21760453
81.39000000 0.39898555 3.20603990
81.40000000 0.39826758 3.19451451
81.41000000 0.39756921 3.18302831
81.42000000 0.39689026 3.17158122
81.43000000 0.39623058 3.16017318
81.44000000 0.39559002 3.14880412
81.45000000 0.39496843 3.13747399
81.46000000 0.39436565 3.12618271
81.47000000 0.39378155 3.11493023
81.48000000 0.39321599 3.10371645
81.49000000 0.39266881 3.09254133
81.50000000 0.39213990 3.08140479
81.51000000 0.39162911 3.07030675
81.52000000 0.39113632 3.05924715
81.53000000 0.39066141 3.04822592
81.54000000 0.39020424 3.03724297
81.55000000 0.38976470 3.02629824
81.56000000 0.38934267 3.01539165
81.57000000 0.38893804 3.00452312
81.58000000 0.38855068 2.99369258
81.59000000 0.38818051 2.98289996
81.60000000 0.38782739 2.97214517
81.61000000 0.38749124 2.96142813
81.62000000 0.38717195 2.95074877
81.63000000 0.38686941 2.94010701
81.64000000 0.38658354 2.92950276
81.65000000 0.38631424 2.91893595
81.66000000 0.38606141 2.90840650
81.67000000 0.38582497 2.89791432
81.68000000 0.38560483 2.88745933
81.69000000 0.38540090 2.87704145
81.70000000 0.38521311 2.86666060
81.71000000 0.38504136 2.85631669
81.72000000 0.38488559 2.84600964
81.73000000 0.38474572 2.83573936
81.74000000 0.38462166 2.82550577
81.75000000 0.38451336 2.81530879
81.76000000 0.38442075 2.80514832
81.77000000 0.38434374 2.79502429
81.78000000 0.38428229 2.78493660
81.79000000 0.38423632 2.77488517
81.80000000 0.38420577 2.76486991
81.81000000 0.38419059 2.75489074
81.82000000 0.38419072 2.74494756
81.83000000 0.38420610 2.73504030
81.84000000 0.38423668 2.72516885
81.85000000 0.38428241 2.71533314
81.86000000 0.38434324 2.70553307
81.87000000 0.38441912 2.69576855
81.88000000 0.38451001 2.68603950
81.89000000 0.38461586 2.67634582
81.90000000 0.38473662 2.66668743
81.91000000 0.38487227 2.65706424
81.92000000 0.38502276 2.64747615
81.93000000 0.38518805 2.63792307
81.94000000 0.38536811 2.62840493
81.95000000 0.38556291 2.61892161
81.96000000 0.38577241 2.60947304
81.97000000 0.38599659 2.60005912
81.98000000 0.38623542 2.59067977
81.99000000 0.38648886 2.58133488
82.00000000 0.38675691 2.57202437
82.01000000 0.38703952 2.56274815
82.02000000 0.38733669 2.55350612
82.03000000 0.38764839 2.54429820
82.04000000 0.38797461 2.53512429
82.05000000 0.38831532 2.52598431
82.06000000 0.38867051 2.51687815
82.07000000 0.38904017 2.50780572
82.08000000 0.38942429 2.49876694
82.09000000 0.38982286 2.48976172
82.10000000 0.39023587 2.48078995
82.11000000 0.39066330 2.47185155
82.12000000 0.39110516 2.46294643
82.13000000 0.39156145 2.45407449
82.14000000 0.39203215 2.44523565
82.15000000 0.39251726 2.43642980
82.16000000 0.39301680 2.42765686
82.17000000 0.39353076 2.41891673
82.18000000 0.39405913 2.41020933
82.19000000 0.39460194 2.40153456
82.20000000 0.39515918 2.39289232
82.21000000 0.39573086 2.38428254
82.22000000 0.39631699 2.37570510
82.23000000 0.39691758 2.36715993
82.24000000 0.39753264 2.35864693
82.25000000 0.39816219 2.35016600
82.26000000 0.39880623 2.34171706
82.27000000 0.39946480 2.33330002
82.28000000 0.40013789 2.32491477
82.29000000 0.40082555 2.31656124
82.30000000 0.40152777 2.30823933
82.31000000 0.40224459 2.29994894
82.32000000 0.40297602 2.29168999
82.33000000 0.40372210 2.28346238
82.34000000 0.40448284 2.27526603
82.35000000 0.40525828 2.26710084
82.36000000 0.40604844 2.25896671
82.37000000 0.40685336 2.25086357
82.38000000 0.40767306 2.24279132
82.39000000 0.40850757 2.23474986
82.40000000 0.40935694 2.22673911
82.41000000 0.41022119 2.21875898
82.42000000 0.41110036 2.21080937
82.43000000 0.41199449 2.20289020
82.44000000 0.41290362 2.19500138
82.45000000 0.41382779 2.18714281
82.46000000 0.41476704 2.17931441
82.47000000 0.41572142 2.17151608
82.48000000 0.41669096 2.16374774
82.49000000 0.41767572 2.15600930
82.50000000 0.41867574 2.14830066
82.51000000 0.41969108 2.14062175
82.52000000 0.42072177 2.13297246
82.53000000 0.42176787 2.12535271
82.54000000 0.42282943 2.11776242
82.55000000 0.42390652 2.11020149
82.56000000 0.42499917 2.10266983
82.57000000 0.42610745 2.09516737
82.58000000 0.42723142 2.08769400
82.59000000 0.42837114 2.08024964
82.60000000 0.42952666 2.07283421
82.61000000 0.43069804 2.06544761
82.62000000 0.43188536 2.05808977
82.63000000 0.43308867 2.05076059
82.64000000 0.43430804 2.04345998
82.65000000 0.43554354 2.03618786
82.66000000 0.43679524 2.02894414
82.67000000 0.43806320 2.02172874
82.68000000 0.43934749 2.01454157
82.69000000 0.44064819 2.00738255
82.70000000 0.44196538 2.00025158
82.71000000 0.44329912 1.99314859
82.72000000 0.44464950 1.98607349
82.73000000 0.44601659 1.97902619
82.74000000 0.44740046 1.97200661
82.75000000 0.44880121 1.96501466
82.76000000 0.45021891 1.95805026
82.77000000 0.45165364 1.95111333
82.78000000 0.45310550 1.94420379
82.79000000 0.45457456 1.93732153
82.80000000 0.45606091 1.93046650
82.81000000 0.45756464 1.92363860
82.82000000 0.45908585 1.91683774
82.83000000 0.46062462 1.91006385
82.84000000 0.46218104 1.90331685
82.85000000 0.46375522 1.89659664
82.86000000 0.46534724 1.88990316
82.87000000 0.46695720 1.88323631
82.88000000 0.46858520 1.87659602
82.89000000 0.47023135 1.86998221
82.90000000 0.47189573 1.86339479
82.91000000 0.47357846 1.85683368
82.92000000 0.47527964 1.85029880
82.93000000 0.47699938 1.84379008
82.94000000 0.47873777 1.83730743
82.95000000 0.48049494 1.83085077
82.96000000 0.48227098 1.82442003
82.97000000 0.48406602 1.81801512
82.98000000 0.48588016 1.81163596
82.99000000 0.48771351 1.80528248
83.00000000 0.48956621 1.79895459
83.01000000 0.49143835 1.79265223
83.02000000 0.49333007 1.78637531
83.03000000 0.49524147 1.78012375
83.04000000 0.49717269 1.77389747
83.05000000 0.49912385 1.76769641
83.06000000 0.50109506 1.76152047
83.07000000 0.50308647 1.75536960
83.08000000 0.50509819 1.74924370
83.09000000 0.50713035 1.74314270
83.10000000 0.50918309 1.73706653
83.11000000 0.51125654 1.73101511
83.12000000 0.51335084 1.72498837
83.13000000 0.51546611 1.71898623
83.14000000 0.51760251 1.71300862
83.15000000 0.51976016 1.70705545
83.16000000 0.52193920 1.70112667
83.17000000 0.52413979 1.69522218
83.18000000 0.52636206 1.68934193
83.19000000 0.52860616 1.68348583
83.20000000 0.53087224 1.67765382
83.21000000 0.53316044 1.67184582
83.22000000 0.53547092 1.66606176
83.23000000 0.53780383 1.66030156
83.24000000 0.54015932 1.65456515
83.25000000 0.54253756 1.64885247
83.26000000 0.54493869 1.64316344
83.27000000 0.54736287 1.63749798
83.28000000 0.54981028 1.63185604
83.29000000 0.55228106 1.62623754
83.30000000 0.55477540 1.62064240
83.31000000 0.55729344 1.61507056
83.32000000 0.55983536 1.60952195
83.33000000 0.56240134 1.60399649
83.34000000 0.56499153 1.59849413
83.35000000 0.56760612 1.59301479
83.36000000 0.57024528 1.58755840
83.37000000 0.57290920 1.58212489
83.38000000 0.57559804 1.57671421
83.39000000 0.57831199 1.57132627
83.40000000 0.58105123 1.56596101
83.41000000 0.58381595 1.56061836
83.42000000 0.58660633 1.55529827
83.43000000 0.58942257 1.55000065
83.44000000 0.59226485 1.54472545
83.45000000 0.59513336 1.53947260
83.46000000 0.59802831 1.53424203
83.47000000 0.60094989 1.52903368
83.48000000 0.60389830 1.52384748
83.49000000 0.60687373 1.51868338
83.50000000 0.60987639 1.51354129
83.51000000 0.61290649 1.50842117
83.52000000 0.61596424 1.50332295
83.53000000 0.61904983 1.49824655
83.54000000 0.62216349 1.49319193
83.55000000 0.62530542 1.48815902
83.56000000 0.62847585 1.48314775
83.57000000 0.63167499 1.47815806
83.58000000 0.63490305 1.47318989
83.59000000 0.63816027 1.46824318
83.60000000 0.64144686 1.46331787
83.61000000 0.64476305 1.45841390
83.62000000 0.64810907 1.45353121
83.63000000 0.65148515 1.44866973
83.64000000 0.65489152 1.44382940
83.65000000 0.65832843 1.43901017
83.66000000 0.66179610 1.43421198
83.67000000 0.66529478 1.42943477
83.68000000 0.66882470 1.42467848
83.69000000 0.67238612 1.41994304
83.70000000 0.67597928 1.41522841
83.71000000 0.67960443 1.41053453
83.72000000 0.68326182 1.40586133
83.73000000 0.68695170 1.40120876
83.74000000 0.69067434 1.39657676
83.75000000 0.69442999 1.39196529
83.76000000 0.69821891 1.38737427
83.77000000 0.70204136 1.38280366
83.78000000 0.70589762 1.37825339
83.79000000 0.70978795 1.37372342
83.80000000 0.71371263 1.36921369
83.81000000 0.71767192 1.36472414
83.82000000 0.72166611 1.36025473
83.83000000 0.72569547 1.35580539
83.84000000 0.72976029 1.35137607
83.85000000 0.73386085 1.34696672
83.86000000 0.73799744 1.34257729
83.87000000 0.74217034 1.33820772
83.88000000 0.74637986 1.33385797
83.89000000 0.75062628 1.32952797
83.90000000 0.75490991 1.32521769
83.91000000 0.75923104 1.32092705
83.92000000 0.76358998 1.31665603
83.93000000 0.76798704 1.31240456
83.94000000 0.77242252 1.30817260
83.95000000 0.77689674 1.30396009
83.96000000 0.78141002 1.29976698
83.97000000 0.78596266 1.29559324
83.98000000 0.79055500 1.29143880
83.99000000 0.79518735 1.28730362
84.00000000 0.79986005 1.28318765
84.01000000 0.80457342 1.27909084
84.02000000 0.80932780 1.27501315
84.03000000 0.81412352 1.27095453
84.04000000 0.81896092 1.26691493
84.05000000 0.82384034 1.26289430
84.06000000 0.82876213 1.25889260
84.07000000 0.83372664 1.25490979
84.08000000 0.83873422 1.25094581
84.09000000 0.84378523 1.24700063
84.10000000 0.84888001 1.24307419
84.11000000 0.85401894 1.23916646
84.12000000 0.85920238 1.23527739
84.13000000 0.86443069 1.23140694
84.14000000 0.86970425 1.22755505
84.15000000 0.87502343 1.22372170
84.16000000 0.88038861 1.21990684
84.17000000 0.88580017 1.21611042
84.18000000 0.89125850 1.21233240
84.19000000 0.89676398 1.20857275
84.20000000 0.90231700 1.20483141
84.21000000 0.90791796 1.20110836
84.22000000 0.91356727 1.19740355
84.23000000 0.91926531 1.19371694
84.24000000 0.92501250 1.19004849
84.25000000 0.93080924 1.18639816
84.26000000 0.93665596 1.18276591
84.27000000 0.94255306 1.17915170
84.28000000 0.94850096 1.17555551
84.29000000 0.95450009 1.17197728
84.30000000 0.96055089 1.16841698
84.31000000 0.96665377 1.16487458
84.32000000 0.97280917 1.16135003
84.33000000 0.97901754 1.15784331
84.34000000 0.98527931 1.15435437
84.35000000 0.99159494 1.15088319
84.36000000 0.99796487 1.14742972
84.37000000 1.00438957 1.14399393
84.38000000 1.01086947 1.14057579
84.39000000 1.01740506 1.13717526
84.40000000 1.02399680 1.13379231
84.41000000 1.03064515 1.13042691
84.42000000 1.03735060 1.12707902
84.43000000 1.04411362 1.12374862
84.44000000 1.05093469 1.12043566
84.45000000 1.05781431 1.11714013
84.46000000 1.06475296 1.11386199
84.47000000 1.07175113 1.11060120
84.48000000 1.07880934 1.10735774
84.49000000 1.08592809 1.10413158
84.50000000 1.09310787 1.10092269
84.51000000 1.10034921 1.09773105
84.52000000 1.10765263 1.09455661
84.53000000 1.11501864 1.09139936
84.54000000 1.12244777 1.08825927
84.55000000 1.12994055 1.08513631
84.56000000 1.13749752 1.08203045
84.57000000 1.14511922 1.07894167
84.58000000 1.15280619 1.07586994
84.59000000 1.16055899 1.07281524
84.60000000 1.16837815 1.06977754
84.61000000 1.17626425 1.06675682
84.62000000 1.18421785 1.06375305
84.63000000 1.19223951 1.06076622
84.64000000 1.20032981 1.05779629
84.65000000 1.20848933 1.05484325
84.66000000 1.21671864 1.05190707
84.67000000 1.22501834 1.04898774
84.68000000 1.23338901 1.04608522
84.69000000 1.24183125 1.04319951
84.70000000 1.25034568 1.04033058
84.71000000 1.25893288 1.03747840
84.72000000 1.26759348 1.03464297
84.73000000 1.27632809 1.03182427
84.74000000 1.28513733 1.02902227
84.75000000 1.29402184 1.02623695
84.76000000 1.30298224 1.02346831
84.77000000 1.31201918 1.02071632
84.78000000 1.32113328 1.01798097
84.79000000 1.33032522 1.01526225
84.80000000 1.33959563 1.01256013
84.81000000 1.34894517 1.00987460
84.82000000 1.35837452 1.00720566
84.83000000 1.36788433 1.00455328
84.84000000 1.37747530 1.00191745
84.85000000 1.38714809 0.99929817
84.86000000 1.39690339 0.99669541
84.87000000 1.40674190 0.99410918
84.88000000 1.41666430 0.99153945
84.89000000 1.42667132 0.98898621
84.90000000 1.43676364 0.98644947
84.91000000 1.44694200 0.98392920
84.92000000 1.45720710 0.98142541
84.93000000 1.46755968 0.97893808
84.94000000 1.47800046 0.97646720
84.95000000 1.48853018 0.97401278
84.96000000 1.49914959 0.97157479
84.97000000 1.50985944 0.96915325
84.98000000 1.52066047 0.96674814
84.99000000 1.53155346 0.96435945
85.00000000 1.54253916 0.96198720
85.01000000 1.55361835 0.95963136
85.02000000 1.56479182 0.95729195
85.03000000 1.57606033 0.95496895
85.04000000 1.58742470 0.95266237
85.05000000 1.59888571 0.95037221
85.06000000 1.61044416 0.94809847
85.07000000 1.62210087 0.94584114
85.08000000 1.63385665 0.94360024
85.09000000 1.64571233 0.94137576
85.10000000 1.65766873 0.93916770
85.11000000 1.66972669 0.93697607
85.12000000 1.68188705 0.93480088
85.13000000 1.69415066 0.93264213
85.14000000 1.70651836 0.93049982
85.15000000 1.71899103 0.92837396
85.16000000 1.73156952 0.92626456
85.17000000 1.74425472 0.92417163
85.18000000 1.75704749 0.92209518
85.19000000 1.76994874 0.92003520
85.20000000 1.78295934 0.91799173
85.21000000 1.79608021 0.91596476
85.22000000 1.80931224 0.91395431
85.23000000 1.82265635 0.91196038
85.24000000 1.83611347 0.90998301
85.25000000 1.84968450 0.90802219
85.26000000 1.86337040 0.90607794
85.27000000 1.87717210 0.90415029
85.28000000 1.89109054 0.90223924
85.29000000 1.90512668 0.90034481
85.30000000 1.91928148 0.89846703
85.31000000 1.93355591 0.89660591
85.32000000 1.94795093 0.89476146
85.33000000 1.96246754 0.89293372
85.34000000 1.97710672 0.89112271
85.35000000 1.99186947 0.88932844
85.36000000 2.00675678 0.88755094
85.37000000 2.02176966 0.88579024
85.38000000 2.03690914 0.88404636
85.39000000 2.05217623 0.88231932
85.40000000 2.06757196 0.88060916
85.41000000 2.08309738 0.87891590
85.42000000 2.09875351 0.87723958
85.43000000 2.11454143 0.87558022
85.44000000 2.13046217 0.87393785
85.45000000 2.14651682 0.87231251
85.46000000 2.16270643 0.87070423
85.47000000 2.17903210 0.86911304
85.48000000 2.19549490 0.86753898
85.49000000 2.21209593 0.86598210
85.50000000 2.22883630 0.86444241
85.51000000 2.24571710 0.86291997
85.52000000 2.26273945 0.86141481
85.53000000 2.27990448 0.85992698
85.54000000 2.29721332 0.85845651
85.55000000 2.31466709 0.85700346
85.56000000 2.33226696 0.85556786
85.57000000 2.35001405 0.85414976
85.58000000 2.36790954 0.85274920
85.59000000 2.38595459 0.85136624
85.60000000 2.40415036 0.85000093
85.61000000 2.42249805 0.84865331
85.62000000 2.44099883 0.84732345
85.63000000 2.45965390 0.84601138
85.64000000 2.47846445 0.84471716
85.65000000 2.49743171 0.84344086
85.66000000 2.51655687 0.84218253
85.67000000 2.53584117 0.84094222
85.68000000 2.55528582 0.83972000
85.69000000 2.57489207 0.83851593
85.70000000 2.59466116 0.83733007
85.71000000 2.61459433 0.83616249
85.72000000 2.63469285 0.83501324
85.73000000 2.65495797 0.83388241
85.74000000 2.67539096 0.83277005
85.75000000 2.69599311 0.83167625
85.76000000 2.71676569 0.83060106
85.77000000 2.73771000 0.82954456
85.78000000 2.75882733 0.82850683
85.79000000 2.78011898 0.82748794
85.80000000 2.80158626 0.82648798
85.81000000 2.82323050 0.82550702
85.82000000 2.84505300 0.82454515
85.83000000 2.86705511 0.82360244
85.84000000 2.88923815 0.82267898
85.85000000 2.91160347 0.82177487
85.86000000 2.93415242 0.82089018
85.87000000 2.95688634 0.82002501
85.88000000 2.97980661 0.81917945
85.89000000 3.00291457 0.81835360
85.90000000 3.02621162 0.81754755
85.91000000 3.04969911 0.81676139
85.92000000 3.07337845 0.81599524
85.93000000 3.09725101 0.81524919
85.94000000 3.12131818 0.81452335
85.95000000 3.14558138 0.81381781
85.96000000 3.17004200 0.81313270
85.97000000 3.19470146 0.81246812
85.98000000 3.21956116 0.81182418
85.99000000 3.24462254 0.81120100
86.00000000 3.26988701 0.81059869
86.01000000 3.29535600 0.81001738
86.02000000 3.32103095 0.80945719
86.03000000 3.34691330 0.80891823
86.04000000 3.37300449 0.80840064
86.05000000 3.39930597 0.80790455
86.06000000 3.42581919 0.80743008
86.07000000 3.45254560 0.80697737
86.08000000 3.47948667 0.80654656
86.09000000 3.50664386 0.80613778
86.10000000 3.53401862 0.80575118
86.11000000 3.56161244 0.80538690
86.12000000 3.58942678 0.80504509
86.13000000 3.61746312 0.80472589
86.14000000 3.64572293 0.80442946
86.15000000 3.67420770 0.80415596
86.16000000 3.70291891 0.80390554
86.17000000 3.73185803 0.80367836
86.18000000 3.76102657 0.80347460
86.19000000 3.79042600 0.80329440
86.20000000 3.82005781 0.80313795
86.21000000 3.84992350 0.80300542
86.22000000 3.88002455 0.80289699
86.23000000 3.91036246 0.80281283
86.24000000 3.94093871 0.80275313
86.25000000 3.97175480 0.80271807
86.26000000 4.00281222 0.80270784
86.27000000 4.03411246 0.80272265
86.28000000 4.06565700 0.80276268
86.29000000 4.09744734 0.80282813
86.30000000 4.12948497 0.80291921
86.31000000 4.16177136 0.80303613
86.32000000 4.19430801 0.80317910
86.33000000 4.22709639 0.80334833
86.34000000 4.26013798 0.80354405
86.35000000 4.29343425 0.80376647
86.36000000 4.32698667 0.80401583
86.37000000 4.36079672 0.80429235
86.38000000 4.39486584 0.80459628
86.39000000 4.42919551 0.80492785
86.40000000 4.46378716 0.80528731
86.41000000 4.49864226 0.80567490
86.42000000 4.53376223 0.80609088
86.43000000 4.56914851 0.80653551
86.44000000 4.60480253 0.80700904
86.45000000 4.64072570 0.80751176
86.46000000 4.67691944 0.80804392
86.47000000 4.71338514 0.80860581
86.48000000 4.75012421 0.80919771
86.49000000 4.78713802 0.80981991
86.50000000 4.82442794 0.81047269
86.51000000 4.86199535 0.81115636
86.52000000 4.89984158 0.81187122
86.53000000 4.93796798 0.81261757
86.54000000 4.97637588 0.81339574
86.55000000 5.01506658 0.81420604
86.56000000 5.05404139 0.81504880
86.57000000 5.09330160 0.81592434
86.58000000 5.13284846 0.81683301
86.59000000 5.17268324 0.81777515
86.60000000 5.21280717 0.81875111
86.61000000 5.25322146 0.81976125
86.62000000 5.29392734 0.82080592
86.63000000 5.33492596 0.82188550
86.64000000 5.37621850 0.82300036
86.65000000 5.41780611 0.82415088
86.66000000 5.45968989 0.82533746
86.67000000 5.50187096 0.82656049
86.68000000 5.54435037 0.82782037
86.69000000 5.58712920 0.82911752
86.70000000 5.63020846 0.83045235
86.71000000 5.67358916 0.83182528
86.72000000 5.71727226 0.83323676
86.73000000 5.76125873 0.83468722
86.74000000 5.80554946 0.83617711
86.75000000 5.85014536 0.83770689
86.76000000 5.89504729 0.83927703
86.77000000 5.94025605 0.84088799
86.78000000 5.98577246 0.84254027
86.79000000 6.03159726 0.84423434
86.80000000 6.07773118 0.84597072
86.81000000 6.12417491 0.84774991
86.82000000 6.17092909 0.84957243
86.83000000 6.21799433 0.85143881
86.84000000 6.26537121 0.85334959
86.85000000 6.31306025 0.85530531
86.86000000 6.36106194 0.85730652
86.87000000 6.40937672 0.85935380
86.88000000 6.45800497 0.86144773
86.89000000 6.50694706 0.86358889
86.90000000 6.55620328 0.86577787
86.91000000 6.60577389 0.86801530
86.92000000 6.65565906 0.87030179
86.93000000 6.70585897 0.87263796
86.94000000 6.75637369 0.87502447
86.95000000 6.80720325 0.87746197
86.96000000 6.85834764 0.87995113
86.97000000 6.90980678 0.88249261
86.98000000 6.96158051 0.88508712
86.99000000 7.01366863 0.88773536
87.00000000 7.06607086 0.89043804
87.01000000 7.11878687 0.89319590
87.02000000 7.17181626 0.89600967
87.03000000 7.22515853 0.89888011
87.04000000 7.27881314 0.90180799
87.05000000 7.33277946 0.90479409
87.06000000 7.38705679 0.90783922
87.07000000 7.44164436 0.91094417
87.08000000 7.49654129 0.91410979
87.09000000 7.55174664 0.91733690
87.10000000 7.60725939 0.92062637
87.11000000 7.66307841 0.92397907
87.12000000 7.71920250 0.92739588
87.13000000 7.77563037 0.93087772
87.14000000 7.83236060 0.93442549
87.15000000 7.88939173 0.93804015
87.16000000 7.94672215 0.94172263
87.17000000 8.00435017 0.94547391
87.18000000 8.06227400 0.94929498
87.19000000 8.12049173 0.95318684
87.20000000 8.17900136 0.95715052
87.21000000 8.23780075 0.96118705
87.22000000 8.29688767 0.96529751
87.23000000 8.35625976 0.96948297
87.24000000 8.41591453 0.97374452
87.25000000 8.47584938 0.97808329
87.26000000 8.53606159 0.98250041
87.27000000 8.59654829 0.98699704
87.28000000 8.65730649 0.99157437
87.29000000 8.71833306 0.99623358
87.30000000 8.77962473 1.00097590
87.31000000 8.84117810 1.00580257
87.32000000 8.90298961 1.01071486
87.33000000 8.96505554 1.01571406
87.34000000 9.02737205 1.02080146
87.35000000 9.08993513 1.02597840
87.36000000 9.15274059 1.03124624
87.37000000 9.21578411 1.03660635
87.38000000 9.27906119 1.04206014
87.39000000 9.34256715 1.04760903
87.40000000 9.40629716 1.05325447
87.41000000 9.47024619 1.05899794
87.42000000 9.53440904 1.06484093
87.43000000 9.59878033 1.07078498
87.44000000 9.66335448 1.07683164
87.45000000 9.72812573 1.08298247
87.46000000 9.79308811 1.08923909
87.47000000 9.85823547 1.09560314
87.48000000 9.92356143 1.10207625
87.49000000 9.98905942 1.10866014
87.50000000 10.05472266 1.11535649
87.51000000 10.12054415 1.12216707
87.52000000 10.18651666 1.12909363
87.53000000 10.25263274 1.13613799
87.54000000 10.31888474 1.14330196
87.55000000 10.38526473 1.15058740
87.56000000 10.45176457 1.15799620
87.57000000 10.51837588 1.16553028
87.58000000 10.58509004 1.17319158
87.59000000 10.65189815 1.18098209
87.60000000 10.71879110 1.18890380
87.61000000 10.78575949 1.19695877
87.62000000 10.85279367 1.20514905
87.63000000 10.91988373 1.21347675
87.64000000 10.98701948 1.22194400
87.65000000 11.05419045 1.23055297
87.66000000 11.12138590 1.23930585
87.67000000 11.18859483 1.24820486
87.68000000 11.25580590 1.25725228
87.69000000 11.32300754 1.26645039
87.70000000 11.39018784 1.27580151
87.71000000 11.45733461 1.28530801
87.72000000 11.52443535 1.29497226
87.73000000 11.59147727 1.30479669
87.74000000 11.65844726 1.31478375
87.75000000 11.72533189 1.32493593
87.76000000 11.79211742 1.33525573
87.77000000 11.85878979 1.34574572
87.78000000 11.92533462 1.35640846
87.79000000 11.99173720 1.36724658
87.80000000 12.05798248 1.37826270
87.81000000 12.12405509 1.38945951
87.82000000 12.18993933 1.40083970
87.83000000 12.25561915 1.41240601
87.84000000 12.32107815 1.42416120
87.85000000 12.38629962 1.43610805
87.86000000 12.45126648 1.44824940
87.87000000 12.51596130 1.46058809
87.88000000 12.58036633 1.47312699
87.89000000 12.64446345 1.48586900
87.90000000 12.70823419 1.49881705
87.91000000 12.77165973 1.51197409
87.92000000 12.83472090 1.52534309
87.93000000 12.89739820 1.53892705
87.94000000 12.95967174 1.55272899
87.95000000 13.02152131 1.56675195
87.96000000 13.08292634 1.58099899
87.97000000 13.14386592 1.59547318
87.98000000 13.20431877 1.61017761
87.99000000 13.26426328 1.62511539
88.00000000 13.32367752 1.64028964
88.01000000 13.38253918 1.65570350
88.02000000 13.44082565 1.67136010
88.03000000 13.49851396 1.68726259
88.04000000 13.55558084 1.70341412
88.05000000 13.61200267 1.71981786
88.06000000 13.66775555 1.73647696
88.07000000 13.72281523 1.75339458
88.08000000 13.77715718 1.77057388
88.09000000 13.83075656 1.78801799
88.10000000 13.88358827 1.80573006
88.11000000 13.93562689 1.82371321
88.12000000 13.98684676 1.84197056
88.13000000 14.03722195 1.86050520
88.14000000 14.08672628 1.87932019
88.15000000 14.13533333 1.89841858
88.16000000 14.18301646 1.91780340
88.17000000 14.22974881 1.93747762
88.18000000 14.27550333 1.95744420
88.19000000 14.32025277 1.97770603
88.20000000 14.36396972 1.99826599
88.21000000 14.40662663 2.01912690
88.22000000 14.44819580 2.04029151
88.23000000 14.48864940 2.06176252
88.24000000 14.52795953 2.08354258
88.25000000 14.56609819 2.10563427
88.26000000 14.60303733 2.12804008
88.27000000 14.63874885 2.15076244
88.28000000 14.67320466 2.17380369
88.29000000 14.70637666 2.19716608
88.30000000 14.73823679 2.22085177
88.31000000 14.76875704 2.24486281
88.32000000 14.79790949 2.26920117
88.33000000 14.82566633 2.29386866
88.34000000 14.85199990 2.31886703
88.35000000 14.87688269 2.34419787
88.36000000 14.90028740 2.36986263
88.37000000 14.92218695 2.39586265
88.38000000 14.94255453 2.42219912
88.39000000 14.96136362 2.44887306
88.40000000 14.97858802 2.47588536
88.41000000 14.99420187 2.50323672
88.42000000 15.00817975 2.53092769
88.43000000 15.02049662 2.55895863
88.44000000 15.03112794 2.58732971
88.45000000 15.04004963 2.61604092
88.46000000 15.04723820 2.64509205
88.47000000 15.05267069 2.67448267
88.48000000 15.05632476 2.70421215
88.49000000 15.05817874 2.73427964
88.50000000 15.05821164 2.76468406
88.51000000 15.05640319 2.79542409
88.52000000 15.05273389 2.82649817
88.53000000 15.04718504 2.85790451
88.54000000 15.03973881 2.88964104
88.55000000 15.03037822 2.92170546
88.56000000 15.01908724 2.95409517
88.57000000 15.00585077 2.98680732
88.58000000 14.99065475 3.01983879
88.59000000 14.97348612 3.05318615
88.60000000 14.95433291 3.08684570
88.61000000 14.93318427 3.12081344
88.62000000 14.91003047 3.15508507
88.63000000 14.88486298 3.18965600
88.64000000 14.85767448 3.22452132
88.65000000 14.82845890 3.25967582
88.66000000 14.79721144 3.29511396
88.67000000 14.76392862 3.33082990
88.68000000 14.72860830 3.36681748
88.69000000 14.69124969 3.40307022
88.70000000 14.65185340 3.43958131
88.71000000 14.61042145 3.47634362
88.72000000 14.56695730 3.51334971
88.73000000 14.52146587 3.55059181
88.74000000 14.47395354 3.58806182
88.75000000 14.42442820 3.62575134
88.76000000 14.37289922 3.66365163
88.77000000 14.31937750 3.70175365
88.78000000 14.26387546 3.74004804
88.79000000 14.20640703 3.77852515
88.80000000 14.14698770 3.81717500
88.81000000 14.08563446 3.85598734
88.82000000 14.02236586 3.89495159
88.83000000 13.95720196 3.93405694
88.84000000 13.89016433 3.97329224
88.85000000 13.82127606 4.01264612
88.86000000 13.75056173 4.05210692
88.87000000 13.67804738 4.09166275
88.88000000 13.60376053 4.13130145
88.89000000 13.52773011 4.17101065
88.90000000 13.44998649 4.21077774
88.91000000 13.37056139 4.25058993
88.92000000 13.28948790 4.29043420
88.93000000 13.20680042 4.33029738
88.94000000 13.12253463 4.37016609
88.95000000 13.03672744 4.41002683
88.96000000 12.94941699 4.44986594
88.97000000 12.86064254 4.48966963
88.98000000 12.77044448 4.52942400
88.99000000 12.67886424 4.56911507
89.00000000 12.58594428 4.60872876
89.01000000 12.49172801 4.64825093
89.02000000 12.39625972 4.68766739
89.03000000 12.29958457 4.72696393
89.04000000 12.20174848 4.76612632
89.05000000 12.10279810 4.80514033
89.06000000 12.00278077 4.84399175
89.07000000 11.90174438 4.88266642
89.08000000 11.79973739 4.92115022
89.09000000 11.69680874 4.95942911
89.10000000 11.59300774 4.99748914
89.11000000 11.48838407 5.03531646
89.12000000 11.38298768 5.07289736
89.13000000 11.27686872 5.11021824
89.14000000 11.17007750 5.14726568
89.15000000 11.06266437 5.18402644
89.16000000 10.95467975 5.22048744
89.17000000 10.84617395 5.25663582
89.18000000 10.73719719 5.29245895
89.19000000 10.62779953 5.32794441
89.20000000 10.51803074 5.36308003
89.21000000 10.40794032 5.39785393
89.22000000 10.29757740 5.43225446
89.23000000 10.18699070 5.46627028
89.24000000 10.07622843 5.49989035
89.25000000 9.96533832 5.53310393
89.26000000 9.85436746 5.56590061
89.27000000 9.74336234 5.59827028
89.28000000 9.63236877 5.63020320
89.29000000 9.52143181 5.66168996
89.30000000 9.41059574 5.69272151
89.31000000 9.29990406 5.72328916
89.32000000 9.18939937 5.75338457
89.33000000 9.07912341 5.78299979
89.34000000 8.96911698 5.81212724
89.35000000 8.85941991 5.84075973
89.36000000 8.75007105 5.86889044
89.37000000 8.64110824 5.89651295
89.38000000 8.53256827 5.92362120
89.39000000 8.42448686 5.95020956
89.40000000 8.31689865 5.97627276
89.41000000 8.20983718 6.00180593
89.42000000 8.10333489 6.02680459
89.43000000 7.99742307 6.05126463
89.44000000 7.89213187 6.07518234
89.45000000 7.78749033 6.09855440
89.46000000 7.68352629 6.12137785
89.47000000 7.58026648 6.14365012
89.48000000 7.47773644 6.16536899
89.49000000 7.37596059 6.18653262
89.50000000 7.27496217 6.20713953
89.51000000 7.17476329 6.22718860
89.52000000 7.07538493 6.24667903
89.53000000 6.97684692 6.26561039
89.54000000 6.87916798 6.28398257
89.55000000 6.78236573 6.30179580
89.56000000 6.68645668 6.31905061
89.57000000 6.59145628 6.33574785
89.58000000 6.49737889 6.35188867
89.59000000 6.40423786 6.36747452
89.60000000 6.31204549 6.38250714
89.61000000 6.22081306 6.39698853
89.62000000 6.13055089 6.41092097
89.63000000 6.04126832 6.42430700
89.64000000 5.95297374 6.43714941
89.65000000 5.86567463 6.44945122
89.66000000 5.77937756 6.46121569
89.67000000 5.69408825 6.47244630
89.68000000 5.60981154 6.48314675
89.69000000 5.52655146 6.49332092
89.70000000 5.44431124 6.50297292
89.71000000 5.36309333 6.51210701
89.72000000 5.28289944 6.52072765
89.73000000 5.20373054 6.52883945
89.74000000 5.12558692 6.53644719
89.75000000 5.04846819 6.54355580
89.76000000 4.97237330 6.55017032
89.77000000 4.89730061 6.55629597
89.78000000 4.82324785 6.56193805
89.79000000 4.75021220 6.56710200
89.80000000 4.67819028 6.57179335
89.81000000 4.60717820 6.57601775
89.82000000 4.53717157 6.57978091
89.83000000 4.46816552 6.58308864
89.84000000 4.40015473 6.58594683
89.85000000 4.33313346 6.58836143
89.86000000 4.26709556 6.59033845
89.87000000 4.20203449 6.59188396
89.88000000 4.13794337 6.59300407
89.89000000 4.07481496 6.59370494
89.90000000 4.01264171 6.59399276
89.91000000 3.95141577 6.59387374
89.92000000 3.89112901 6.59335412
89.93000000 3.83177304 6.59244017
89.94000000 3.77333922 6.59113816
89.95000000 3.71581871 6.58945436
89.96000000 3.65920244 6.58739506
89.97000000 3.60348116 6.58496652
89.98000000 3.54864544 6.58217502
89.99000000 3.49468569 6.57902681
90.00000000 3.44159221 6.57552814
90.01000000 3.38935513 6.57168523
90.02000000 3.33796448 6.56750427
90.03000000 3.28741021 6.56299144
90.04000000 3.23768215 6.55815287
90.05000000 3.18877008 6.55299467
90.06000000 3.14066370 6.54752292
90.07000000 3.09335268 6.54174363
90.08000000 3.04682663 6.53566280
90.09000000 3.00107514 6.52928636
90.10000000 2.95608778 6.52262022
90.11000000 2.91185409 6.51567022
90.12000000 2.86836364 6.50844214
90.13000000 2.82560598 6.50094174
90.14000000 2.78357070 6.49317469
90.15000000 2.74224739 6.48514663
90.16000000 2.70162568 6.47686312
90.17000000 2.66169524 6.46832967
90.18000000 2.62244577 6.45955173
90.19000000 2.58386705 6.45053469
90.20000000 2.54594887 6.44128387
90.21000000 2.50868112 6.43180452
90.22000000 2.47205374 6.42210184
90.23000000 2.43605674 6.41218097
90.24000000 2.40068020 6.40204695
90.25000000 2.36591430 6.39170478
90.26000000 2.33174928 6.38115939
90.27000000 2.29817547 6.37041564
90.28000000 2.26518330 6.35947832
90.29000000 2.23276328 6.34835214
90.30000000 2.20090604 6.33704177
90.31000000 2.16960227 6.32555179
90.32000000 2.13884279 6.31388672
90.33000000 2.10861851 6.30205099
90.34000000 2.07892045 6.29004900
90.35000000 2.04973972 6.27788505
90.36000000 2.02106757 6.26556338
90.37000000 1.99289533 6.25308818
90.38000000 1.96521443 6.24046354
90.39000000 1.93801646 6.22769350
90.40000000 1.91129306 6.21478205
90.41000000 1.88503602 6.20173308
90.42000000 1.85923725 6.18855043
90.43000000 1.83388873 6.17523789
90.44000000 1.80898260 6.16179915
90.45000000 1.78451108 6.14823787
90.46000000 1.76046652 6.13455763
90.47000000 1.73684138 6.12076194
90.48000000 1.71362823 6.10685426
90.49000000 1.69081976 6.09283798
90.50000000 1.66840876 6.07871644
90.51000000 1.64638814 6.06449290
90.52000000 1.62475091 6.05017057
90.53000000 1.60349022 6.03575262
90.54000000 1.58259930 6.02124211
90.55000000 1.56207150 6.00664211
90.56000000 1.54190028 5.99195557
90.57000000 1.52207920 5.97718542
90.58000000 1.50260193 5.96233453
90.59000000 1.48346226 5.94740570
90.60000000 1.46465406 5.93240170
90.61000000 1.44617133 5.91732522
90.62000000 1.42800815 5.90217890
90.63000000 1.41015871 5.88696536
90.64000000 1.39261731 5.87168713
90.65000000 1.37537834 5.85634671
90.66000000 1.35843628 5.84094655
90.67000000 1.34178572 5.82548904
90.68000000 1.32542134 5.80997653
90.69000000 1.30933793 5.79441132
90.70000000 1.29353034 5.77879567
90.71000000 1.27799355 5.76313178
90.72000000 1.26272260 5.74742182
90.73000000 1.24771265 5.73166790
90.74000000 1.23295891 5.71587211
90.75000000 1.21845671 5.70003647
90.76000000 1.20420146 5.68416297
90.77000000 1.19018864 5.66825356
90.78000000 1.17641382 5.65231015
90.79000000 1.16287266 5.63633460
90.80000000 1.14956089 5.62032875
90.81000000 1.13647434 5.60429439
90.82000000 1.12360888 5.58823325
90.83000000 1.11096049 5.57214706
90.84000000 1.09852522 5.55603750
90.85000000 1.08629919 5.53990620
90.86000000 1.07427858 5.52375477
90.87000000 1.06245967 5.50758478
90.88000000 1.05083879 5.49139777
90.89000000 1.03941235 5.47519524
90.90000000 1.02817682 5.45897866
90.91000000 1.01712873 5.44274948
90.92000000 1.00626471 5.42650908
90.93000000 0.99558142 5.41025887
90.94000000 0.98507560 5.39400016
90.95000000 0.97474405 5.37773429
90.96000000 0.96458362 5.36146254
90.97000000 0.95459124 5.34518617
90.98000000 0.94476388 5.32890639
90.99000000 0.93509860 5.31262443
91.00000000 0.92559247 5.29634144
91.01000000 0.91624266 5.28005858
91.02000000 0.90704637 5.26377697
91.03000000 0.89800086 5.24749771
91.04000000 0.88910344 5.23122186
91.05000000 0.88035149 5.21495047
91.06000000 0.87174241 5.19868457
91.07000000 0.86327367 5.18242515
91.08000000 0.85494280 5.16617319
91.09000000 0.84674735 5.14992964
91.10000000 0.83868494 5.13369544
91.11000000 0.83075322 5.11747149
91.12000000 0.82294990 5.10125867
91.13000000 0.81527273 5.08505786
91.14000000 0.80771950 5.06886991
91.15000000 0.80028805 5.05269563
91.16000000 0.79297624 5.03653583
91.17000000 0.78578201 5.02039131
91.18000000 0.77870331 5.00426282
91.19000000 0.77173814 4.98815112
91.20000000 0.76488453 4.97205694
91.21000000 0.75814057 4.95598100
91.22000000 0.75150436 4.93992399
91.23000000 0.74497406 4.92388658
91.24000000 0.73854785 4.90786945
91.25000000 0.73222395 4.89187323
91.26000000 0.72600062 4.87589856
91.27000000 0.71987616 4.85994605
91.28000000 0.71384887 4.84401631
91.29000000 0.70791712 4.82810991
91.30000000 0.70207930 4.81222742
91.31000000 0.69633382 4.79636940
91.32000000 0.69067914 4.78053639
91.33000000 0.68511373 4.76472892
91.34000000 0.67963610 4.74894749
91.35000000 0.67424479 4.73319261
91.36000000 0.66893837 4.71746477
91.37000000 0.66371543 4.70176444
91.38000000 0.65857458 4.68609207
91.39000000 0.65351449 4.67044813
91.40000000 0.64853382 4.65483304
91.41000000 0.64363127 4.63924724
91.42000000 0.63880557 4.62369113
91.43000000 0.63405547 4.60816512
91.44000000 0.62937973 4.59266960
91.45000000 0.62477716 4.57720496
91.46000000 0.62024657 4.56177155
91.47000000 0.61578681 4.54636975
91.48000000 0.61139675 4.53099990
91.49000000 0.60707527 4.51566234
91.50000000 0.60282127 4.50035740
91.51000000 0.59863369 4.48508541
91.52000000 0.59451148 4.46984667
91.53000000 0.59045360 4.45464148
91.54000000 0.58645905 4.43947015
91.55000000 0.58252684 4.42433295
91.56000000 0.57865598 4.40923016
91.57000000 0.57484553 4.39416205
91.58000000 0.57109456 4.37912888
91.59000000 0.56740214 4.36413090
91.60000000 0.56376737 4.34916835
91.61000000 0.56018937 4.33424147
91.62000000 0.55666728 4.31935048
91.63000000 0.55320024 4.30449562
91.64000000 0.54978743 4.28967708
91.65000000 0.54642801 4.27489509
91.66000000 0.54312120 4.26014983
91.67000000 0.53986620 4.24544151
91.68000000 0.53666224 4.23077030
91.69000000 0.53350856 4.21613639
91.70000000 0.53040442 4.20153996
91.71000000 0.52734909 4.18698116
91.72000000 0.52434186 4.17246016
91.73000000 0.52138202 4.15797712
91.74000000 0.51846888 4.14353218
91.75000000 0.51560177 4.12912550
91.76000000 0.51278003 4.11475719
91.77000000 0.51000299 4.10042741
91.78000000 0.50727004 4.08613628
91.79000000 0.50458053 4.07188391
91.80000000 0.50193386 4.05767043
91.81000000 0.49932942 4.04349595
91.82000000 0.49676662 4.02936057
91.83000000 0.49424488 4.01526440
91.84000000 0.49176363 4.00120753
91.85000000 0.48932231 3.98719007
91.86000000 0.48692037 3.97321209
91.87000000 0.48455728 3.95927367
91.88000000 0.48223250 3.94537491
91.89000000 0.47994552 3.93151587
91.90000000 0.47769582 3.91769663
91.91000000 0.47548292 3.90391726
91.92000000 0.47330632 3.89017781
91.93000000 0.47116553 3.87647835
91.94000000 0.46906010 3.86281893
91.95000000 0.46698955 3.84919960
91.96000000 0.46495343 3.83562042
91.97000000 0.46295130 3.82208142
91.98000000 0.46098272 3.80858265
91.99000000 0.45904725 3.79512415
92.00000000 0.45714449 3.78170595
92.01000000 0.45527401 3.76832809
92.02000000 0.45343541 3.75499058
92.03000000 0.45162829 3.74169346
92.04000000 0.44985226 3.72843675
92.05000000 0.44810695 3.71522047
92.06000000 0.44639196 3.70204462
92.07000000 0.44470694 3.68890924
92.08000000 0.44305153 3.67581432
92.09000000 0.44142536 3.66275988
92.10000000 0.43982809 3.64974591
92.11000000 0.43825938 3.63677243
92.12000000 0.43671889 3.62383943
92.13000000 0.43520629 3.61094691
92.14000000 0.43372127 3.59809487
92.15000000 0.43226349 3.58528329
92.16000000 0.43083266 3.57251217
92.17000000 0.42942847 3.55978150
92.18000000 0.42805062 3.54709126
92.19000000 0.42669881 3.53444143
92.20000000 0.42537276 3.52183200
92.21000000 0.42407219 3.50926295
92.22000000 0.42279681 3.49673425
92.23000000 0.42154636 3.48424589
92.24000000 0.42032057 3.47179782
92.25000000 0.41911918 3.45939003
92.26000000 0.41794194 3.44702248
92.27000000 0.41678858 3.43469515
92.28000000 0.41565887 3.42240799
92.29000000 0.41455256 3.41016098
92.30000000 0.41346942 3.39795408
92.31000000 0.41240921 3.38578724
92.32000000 0.41137171 3.37366042
92.33000000 0.41035669 3.36157360
92.34000000 0.40936393 3.34952671
92.35000000 0.40839322 3.33751972
92.36000000 0.40744435 3.32555258
92.37000000 0.40651711 3.31362524
92.38000000 0.40561130 3.30173765
92.39000000 0.40472671 3.28988976
92.40000000 0.40386317 3.27808152
92.41000000 0.40302047 3.26631288
92.42000000 0.40219843 3.25458378
92.43000000 0.40139687 3.24289417
92.44000000 0.40061560 3.23124399
92.45000000 0.39985446 3.21963317
92.46000000 0.39911327 3.20806167
92.47000000 0.39839186 3.19652942
92.48000000 0.39769006 3.18503636
92.49000000 0.39700773 3.17358242
92.50000000 0.39634469 3.16216755
92.51000000 0.39570079 3.15079168
92.52000000 0.39507589 3.13945474
92.53000000 0.39446983 3.12815666
92.54000000 0.39388247 3.11689739
92.55000000 0.39331367 3.10567684
92.56000000 0.39276328 3.09449496
92.57000000 0.39223118 3.08335167
92.58000000 0.39171723 3.07224690
92.59000000 0.39122130 3.06118057
92.60000000 0.39074327 3.05015263
92.61000000 0.39028300 3.03916298
92.62000000 0.38984038 3.02821156
92.63000000 0.38941530 3.01729830
92.64000000 0.38900762 3.00642312
92.65000000 0.38861725 2.99558593
92.66000000 0.38824408 2.98478668
92.67000000 0.38788798 2.97402527
92.68000000 0.38754887 2.96330163
92.69000000 0.38722663 2.95261568
92.70000000 0.38692117 2.94196734
92.71000000 0.38663239 2.93135653
92.72000000 0.38636019 2.92078317
92.73000000 0.38610449 2.91024718
92.74000000 0.38586519 2.89974849
92.75000000 0.38564220 2.88928699
92.76000000 0.38543544 2.87886262
92.77000000 0.38524482 2.86847530
92.78000000 0.38507028 2.85812492
92.79000000 0.38491171 2.84781143
92.80000000 0.38476906 2.83753472
92.81000000 0.38464224 2.82729471
92.82000000 0.38453119 2.81709132
92.83000000 0.38443583 2.80692447
92.84000000 0.38435610 2.79679407
92.85000000 0.38429192 2.78670002
92.86000000 0.38424325 2.77664225
92.87000000 0.38421001 2.76662066
92.88000000 0.38419214 2.75663518
92.89000000 0.38418960 2.74668571
92.90000000 0.38420231 2.73677216
92.91000000 0.38423023 2.72689445
92.92000000 0.38427332 2.71705249
92.93000000 0.38433151 2.70724618
92.94000000 0.38440475 2.69747545
92.95000000 0.38449302 2.68774019
92.96000000 0.38459625 2.67804033
92.97000000 0.38471441 2.66837577
92.98000000 0.38484745 2.65874642
92.99000000 0.38499534 2.64915219
93.00000000 0.38515805 2.63959300
93.01000000 0.38533552 2.63006874
93.02000000 0.38552774 2.62057933
93.03000000 0.38573468 2.61112469
93.04000000 0.38595629 2.60170471
93.05000000 0.38619255 2.59231931
93.06000000 0.38644344 2.58296839
93.07000000 0.38670893 2.57365187
93.08000000 0.38698900 2.56436965
93.09000000 0.38728362 2.55512165
93.10000000 0.38759277 2.54590776
93.11000000 0.38791645 2.53672791
93.12000000 0.38825462 2.52758199
93.13000000 0.38860728 2.51846991
93.14000000 0.38897441 2.50939159
93.15000000 0.38935600 2.50034693
93.16000000 0.38975204 2.49133583
93.17000000 0.39016252 2.48235822
93.18000000 0.39058743 2.47341398
93.19000000 0.39102677 2.46450304
93.20000000 0.39148052 2.45562530
93.21000000 0.39194870 2.44678067
93.22000000 0.39243129 2.43796905
93.23000000 0.39292831 2.42919036
93.24000000 0.39343974 2.42044449
93.25000000 0.39396559 2.41173137
93.26000000 0.39450587 2.40305089
93.27000000 0.39506058 2.39440296
93.28000000 0.39562973 2.38578750
93.29000000 0.39621333 2.37720441
93.30000000 0.39681139 2.36865360
93.31000000 0.39742391 2.36013497
93.32000000 0.39805092 2.35164843
93.33000000 0.39869243 2.34319390
93.34000000 0.39934845 2.33477128
93.35000000 0.40001901 2.32638048
93.36000000 0.40070411 2.31802140
93.37000000 0.40140378 2.30969396
93.38000000 0.40211804 2.30139806
93.39000000 0.40284691 2.29313361
93.40000000 0.40359042 2.28490052
93.41000000 0.40434860 2.27669870
93.42000000 0.40512146 2.26852806
93.43000000 0.40590905 2.26038851
93.44000000 0.40671138 2.25227995
93.45000000 0.40752848 2.24420229
93.46000000 0.40836040 2.23615545
93.47000000 0.40920717 2.22813933
93.48000000 0.41006881 2.22015385
93.49000000 0.41094536 2.21219890
93.50000000 0.41183688 2.20427441
93.51000000 0.41274338 2.19638028
93.52000000 0.41366491 2.18851642
93.53000000 0.41460152 2.18068274
93.54000000 0.41555324 2.17287916
93.55000000 0.41652013 2.16510557
93.56000000 0.41750222 2.15736190
93.57000000 0.41849957 2.14964806
93.58000000 0.41951221 2.14196394
93.59000000 0.42054021 2.13430948
93.60000000 0.42158361 2.12668456
93.61000000 0.42264247 2.11908912
93.62000000 0.42371683 2.11152306
93.63000000 0.42480675 2.10398628
93.64000000 0.42591230 2.09647871
93.65000000 0.42703351 2.08900026
93.66000000 0.42817047 2.08155083
93.67000000 0.42932322 2.07413034
93.68000000 0.43049182 2.06673870
93.69000000 0.43167634 2.05937583
93.70000000 0.43287685 2.05204163
93.71000000 0.43409341 2.04473603
93.72000000 0.43532608 2.03745893
93.73000000 0.43657493 2.03021024
93.74000000 0.43784004 2.02298989
93.75000000 0.43912147 2.01579779
93.76000000 0.44041929 2.00863384
93.77000000 0.44173359 2.00149797
93.78000000 0.44306443 1.99439009
93.79000000 0.44441189 1.98731011
93.80000000 0.44577604 1.98025795
93.81000000 0.44715697 1.97323352
93.82000000 0.44855476 1.96623674
93.83000000 0.44996949 1.95926753
93.84000000 0.45140123 1.95232580
93.85000000 0.45285008 1.94541146
93.86000000 0.45431612 1.93852443
93.87000000 0.45579944 1.93166464
93.88000000 0.45730013 1.92483199
93.89000000 0.45881827 1.91802641
93.90000000 0.46035396 1.91124781
93.91000000 0.46190728 1.90449610
93.92000000 0.46347834 1.89777121
93.93000000 0.46506723 1.89107306
93.94000000 0.46667405 1.88440155
93.95000000 0.46829888 1.87775662
93.96000000 0.46994184 1.87113817
93.97000000 0.47160303 1.86454614
93.98000000 0.47328254 1.85798043
93.99000000 0.47498048 1.85144097
94.00000000 0.47669696 1.84492767
94.01000000 0.47843208 1.83844046
94.02000000 0.48018595 1.83197926
94.03000000 0.48195868 1.82554398
94.04000000 0.48375039 1.81913455
94.05000000 0.48556117 1.81275089
94.06000000 0.48739116 1.80639292
94.07000000 0.48924046 1.80006056
94.08000000 0.49110919 1.79375374
94.09000000 0.49299747 1.78747237
94.10000000 0.49490542 1.78121637
94.11000000 0.49683316 1.77498568
94.12000000 0.49878081 1.76878020
94.13000000 0.50074851 1.76259988
94.14000000 0.50273637 1.75644462
94.15000000 0.50474452 1.75031435
94.16000000 0.50677310 1.74420900
94.17000000 0.50882223 1.73812849
94.18000000 0.51089205 1.73207275
94.19000000 0.51298268 1.72604169
94.20000000 0.51509427 1.72003525
94.21000000 0.51722696 1.71405334
94.22000000 0.51938088 1.70809590
94.23000000 0.52155617 1.70216285
94.24000000 0.52375297 1.69625412
94.25000000 0.52597144 1.69036963
94.26000000 0.52821170 1.68450931
94.27000000 0.53047392 1.67867309
94.28000000 0.53275824 1.67286089
94.29000000 0.53506481 1.66707264
94.30000000 0.53739378 1.66130827
94.31000000 0.53974531 1.65556770
94.32000000 0.54211955 1.64985087
94.33000000 0.54451666 1.64415770
94.34000000 0.54693680 1.63848813
94.35000000 0.54938013 1.63284208
94.36000000 0.55184681 1.62721947
94.37000000 0.55433701 1.62162025
94.38000000 0.55685089 1.61604433
94.39000000 0.55938862 1.61049166
94.40000000 0.56195037 1.60496216
94.41000000 0.56453631 1.59945576
94.42000000 0.56714662 1.59397239
94.43000000 0.56978147 1.58851199
94.44000000 0.57244103 1.58307448
94.45000000 0.57512550 1.57765980
94.46000000 0.57783504 1.57226789
94.47000000 0.58056984 1.56689866
94.48000000 0.58333008 1.56155206
94.49000000 0.58611596 1.55622802
94.50000000 0.58892766 1.55092648
94.51000000 0.59176536 1.54564736
94.52000000 0.59462927 1.54039060
94.53000000 0.59751958 1.53515613
94.54000000 0.60043648 1.52994390
94.55000000 0.60338018 1.52475383
94.56000000 0.60635086 1.51958586
94.57000000 0.60934875 1.51443992
94.58000000 0.61237403 1.50931596
94.59000000 0.61542692 1.50421391
94.60000000 0.61850762 1.49913370
94.61000000 0.62161635 1.49407527
94.62000000 0.62475332 1.48903856
94.63000000 0.62791874 1.48402350
94.64000000 0.63111283 1.47903004
94.65000000 0.63433582 1.47405811
94.66000000 0.63758791 1.46910765
94.67000000 0.64086935 1.46417860
94.68000000 0.64418034 1.45927090
94.69000000 0.64752112 1.45438448
94.70000000 0.65089192 1.44951929
94.71000000 0.65429298 1.44467527
94.72000000 0.65772452 1.43985235
94.73000000 0.66118679 1.43505048
94.74000000 0.66468002 1.43026960
94.75000000 0.66820445 1.42550965
94.76000000 0.67176034 1.42077057
94.77000000 0.67534793 1.41605230
94.78000000 0.67896746 1.41135478
94.79000000 0.68261918 1.40667797
94.80000000 0.68630336 1.40202179
94.81000000 0.69002024 1.39738620
94.82000000 0.69377009 1.39277113
94.83000000 0.69755317 1.38817654
94.84000000 0.70136974 1.38360236
94.85000000 0.70522006 1.37904853
94.86000000 0.70910441 1.37451502
94.87000000 0.71302305 1.37000175
94.88000000 0.71697626 1.36550867
94.89000000 0.72096432 1.36103573
94.90000000 0.72498751 1.35658288
94.91000000 0.72904610 1.35215006
94.92000000 0.73314038 1.34773722
94.93000000 0.73727064 1.34334431
94.94000000 0.74143716 1.33897127
94.95000000 0.74564025 1.33461805
94.96000000 0.74988019 1.33028460
94.97000000 0.75415728 1.32597086
94.98000000 0.75847182 1.32167679
94.99000000 0.76282412 1.31740234
95.00000000 0.76721449 1.31314745
95.01000000 0.77164322 1.30891207
95.02000000 0.77611064 1.30469616
95.03000000 0.78061705 1.30049967
95.04000000 0.78516278 1.29632253
95.05000000 0.78974814 1.29216472
95.06000000 0.79437347 1.28802617
95.07000000 0.79903908 1.28390684
95.08000000 0.80374531 1.27980668
95.09000000 0.80849248 1.27572565
95.10000000 0.81328094 1.27166369
95.11000000 0.81811101 1.26762076
95.12000000 0.82298306 1.26359682
95.13000000 0.82789741 1.25959181
95.14000000 0.83285441 1.25560569
95.15000000 0.83785443 1.25163842
95.16000000 0.84289780 1.24768995
95.17000000 0.84798490 1.24376024
95.18000000 0.85311607 1.23984924
95.19000000 0.85829169 1.23595690
95.20000000 0.86351212 1.23208319
95.21000000 0.86877773 1.22822806
95.22000000 0.87408890 1.22439147
95.23000000 0.87944600 1.22057337
95.24000000 0.88484941 1.21677372
95.25000000 0.89029952 1.21299249
95.26000000 0.89579672 1.20922962
95.27000000 0.90134139 1.20548508
95.28000000 0.90693393 1.20175883
95.29000000 0.91257474 1.19805083
95.30000000 0.91826422 1.19436104
95.31000000 0.92400278 1.19068941
95.32000000 0.92979082 1.18703591
95.33000000 0.93562875 1.18340050
95.34000000 0.94151700 1.17978314
95.35000000 0.94745598 1.17618379
95.36000000 0.95344612 1.17260242
95.37000000 0.95948783 1.16903899
95.38000000 0.96558156 1.16549345
95.39000000 0.97172774 1.16196578
95.40000000 0.97792680 1.15845594
95.41000000 0.98417920 1.15496390
95.42000000 0.99048536 1.15148960
95.43000000 0.99684576 1.14803303
95.44000000 1.00326083 1.14459415
95.45000000 1.00973104 1.14117292
95.46000000 1.01625684 1.13776931
95.47000000 1.02283872 1.13438329
95.48000000 1.02947712 1.13101482
95.49000000 1.03617254 1.12766387
95.50000000 1.04292545 1.12433040
95.51000000 1.04973632 1.12101440
95.52000000 1.05660565 1.11771582
95.53000000 1.06353393 1.11443463
95.54000000 1.07052165 1.11117081
95.55000000 1.07756931 1.10792432
95.56000000 1.08467742 1.10469514
95.57000000 1.09184648 1.10148323
95.58000000 1.09907701 1.09828856
95.59000000 1.10636952 1.09511111
95.60000000 1.11372454 1.09195086
95.61000000 1.12114258 1.08880776
95.62000000 1.12862418 1.08568180
95.63000000 1.13616987 1.08257295
95.64000000 1.14378020 1.07948119
95.65000000 1.15145571 1.07640647
95.66000000 1.15919694 1.07334879
95.67000000 1.16700444 1.07030812
95.68000000 1.17487879 1.06728443
95.69000000 1.18282053 1.06427770
95.70000000 1.19083023 1.06128790
95.71000000 1.19890847 1.05831501
95.72000000 1.20705583 1.05535902
95.73000000 1.21527288 1.05241989
95.74000000 1.22356021 1.04949761
95.75000000 1.23191841 1.04659215
95.76000000 1.24034809 1.04370349
95.77000000 1.24884983 1.04083163
95.78000000 1.25742425 1.03797652
95.79000000 1.26607195 1.03513816
95.80000000 1.27479356 1.03231653
95.81000000 1.28358969 1.02951160
95.82000000 1.29246098 1.02672337
95.83000000 1.30140805 1.02395181
95.84000000 1.31043154 1.02119691
95.85000000 1.31953209 1.01845865
95.86000000 1.32871035 1.01573701
95.87000000 1.33796697 1.01303199
95.88000000 1.34730261 1.01034356
95.89000000 1.35671794 1.00767171
95.90000000 1.36621362 1.00501643
95.91000000 1.37579033 1.00237771
95.92000000 1.38544874 0.99975553
95.93000000 1.39518955 0.99714988
95.94000000 1.40501344 0.99456075
95.95000000 1.41492111 0.99198813
95.96000000 1.42491326 0.98943201
95.97000000 1.43499060 0.98689238
95.98000000 1.44515384 0.98436924
95.99000000 1.45540371 0.98186256
96.00000000 1.46574092 0.97937234
96.01000000 1.47616620 0.97689859
96.02000000 1.48668030 0.97444128
96.03000000 1.49728396 0.97200042
96.04000000 1.50797791 0.96957600
96.05000000 1.51876293 0.96716801
96.06000000 1.52963976 0.96477645
96.07000000 1.54060918 0.96240132
96.08000000 1.55167195 0.96004261
96.09000000 1.56282885 0.95770032
96.10000000 1.57408067 0.95537445
96.11000000 1.58542820 0.95306500
96.12000000 1.59687223 0.95077196
96.13000000 1.60841356 0.94849534
96.14000000 1.62005301 0.94623514
96.15000000 1.63179139 0.94399137
96.16000000 1.64362952 0.94176401
96.17000000 1.65556823 0.93955308
96.18000000 1.66760835 0.93735857
96.19000000 1.67975072 0.93518050
96.20000000 1.69199619 0.93301887
96.21000000 1.70434561 0.93087368
96.22000000 1.71679984 0.92874495
96.23000000 1.72935974 0.92663267
96.24000000 1.74202619 0.92453685
96.25000000 1.75480007 0.92245751
96.26000000 1.76768226 0.92039465
96.27000000 1.78067366 0.91834829
96.28000000 1.79377515 0.91631842
96.29000000 1.80698766 0.91430508
96.30000000 1.82031208 0.91230826
96.31000000 1.83374935 0.91032799
96.32000000 1.84730037 0.90836427
96.33000000 1.86096609 0.90641712
96.34000000 1.87474745 0.90448656
96.35000000 1.88864538 0.90257261
96.36000000 1.90266085 0.90067527
96.37000000 1.91679480 0.89879457
96.38000000 1.93104822 0.89693053
96.39000000 1.94542206 0.89508316
96.40000000 1.95991731 0.89325250
96.41000000 1.97453496 0.89143855
96.42000000 1.98927600 0.88964135
96.43000000 2.00414143 0.88786091
96.44000000 2.01913226 0.88609727
96.45000000 2.03424950 0.88435044
96.46000000 2.04949418 0.88262045
96.47000000 2.06486731 0.88090734
96.48000000 2.08036995 0.87921112
96.49000000 2.09600313 0.87753183
96.50000000 2.11176789 0.87586949
96.51000000 2.12766531 0.87422415
96.52000000 2.14369644 0.87259582
96.53000000 2.15986234 0.87098455
96.54000000 2.17616411 0.86939037
96.55000000 2.19260283 0.86781331
96.56000000 2.20917958 0.86625342
96.57000000 2.22589547 0.86471072
96.58000000 2.24275161 0.86318526
96.59000000 2.25974910 0.86167707
96.60000000 2.27688907 0.86018620
96.61000000 2.29417265 0.85871269
96.62000000 2.31160097 0.85725658
96.63000000 2.32917517 0.85581792
96.64000000 2.34689641 0.85439676
96.65000000 2.36476583 0.85299313
96.66000000 2.38278461 0.85160709
96.67000000 2.40095391 0.85023868
96.68000000 2.41927492 0.84888796
96.69000000 2.43774881 0.84755498
96.70000000 2.45637678 0.84623979
96.71000000 2.47516003 0.84494245
96.72000000 2.49409976 0.84366301
96.73000000 2.51319719 0.84240152
96.74000000 2.53245354 0.84115806
96.75000000 2.55187003 0.83993267
96.76000000 2.57144790 0.83872541
96.77000000 2.59118839 0.83753636
96.78000000 2.61109275 0.83636557
96.79000000 2.63116223 0.83521311
96.80000000 2.65139809 0.83407905
96.81000000 2.67180160 0.83296346
96.82000000 2.69237405 0.83186639
96.83000000 2.71311670 0.83078794
96.84000000 2.73403085 0.82972817
96.85000000 2.75511779 0.82868714
96.86000000 2.77637883 0.82766495
96.87000000 2.79781527 0.82666167
96.88000000 2.81942843 0.82567738
96.89000000 2.84121963 0.82471216
96.90000000 2.86319020 0.82376609
96.91000000 2.88534147 0.82283926
96.92000000 2.90767478 0.82193175
96.93000000 2.93019148 0.82104365
96.94000000 2.95289293 0.82017506
96.95000000 2.97578047 0.81932606
96.96000000 2.99885548 0.81849675
96.97000000 3.02211932 0.81768723
96.98000000 3.04557337 0.81689758
96.99000000 3.06921902 0.81612792
97.00000000 3.09305765 0.81537835
97.01000000 3.11709066 0.81464896
97.02000000 3.14131944 0.81393986
97.03000000 3.16574539 0.81325116
97.04000000 3.19036994 0.81258298
97.05000000 3.21519448 0.81193542
97.06000000 3.24022045 0.81130859
97.07000000 3.26544926 0.81070263
97.08000000 3.29088234 0.81011763
97.09000000 3.31652113 0.80955373
97.10000000 3.34236707 0.80901105
97.11000000 3.36842160 0.80848971
97.12000000 3.39468615 0.80798984
97.13000000 3.42116220 0.80751158
97.14000000 3.44785118 0.80705505
97.15000000 3.47475457 0.80662039
97.16000000 3.50187381 0.80620775
97.17000000 3.52921038 0.80581725
97.18000000 3.55676574 0.80544905
97.19000000 3.58454137 0.80510330
97.20000000 3.61253873 0.80478013
97.21000000 3.64075932 0.80447971
97.22000000 3.66920459 0.80420218
97.23000000 3.69787605 0.80394771
97.24000000 3.72677517 0.80371645
97.25000000 3.75590344 0.80350857
97.26000000 3.78526234 0.80332424
97.27000000 3.81485336 0.80316362
97.28000000 3.84467800 0.80302689
97.29000000 3.87473774 0.80291422
97.30000000 3.90503407 0.80282580
97.31000000 3.93556849 0.80276180
97.32000000 3.96634248 0.80272242
97.33000000 3.99735754 0.80270783
97.34000000 4.02861516 0.80271824
97.35000000 4.06011683 0.80275384
97.36000000 4.09186403 0.80281482
97.37000000 4.12385826 0.80290141
97.38000000 4.15610100 0.80301379
97.39000000 4.18859372 0.80315218
97.40000000 4.22133792 0.80331680
97.41000000 4.25433508 0.80350786
97.42000000 4.28758665 0.80372559
97.43000000 4.32109413 0.80397022
97.44000000 4.35485897 0.80424197
97.45000000 4.38888263 0.80454108
97.46000000 4.42316658 0.80486780
97.47000000 4.45771226 0.80522235
97.48000000 4.49252113 0.80560500
97.49000000 4.52759463 0.80601599
97.50000000 4.56293418 0.80645559
97.51000000 4.59854122 0.80692404
97.52000000 4.63441717 0.80742163
97.53000000 4.67056344 0.80794862
97.54000000 4.70698143 0.80850528
97.55000000 4.74367254 0.80909191
97.56000000 4.78063815 0.80970878
97.57000000 4.81787964 0.81035619
97.58000000 4.85539837 0.81103443
97.59000000 4.89319569 0.81174380
97.60000000 4.93127295 0.81248462
97.61000000 4.96963147 0.81325720
97.62000000 5.00827257 0.81406185
97.63000000 5.04719755 0.81489890
97.64000000 5.08640769 0.81576868
97.65000000 5.12590428 0.81667153
97.66000000 5.16568856 0.81760778
97.67000000 5.20576178 0.81857780
97.68000000 5.24612516 0.81958192
97.69000000 5.28677990 0.82062052
97.70000000 5.32772719 0.82169396
97.71000000 5.36896819 0.82280262
97.72000000 5.41050406 0.82394687
97.73000000 5.45233591 0.82512711
97.74000000 5.49446485 0.82634373
97.75000000 5.53689196 0.82759713
97.76000000 5.57961830 0.82888772
97.77000000 5.62264489 0.83021592
97.78000000 5.66597274 0.83158215
97.79000000 5.70960283 0.83298685
97.80000000 5.75353612 0.83443046
97.81000000 5.79777353 0.83591341
97.82000000 5.84231594 0.83743617
97.83000000 5.88716423 0.83899921
97.84000000 5.93231921 0.84060299
97.85000000 5.97778171 0.84224800
97.86000000 6.02355246 0.84393472
97.87000000 6.06963222 0.84566366
97.88000000 6.11602166 0.84743532
97.89000000 6.16272144 0.84925022
97.90000000 6.20973219 0.85110888
97.91000000 6.25705447 0.85301184
97.92000000 6.30468883 0.85495965
97.93000000 6.35263575 0.85695286
97.94000000 6.40089568 0.85899204
97.95000000 6.44946903 0.86107775
97.96000000 6.49835615 0.86321060
97.97000000 6.54755736 0.86539117
97.98000000 6.59707291 0.86762007
97.99000000 6.64690300 0.86989792
98.00000000 6.69704780 0.87222535
98.01000000 6.74750740 0.87460301
98.02000000 6.79828185 0.87703153
98.03000000 6.84937113 0.87951159
98.04000000 6.90077517 0.88204387
98.05000000 6.95249383 0.88462905
98.06000000 7.00452693 0.88726783
98.07000000 7.05687420 0.88996093
98.08000000 7.10953530 0.89270907
98.09000000 7.16250986 0.89551300
98.10000000 7.21579739 0.89837346
98.11000000 7.26939736 0.90129123
98.12000000 7.32330916 0.90426708
98.13000000 7.37753210 0.90730181
98.14000000 7.43206541 0.91039623
98.15000000 7.48690825 0.91355117
98.16000000 7.54205968 0.91676746
98.17000000 7.59751869 0.92004595
98.18000000 7.65328418 0.92338751
98.19000000 7.70935495 0.92679304
98.20000000 7.76572973 0.93026342
98.21000000 7.82240714 0.93379959
98.22000000 7.87938570 0.93740246
98.23000000 7.93666384 0.94107300
98.24000000 7.99423989 0.94481216
98.25000000 8.05211206 0.94862094
98.26000000 8.11027849 0.95250034
98.27000000 8.16873716 0.95645137
98.28000000 8.22748599 0.96047508
98.29000000 8.28652273 0.96457251
98.30000000 8.34584507 0.96874476
98.31000000 8.40545054 0.97299291
98.32000000 8.46533655 0.97731808
98.33000000 8.52550040 0.98172140
98.34000000 8.58593926 0.98620403
98.35000000 8.64665015 0.99076714
98.36000000 8.70762997 0.99541193
98.37000000 8.76887548 1.00013961
98.38000000 8.83038328 1.00495143
98.39000000 8.89214986 1.00984864
98.40000000 8.95417153 1.01483252
98.41000000 9.01644445 1.01990438
98.42000000 9.07896466 1.02506555
98.43000000 9.14172800 1.03031738
98.44000000 9.20473016 1.03566124
98.45000000 9.26796668 1.04109853
98.46000000 9.33143292 1.04663066
98.47000000 9.39512406 1.05225909
98.48000000 9.45903512 1.05798529
98.49000000 9.52316092 1.06381075
98.50000000 9.58749612 1.06973700
98.51000000 9.65203516 1.07576558
98.52000000 9.71677233 1.08189806
98.53000000 9.78170169 1.08813605
98.54000000 9.84681712 1.09448116
98.55000000 9.91211228 1.10093506
98.56000000 9.97758064 1.10749943
98.57000000 10.04321545 1.11417597
98.58000000 10.10900974 1.12096642
98.59000000 10.17495635 1.12787255
98.60000000 10.24104784 1.13489616
98.61000000 10.30727661 1.14203905
98.62000000 10.37363477 1.14930309
98.63000000 10.44011423 1.15669016
98.64000000 10.50670664 1.16420217
98.65000000 10.57340343 1.17184105
98.66000000 10.64019575 1.17960880
98.67000000 10.70707451 1.18750739
98.68000000 10.77403039 1.19553888
98.69000000 10.84105376 1.20370532
98.70000000 10.90813476 1.21200881
98.71000000 10.97526326 1.22045147
98.72000000 11.04242883 1.22903547
98.73000000 11.10962079 1.23776300
98.74000000 11.17682816 1.24663627
98.75000000 11.24403969 1.25565755
98.76000000 11.31124383 1.26482911
98.77000000 11.37842873 1.27415327
98.78000000 11.44558227 1.28363239
98.79000000 11.51269198 1.29326885
98.80000000 11.57974514 1.30306506
98.81000000 11.64672868 1.31302347
98.82000000 11.71362924 1.32314656
98.83000000 11.78043313 1.33343684
98.84000000 11.84712634 1.34389685
98.85000000 11.91369455 1.35452916
98.86000000 11.98012311 1.36533638
98.87000000 12.04639702 1.37632115
98.88000000 12.11250099 1.38748613
98.89000000 12.17841936 1.39883402
98.90000000 12.24413613 1.41036755
98.91000000 12.30963499 1.42208947
98.92000000 12.37489927 1.43400257
98.93000000 12.43991195 1.44610966
98.94000000 12.50465568 1.45841360
98.95000000 12.56911274 1.47091724
98.96000000 12.63326508 1.48362348
98.97000000 12.69709431 1.49653524
98.98000000 12.76058165 1.50965548
98.99000000 12.82370802 1.52298716
99.00000000 12.88645395 1.53653327
99.01000000 12.94879962 1.55029683
99.02000000 13.01072489 1.56428088
99.03000000 13.07220925 1.57848846
99.04000000 13.13323184 1.59292266
99.05000000 13.19377145 1.60758656
99.06000000 13.25380653 1.62248326
99.07000000 13.31331520 1.63761589
99.08000000 13.37227523 1.65298757
99.09000000 13.43066404 1.66860145
99.10000000 13.48845874 1.68446066
99.11000000 13.54563611 1.70056837
99.12000000 13.60217259 1.71692773
99.13000000 13.65804432 1.73354190
99.14000000 13.71322712 1.75041403
99.15000000 13.76769651 1.76754729
99.16000000 13.82142770 1.78494481
99.17000000 13.87439563 1.80260974
99.18000000 13.92657494 1.82054521
99.19000000 13.97794002 1.83875433
99.20000000 14.02846497 1.85724020
99.21000000 14.07812366 1.87600589
99.22000000 14.12688971 1.89505445
99.23000000 14.17473653 1.91438891
99.24000000 14.22163727 1.93401225
99.25000000 14.26756494 1.95392743
99.26000000 14.31249231 1.97413737
99.27000000 14.35639201 1.99464493
99.28000000 14.39923650 2.01545295
99.29000000 14.44099810 2.03656419
99.30000000 14.48164901 2.05798137
99.31000000 14.52116135 2.07970714
99.32000000 14.55950712 2.10174409
99.33000000 14.59665828 2.12409473
99.34000000 14.63258676 2.14676150
99.35000000 14.66726443 2.16974676
99.36000000 14.70066322 2.19305277
99.37000000 14.73275503 2.21668171
99.38000000 14.76351187 2.24063565
99.39000000 14.79290579 2.26491656
99.40000000 14.82090896 2.28952631
99.41000000 14.84749369 2.31446663
99.42000000 14.87263245 2.33973915
99.43000000 14.89629788 2.36534536
99.44000000 14.91846289 2.39128660
99.45000000 14.93910060 2.41756408
99.46000000 14.95818443 2.44417888
99.47000000 14.97568813 2.47113188
99.48000000 14.99158579 2.49842384
99.49000000 15.00585190 2.52605532
99.50000000 15.01846135 2.55402672
99.51000000 15.02938950 2.58233825
99.52000000 15.03861221 2.61098993
99.53000000 15.04610587 2.63998157
99.54000000 15.05184742 2.66931280
99.55000000 15.05581442 2.69898301
99.56000000 15.05798508 2.72899140
99.57000000 15.05833828 2.75933692
99.58000000 15.05685362 2.79001830
99.59000000 15.05351147 2.82103402
99.60000000 15.04829299 2.85238233
99.61000000 15.04118018 2.88406122
99.62000000 15.03215592 2.91606841
99.63000000 15.02120400 2.94840137
99.64000000 15.00830918 2.98105730
99.65000000 14.99345718 3.01403310
99.66000000 14.97663479 3.04732541
99.67000000 14.95782984 3.08093059
99.68000000 14.93703127 3.11484467
99.69000000 14.91422915 3.14906343
99.70000000 14.88941476 3.18358231
99.71000000 14.86258055 3.21839646
99.72000000 14.83372023 3.25350072
99.73000000 14.80282879 3.28888961
99.74000000 14.76990249 3.32455736
99.75000000 14.73493897 3.36049784
99.76000000 14.69793719 3.39670464
99.77000000 14.65889753 3.43317101
99.78000000 14.61782175 3.46988987
99.79000000 14.57471306 3.50685383
99.80000000 14.52957613 3.54405519
99.81000000 14.48241707 3.58148590
99.82000000 14.43324351 3.61913761
99.83000000 14.38206456 3.65700164
99.84000000 14.32889086 3.69506901
99.85000000 14.27373454 3.73333042
99.86000000 14.21660929 3.77177625
99.87000000 14.15753032 3.81039659
99.88000000 14.09651435 3.84918123
99.89000000 14.03357967 3.88811967
99.90000000 13.96874606 3.92720111
99.91000000 13.90203484 3.96641447
99.92000000 13.83346882 4.00574843
99.93000000 13.76307234 4.04519137
99.94000000 13.69087117 4.08473143
99.95000000 13.61689257 4.12435650
99.96000000 13.54116525 4.16405426
99.97000000 13.46371930 4.20381214
99.98000000 13.38458623 4.24361737
99.99000000 13.30379887 4.28345697
100.00000000 13.22139141 4.32331780
