# t x y
0.00000000 10.00000000 5.00000000
0.01000000 9.90981098 5.02986351
0.02000000 9.81926779 5.05944815
0.03000000 9.72840613 5.08874520
0.04000000 9.63726148 5.11774614
0.05000000 9.54586913 5.14644260
0.06000000 9.45426409 5.17482645
0.07000000 9.36248106 5.20288973
0.08000000 9.27055442 5.23062470
0.09000000 9.17851820 5.25802384
0.10000000 9.08640602 5.28507984
0.11000000 8.99425108 5.31178564
0.12000000 8.90208611 5.33813438
0.13000000 8.80994338 5.36411947
0.14000000 8.71785465 5.38973453
0.15000000 8.62585112 5.41497344
0.16000000 8.53396346 5.43983033
0.17000000 8.44222174 5.46429959
0.18000000 8.35065543 5.48837585
0.19000000 8.25929338 5.51205400
0.20000000 8.16816381 5.53532918
0.21000000 8.07729426 5.55819683
0.22000000 7.98671160 5.58065259
0.23000000 7.89644202 5.60269242
0.24000000 7.80651101 5.62431250
0.25000000 7.71694334 5.64550930
0.26000000 7.62776306 5.66627953
0.27000000 7.53899348 5.68662017
0.28000000 7.45065718 5.70652848
0.29000000 7.36277599 5.72600193
0.30000000 7.27537099 5.74503829
0.31000000 7.18846252 5.76363557
0.32000000 7.10207014 5.78179203
0.33000000 7.01621267 5.79950616
0.34000000 6.93090816 5.81677674
0.35000000 6.84617393 5.83360275
0.36000000 6.76202651 5.84998342
0.37000000 6.67848171 5.86591823
0.38000000 6.59555458 5.88140687
0.39000000 6.51325944 5.89644926
0.40000000 6.43160986 5.91104556
0.41000000 6.35061871 5.92519613
0.42000000 6.27029811 5.93890155
0.43000000 6.19065949 5.95216258
0.44000000 6.11171358 5.96498023
0.45000000 6.03347042 5.97735567
0.46000000 5.95593935 5.98929027
0.47000000 5.87912907 6.00078559
0.48000000 5.80304762 6.01184338
0.49000000 5.72770237 6.02246554
0.50000000 5.65310010 6.03265416
0.51000000 5.57924694 6.04241148
0.52000000 5.50614843 6.05173990
0.53000000 5.43380953 6.06064199
0.54000000 5.36223461 6.06912044
0.55000000 5.29142749 6.07717809
0.56000000 5.22139144 6.08481792
0.57000000 5.15212920 6.09204304
0.58000000 5.08364300 6.09885666
0.59000000 5.01593456 6.10526214
0.60000000 4.94900513 6.11126293
0.61000000 4.88285548 6.11686258
0.62000000 4.81748594 6.12206477
0.63000000 4.75289637 6.12687325
0.64000000 4.68908626 6.13129187
0.65000000 4.62605464 6.13532456
0.66000000 4.56380018 6.13897532
0.67000000 4.50232115 6.14224824
0.68000000 4.44161550 6.14514747
0.69000000 4.38168077 6.14767724
0.70000000 4.32251423 6.14984181
0.71000000 4.26411278 6.15164551
0.72000000 4.20647305 6.15309273
0.73000000 4.14959136 6.15418789
0.74000000 4.09346378 6.15493546
0.75000000 4.03808608 6.15533993
0.76000000 3.98345381 6.15540584
0.77000000 3.92956226 6.15513775
0.78000000 3.87640652 6.15454026
0.79000000 3.82398146 6.15361797
0.80000000 3.77228174 6.15237550
0.81000000 3.72130184 6.15081750
0.82000000 3.67103606 6.14894861
0.83000000 3.62147855 6.14677349
0.84000000 3.57262329 6.14429679
0.85000000 3.52446413 6.14152318
0.86000000 3.47699476 6.13845732
0.87000000 3.43020878 6.13510384
0.88000000 3.38409966 6.13146741
0.89000000 3.33866077 6.12755264
0.90000000 3.29388539 6.12336416
0.91000000 3.24976669 6.11890658
0.92000000 3.20629780 6.11418447
0.93000000 3.16347174 6.10920241
0.94000000 3.12128151 6.10396494
0.95000000 3.07972003 6.09847658
0.96000000 3.03878017 6.09274182
0.97000000 2.99845477 6.08676514
0.98000000 2.95873665 6.08055096
0.99000000 2.91961858 6.07410369
1.00000000 2.88109331 6.06742771
1.01000000 2.84315361 6.06052736
1.02000000 2.80579219 6.05340694
1.03000000 2.76900180 6.04607073
1.04000000 2.73277516 6.03852294
1.05000000 2.69710503 6.03076778
1.06000000 2.66198415 6.02280941
1.07000000 2.62740529 6.01465192
1.08000000 2.59336124 6.00629940
1.09000000 2.55984481 5.99775587
1.10000000 2.52684885 5.98902532
1.11000000 2.49436622 5.98011170
1.12000000 2.46238984 5.97101890
1.13000000 2.43091264 5.96175078
1.14000000 2.39992762 5.95231114
1.15000000 2.36942781 5.94270377
1.16000000 2.33940627 5.93293236
1.17000000 2.30985615 5.92300060
1.18000000 2.28077061 5.91291212
1.19000000 2.25214289 5.90267048
1.20000000 2.22396627 5.89227924
1.21000000 2.19623409 5.88174186
1.22000000 2.16893977 5.87106180
1.23000000 2.14207676 5.86024245
1.24000000 2.11563860 5.84928715
1.25000000 2.08961887 5.83819920
1.26000000 2.06401122 5.82698186
1.27000000 2.03880938 5.81563832
1.28000000 2.01400714 5.80417175
1.29000000 1.98959836 5.79258526
1.30000000 1.96557695 5.78088192
1.31000000 1.94193691 5.76906474
1.32000000 1.91867232 5.75713670
1.33000000 1.89577729 5.74510073
1.34000000 1.87324605 5.73295971
1.35000000 1.85107286 5.72071648
1.36000000 1.82925207 5.70837383
1.37000000 1.80777812 5.69593451
1.38000000 1.78664548 5.68340122
1.39000000 1.76584873 5.67077663
1.40000000 1.74538251 5.65806334
1.41000000 1.72524152 5.64526394
1.42000000 1.70542054 5.63238095
1.43000000 1.68591444 5.61941687
1.44000000 1.66671813 5.60637414
1.45000000 1.64782662 5.59325516
1.46000000 1.62923497 5.58006231
1.47000000 1.61093832 5.56679790
1.48000000 1.59293188 5.55346422
1.49000000 1.57521094 5.54006351
1.50000000 1.55777084 5.52659797
1.51000000 1.54060700 5.51306979
1.52000000 1.52371491 5.49948107
1.53000000 1.50709012 5.48583391
1.54000000 1.49072827 5.47213037
1.55000000 1.47462505 5.45837245
1.56000000 1.45877620 5.44456215
1.57000000 1.44317756 5.43070139
1.58000000 1.42782502 5.41679210
1.59000000 1.41271452 5.40283614
1.60000000 1.39784210 5.38883535
1.61000000 1.38320383 5.37479153
1.62000000 1.36879585 5.36070646
1.63000000 1.35461438 5.34658188
1.64000000 1.34065568 5.33241948
1.65000000 1.32691608 5.31822095
1.66000000 1.31339198 5.30398792
1.67000000 1.30007981 5.28972201
1.68000000 1.28697609 5.27542479
1.69000000 1.27407738 5.26109781
1.70000000 1.26138031 5.24674260
1.71000000 1.24888155 5.23236064
1.72000000 1.23657784 5.21795340
1.73000000 1.22446596 5.20352230
1.74000000 1.21254276 5.18906875
1.75000000 1.20080513 5.17459414
1.76000000 1.18925003 5.16009980
1.77000000 1.17787445 5.14558707
1.78000000 1.16667545 5.13105725
1.79000000 1.15565012 5.11651159
1.80000000 1.14479563 5.10195136
1.81000000 1.13410917 5.08737777
1.82000000 1.12358799 5.07279202
1.83000000 1.11322939 5.05819528
1.84000000 1.10303071 5.04358870
1.85000000 1.09298933 5.02897340
1.86000000 1.08310271 5.01435050
1.87000000 1.07336831 4.99972107
1.88000000 1.06378366 4.98508617
1.89000000 1.05434632 4.97044683
1.90000000 1.04505391 4.95580407
1.91000000 1.03590407 4.94115889
1.92000000 1.02689450 4.92651225
1.93000000 1.01802293 4.91186512
1.94000000 1.00928714 4.89721842
1.95000000 1.00068493 4.88257308
1.96000000 0.99221416 4.86792997
1.97000000 0.98387271 4.85328998
1.98000000 0.97565852 4.83865397
1.99000000 0.96756954 4.82402277
2.00000000 0.95960377 4.80939721
2.01000000 0.95175924 4.79477809
2.02000000 0.94403404 4.78016620
2.03000000 0.93642625 4.76556230
2.04000000 0.92893402 4.75096714
2.05000000 0.92155551 4.73638147
2.06000000 0.91428894 4.72180601
2.07000000 0.90713253 4.70724145
2.08000000 0.90008455 4.69268848
2.09000000 0.89314329 4.67814779
2.10000000 0.88630710 4.66362003
2.11000000 0.87957431 4.64910584
2.12000000 0.87294332 4.63460586
2.13000000 0.86641255 4.62012070
2.14000000 0.85998044 4.60565095
2.15000000 0.85364546 4.59119722
2.16000000 0.84740611 4.57676008
2.17000000 0.84126091 4.56234008
2.18000000 0.83520842 4.54793777
2.19000000 0.82924722 4.53355370
2.20000000 0.82337591 4.51918839
2.21000000 0.81759311 4.50484235
2.22000000 0.81189749 4.49051607
2.23000000 0.80628771 4.47621006
2.24000000 0.80076248 4.46192477
2.25000000 0.79532053 4.44766069
2.26000000 0.78996059 4.43341827
2.27000000 0.78468145 4.41919795
2.28000000 0.77948188 4.40500016
2.29000000 0.77436071 4.39082532
2.30000000 0.76931677 4.37667385
2.31000000 0.76434892 4.36254616
2.32000000 0.75945602 4.34844263
2.33000000 0.75463698 4.33436365
2.34000000 0.74989071 4.32030958
2.35000000 0.74521614 4.30628081
2.36000000 0.74061224 4.29227768
2.37000000 0.73607796 4.27830053
2.38000000 0.73161232 4.26434971
2.39000000 0.72721430 4.25042554
2.40000000 0.72288295 4.23652835
2.41000000 0.71861730 4.22265844
2.42000000 0.71441641 4.20881613
2.43000000 0.71027938 4.19500171
2.44000000 0.70620528 4.18121546
2.45000000 0.70219323 4.16745767
2.46000000 0.69824235 4.15372861
2.47000000 0.69435180 4.14002855
2.48000000 0.69052072 4.12635774
2.49000000 0.68674830 4.11271644
2.50000000 0.68303371 4.09910489
2.51000000 0.67937616 4.08552333
2.52000000 0.67577487 4.07197199
2.53000000 0.67222906 4.05845110
2.54000000 0.66873799 4.04496087
2.55000000 0.66530090 4.03150152
2.56000000 0.66191708 4.01807325
2.57000000 0.65858579 4.00467626
2.58000000 0.65530635 3.99131075
2.59000000 0.65207805 3.97797690
2.60000000 0.64890023 3.96467490
2.61000000 0.64577221 3.95140492
2.62000000 0.64269334 3.93816713
2.63000000 0.63966298 3.92496170
2.64000000 0.63668050 3.91178880
2.65000000 0.63374527 3.89864856
2.66000000 0.63085669 3.88554116
2.67000000 0.62801416 3.87246672
2.68000000 0.62521710 3.85942540
2.69000000 0.62246492 3.84641732
2.70000000 0.61975706 3.83344262
2.71000000 0.61709297 3.82050143
2.72000000 0.61447209 3.80759386
2.73000000 0.61189389 3.79472003
2.74000000 0.60935785 3.78188007
2.75000000 0.60686345 3.76907407
2.76000000 0.60441017 3.75630214
2.77000000 0.60199753 3.74356438
2.78000000 0.59962503 3.73086088
2.79000000 0.59729218 3.71819175
2.80000000 0.59499852 3.70555707
2.81000000 0.59274359 3.69295693
2.82000000 0.59052692 3.68039140
2.83000000 0.58834807 3.66786056
2.84000000 0.58620660 3.65536449
2.85000000 0.58410208 3.64290327
2.86000000 0.58203409 3.63047695
2.87000000 0.58000220 3.61808559
2.88000000 0.57800602 3.60572928
2.89000000 0.57604514 3.59340805
2.90000000 0.57411916 3.58112196
2.91000000 0.57222771 3.56887107
2.92000000 0.57037039 3.55665542
2.93000000 0.56854684 3.54447506
2.94000000 0.56675670 3.53233003
2.95000000 0.56499960 3.52022038
2.96000000 0.56327519 3.50814613
2.97000000 0.56158313 3.49610732
2.98000000 0.55992307 3.48410399
2.99000000 0.55829468 3.47213616
3.00000000 0.55669764 3.46020386
3.01000000 0.55513163 3.44830711
3.02000000 0.55359632 3.43644594
3.03000000 0.55209141 3.42462036
3.04000000 0.55061660 3.41283039
3.05000000 0.54917159 3.40107604
3.06000000 0.54775609 3.38935733
3.07000000 0.54636980 3.37767427
3.08000000 0.54501245 3.36602686
3.09000000 0.54368377 3.35441511
3.10000000 0.54238348 3.34283902
3.11000000 0.54111131 3.33129860
3.12000000 0.53986702 3.31979384
3.13000000 0.53865033 3.30832474
3.14000000 0.53746100 3.29689130
3.15000000 0.53629878 3.28549351
3.16000000 0.53516344 3.27413136
3.17000000 0.53405474 3.26280484
3.18000000 0.53297244 3.25151395
3.19000000 0.53191632 3.24025866
3.20000000 0.53088615 3.22903897
3.21000000 0.52988173 3.21785485
3.22000000 0.52890282 3.20670629
3.23000000 0.52794923 3.19559326
3.24000000 0.52702075 3.18451576
3.25000000 0.52611717 3.17347374
3.26000000 0.52523831 3.16246720
3.27000000 0.52438396 3.15149609
3.28000000 0.52355394 3.14056041
3.29000000 0.52274806 3.12966011
3.30000000 0.52196615 3.11879516
3.31000000 0.52120802 3.10796554
3.32000000 0.52047350 3.09717122
3.33000000 0.51976241 3.08641215
3.34000000 0.51907461 3.07568831
3.35000000 0.51840991 3.06499966
3.36000000 0.51776816 3.05434615
3.37000000 0.51714921 3.04372776
3.38000000 0.51655290 3.03314444
3.39000000 0.51597909 3.02259615
3.40000000 0.51542762 3.01208285
3.41000000 0.51489836 3.00160450
3.42000000 0.51439117 2.99116104
3.43000000 0.51390591 2.98075245
3.44000000 0.51344245 2.97037866
3.45000000 0.51300065 2.96003964
3.46000000 0.51258040 2.94973533
3.47000000 0.51218157 2.93946569
3.48000000 0.51180404 2.92923067
3.49000000 0.51144768 2.91903021
3.50000000 0.51111240 2.90886427
3.51000000 0.51079807 2.89873280
3.52000000 0.51050458 2.88863573
3.53000000 0.51023184 2.87857302
3.54000000 0.50997973 2.86854460
3.55000000 0.50974816 2.85855044
3.56000000 0.50953703 2.84859046
3.57000000 0.50934625 2.83866462
3.58000000 0.50917571 2.82877285
3.59000000 0.50902534 2.81891510
3.60000000 0.50889505 2.80909131
3.61000000 0.50878475 2.79930142
3.62000000 0.50869435 2.78954536
3.63000000 0.50862379 2.77982309
3.64000000 0.50857298 2.77013453
3.65000000 0.50854184 2.76047962
3.66000000 0.50853032 2.75085831
3.67000000 0.50853833 2.74127052
3.68000000 0.50856581 2.73171620
3.69000000 0.50861270 2.72219529
3.70000000 0.50867893 2.71270771
3.71000000 0.50876444 2.70325340
3.72000000 0.50886917 2.69383230
3.73000000 0.50899307 2.68444433
3.74000000 0.50913609 2.67508945
3.75000000 0.50929817 2.66576757
3.76000000 0.50947927 2.65647862
3.77000000 0.50967934 2.64722256
3.78000000 0.50989833 2.63799929
3.79000000 0.51013619 2.62880876
3.80000000 0.51039290 2.61965090
3.81000000 0.51066842 2.61052563
3.82000000 0.51096269 2.60143290
3.83000000 0.51127570 2.59237262
3.84000000 0.51160741 2.58334473
3.85000000 0.51195779 2.57434915
3.86000000 0.51232681 2.56538583
3.87000000 0.51271444 2.55645467
3.88000000 0.51312067 2.54755563
3.89000000 0.51354546 2.53868861
3.90000000 0.51398881 2.52985356
3.91000000 0.51445068 2.52105039
3.92000000 0.51493107 2.51227904
3.93000000 0.51542996 2.50353944
3.94000000 0.51594733 2.49483150
3.95000000 0.51648318 2.48615516
3.96000000 0.51703750 2.47751035
3.97000000 0.51761028 2.46889699
3.98000000 0.51820151 2.46031500
3.99000000 0.51881120 2.45176432
4.00000000 0.51943934 2.44324487
4.01000000 0.52008592 2.43475657
4.02000000 0.52075097 2.42629936
4.03000000 0.52143446 2.41787315
4.04000000 0.52213643 2.40947787
4.05000000 0.52285686 2.40111345
4.06000000 0.52359577 2.39277982
4.07000000 0.52435318 2.38447689
4.08000000 0.52512908 2.37620459
4.09000000 0.52592351 2.36796285
4.10000000 0.52673647 2.35975160
4.11000000 0.52756798 2.35157075
4.12000000 0.52841806 2.34342023
4.13000000 0.52928674 2.33529997
4.14000000 0.53017403 2.32720990
4.15000000 0.53107997 2.31914992
4.16000000 0.53200457 2.31111998
4.17000000 0.53294786 2.30311999
4.18000000 0.53390989 2.29514988
4.19000000 0.53489067 2.28720957
4.20000000 0.53589024 2.27929899
4.21000000 0.53690863 2.27141806
4.22000000 0.53794589 2.26356671
4.23000000 0.53900204 2.25574486
4.24000000 0.54007714 2.24795243
4.25000000 0.54117121 2.24018935
4.26000000 0.54228431 2.23245554
4.27000000 0.54341648 2.22475093
4.28000000 0.54456776 2.21707544
4.29000000 0.54573820 2.20942900
4.30000000 0.54692786 2.20181152
4.31000000 0.54813678 2.19422294
4.32000000 0.54936501 2.18666318
4.33000000 0.55061261 2.17913217
4.34000000 0.55187964 2.17162982
4.35000000 0.55316616 2.16415606
4.36000000 0.55447222 2.15671082
4.37000000 0.55579788 2.14929402
4.38000000 0.55714321 2.14190559
4.39000000 0.55850827 2.13454545
4.40000000 0.55989312 2.12721352
4.41000000 0.56129784 2.11990974
4.42000000 0.56272249 2.11263402
4.43000000 0.56416714 2.10538629
4.44000000 0.56563187 2.09816648
4.45000000 0.56711675 2.09097452
4.46000000 0.56862185 2.08381032
4.47000000 0.57014726 2.07667381
4.48000000 0.57169304 2.06956492
4.49000000 0.57325929 2.06248358
4.50000000 0.57484607 2.05542970
4.51000000 0.57645348 2.04840323
4.52000000 0.57808160 2.04140407
4.53000000 0.57973052 2.03443217
4.54000000 0.58140032 2.02748743
4.55000000 0.58309110 2.02056980
4.56000000 0.58480295 2.01367920
4.57000000 0.58653596 2.00681556
4.58000000 0.58829022 1.99997879
4.59000000 0.59006583 1.99316884
4.60000000 0.59186289 1.98638562
4.61000000 0.59368150 1.97962907
4.62000000 0.59552176 1.97289910
4.63000000 0.59738378 1.96619566
4.64000000 0.59926766 1.95951866
4.65000000 0.60117350 1.95286804
4.66000000 0.60310141 1.94624372
4.67000000 0.60505151 1.93964563
4.68000000 0.60702390 1.93307370
4.69000000 0.60901869 1.92652786
4.70000000 0.61103601 1.92000804
4.71000000 0.61307597 1.91351416
4.72000000 0.61513869 1.90704616
4.73000000 0.61722428 1.90060396
4.74000000 0.61933287 1.89418750
4.75000000 0.62146458 1.88779670
4.76000000 0.62361954 1.88143150
4.77000000 0.62579788 1.87509182
4.78000000 0.62799971 1.86877760
4.79000000 0.63022518 1.86248876
4.80000000 0.63247441 1.85622524
4.81000000 0.63474754 1.84998697
4.82000000 0.63704471 1.84377387
4.83000000 0.63936604 1.83758589
4.84000000 0.64171169 1.83142294
4.85000000 0.64408178 1.82528497
4.86000000 0.64647647 1.81917191
4.87000000 0.64889590 1.81308368
4.88000000 0.65134021 1.80702022
4.89000000 0.65380955 1.80098146
4.90000000 0.65630408 1.79496734
4.91000000 0.65882394 1.78897779
4.92000000 0.66136929 1.78301274
4.93000000 0.66394028 1.77707213
4.94000000 0.66653707 1.77115588
4.95000000 0.66915982 1.76526394
4.96000000 0.67180869 1.75939624
4.97000000 0.67448384 1.75355270
4.98000000 0.67718544 1.74773328
4.99000000 0.67991366 1.74193789
5.00000000 0.68266866 1.73616649
5.01000000 0.68545062 1.73041899
5.02000000 0.68825970 1.72469535
5.03000000 0.69109608 1.71899549
5.04000000 0.69395994 1.71331935
5.05000000 0.69685146 1.70766686
5.06000000 0.69977081 1.70203797
5.07000000 0.70271819 1.69643261
5.08000000 0.70569376 1.69085072
5.09000000 0.70869773 1.68529223
5.10000000 0.71173027 1.67975708
5.11000000 0.71479159 1.67424522
5.12000000 0.71788186 1.66875657
5.13000000 0.72100129 1.66329109
5.14000000 0.72415008 1.65784869
5.15000000 0.72732841 1.65242934
5.16000000 0.73053650 1.64703296
5.17000000 0.73377454 1.64165949
5.18000000 0.73704274 1.63630888
5.19000000 0.74034131 1.63098106
5.20000000 0.74367046 1.62567597
5.21000000 0.74703040 1.62039357
5.22000000 0.75042134 1.61513377
5.23000000 0.75384349 1.60989654
5.24000000 0.75729709 1.60468180
5.25000000 0.76078234 1.59948951
5.26000000 0.76429946 1.59431959
5.27000000 0.76784870 1.58917200
5.28000000 0.77143026 1.58404668
5.29000000 0.77504439 1.57894358
5.30000000 0.77869131 1.57386262
5.31000000 0.78237125 1.56880376
5.32000000 0.78608446 1.56376694
5.33000000 0.78983117 1.55875211
5.34000000 0.79361162 1.55375921
5.35000000 0.79742605 1.54878818
5.36000000 0.80127472 1.54383898
5.37000000 0.80515787 1.53891153
5.38000000 0.80907574 1.53400580
5.39000000 0.81302860 1.52912172
5.40000000 0.81701670 1.52425925
5.41000000 0.82104029 1.51941832
5.42000000 0.82509964 1.51459889
5.43000000 0.82919501 1.50980090
5.44000000 0.83332667 1.50502430
5.45000000 0.83749487 1.50026904
5.46000000 0.84169990 1.49553507
5.47000000 0.84594203 1.49082233
5.48000000 0.85022153 1.48613077
5.49000000 0.85453867 1.48146035
5.50000000 0.85889375 1.47681100
5.51000000 0.86328704 1.47218269
5.52000000 0.86771883 1.46757536
5.53000000 0.87218941 1.46298896
5.54000000 0.87669907 1.45842344
5.55000000 0.88124810 1.45387875
5.56000000 0.88583680 1.44935485
5.57000000 0.89046548 1.44485168
5.58000000 0.89513442 1.44036920
5.59000000 0.89984394 1.43590736
5.60000000 0.90459435 1.43146611
5.61000000 0.90938595 1.42704540
5.62000000 0.91421907 1.42264520
5.63000000 0.91909400 1.41826545
5.64000000 0.92401109 1.41390610
5.65000000 0.92897064 1.40956711
5.66000000 0.93397298 1.40524844
5.67000000 0.93901844 1.40095004
5.68000000 0.94410735 1.39667186
5.69000000 0.94924005 1.39241386
5.70000000 0.95441686 1.38817600
5.71000000 0.95963814 1.38395824
5.72000000 0.96490423 1.37976052
5.73000000 0.97021546 1.37558281
5.74000000 0.97557219 1.37142507
5.75000000 0.98097477 1.36728725
5.76000000 0.98642356 1.36316931
5.77000000 0.99191891 1.35907120
5.78000000 0.99746119 1.35499290
5.79000000 1.00305076 1.35093435
5.80000000 1.00868798 1.34689552
5.81000000 1.01437324 1.34287637
5.82000000 1.02010690 1.33887685
5.83000000 1.02588933 1.33489694
5.84000000 1.03172094 1.33093658
5.85000000 1.03760208 1.32699574
5.86000000 1.04353316 1.32307439
5.87000000 1.04951457 1.31917248
5.88000000 1.05554669 1.31528998
5.89000000 1.06162993 1.31142685
5.90000000 1.06776468 1.30758305
5.91000000 1.07395136 1.30375855
5.92000000 1.08019036 1.29995332
5.93000000 1.08648211 1.29616731
5.94000000 1.09282701 1.29240049
5.95000000 1.09922548 1.28865283
5.96000000 1.10567795 1.28492430
5.97000000 1.11218484 1.28121485
5.98000000 1.11874658 1.27752446
5.99000000 1.12536360 1.27385310
6.00000000 1.13203634 1.27020072
6.01000000 1.13876524 1.26656731
6.02000000 1.14555074 1.26295282
6.03000000 1.15239329 1.25935723
6.04000000 1.15929334 1.25578050
6.05000000 1.16625135 1.25222261
6.06000000 1.17326778 1.24868352
6.07000000 1.18034308 1.24516321
6.08000000 1.18747772 1.24166165
6.09000000 1.19467218 1.23817880
6.10000000 1.20192693 1.23471464
6.11000000 1.20924244 1.23126915
6.12000000 1.21661920 1.22784229
6.13000000 1.22405769 1.22443403
6.14000000 1.23155841 1.22104436
6.15000000 1.23912184 1.21767325
6.16000000 1.24674849 1.21432066
6.17000000 1.25443886 1.21098658
6.18000000 1.26219345 1.20767098
6.19000000 1.27001277 1.20437383
6.20000000 1.27789734 1.20109512
6.21000000 1.28584767 1.19783481
6.22000000 1.29386430 1.19459290
6.23000000 1.30194774 1.19136935
6.24000000 1.31009852 1.18816414
6.25000000 1.31831719 1.18497725
6.26000000 1.32660427 1.18180866
6.27000000 1.33496032 1.17865836
6.28000000 1.34338589 1.17552631
6.29000000 1.35188151 1.17241251
6.30000000 1.36044776 1.16931693
6.31000000 1.36908520 1.16623956
6.32000000 1.37779438 1.16318037
6.33000000 1.38657588 1.16013936
6.34000000 1.39543027 1.15711650
6.35000000 1.40435813 1.15411177
6.36000000 1.41336005 1.15112517
6.37000000 1.42243662 1.14815667
6.38000000 1.43158842 1.14520627
6.39000000 1.44081605 1.14227395
6.40000000 1.45012012 1.13935969
6.41000000 1.45950123 1.13646348
6.42000000 1.46895999 1.13358532
6.43000000 1.47849702 1.13072518
6.44000000 1.48811294 1.12788306
6.45000000 1.49780838 1.12505895
6.46000000 1.50758395 1.12225283
6.47000000 1.51744031 1.11946470
6.48000000 1.52737809 1.11669455
6.49000000 1.53739793 1.11394237
6.50000000 1.54750048 1.11120816
6.51000000 1.55768640 1.10849190
6.52000000 1.56795634 1.10579358
6.53000000 1.57831097 1.10311322
6.54000000 1.58875096 1.10045079
6.55000000 1.59927698 1.09780629
6.56000000 1.60988971 1.09517973
6.57000000 1.62058983 1.09257109
6.58000000 1.63137804 1.08998038
6.59000000 1.64225502 1.08740759
6.60000000 1.65322148 1.08485272
6.61000000 1.66427811 1.08231577
6.62000000 1.67542564 1.07979674
6.63000000 1.68666476 1.07729563
6.64000000 1.69799621 1.07481245
6.65000000 1.70942070 1.07234719
6.66000000 1.72093897 1.06989986
6.67000000 1.73255175 1.06747046
6.68000000 1.74425977 1.06505899
6.69000000 1.75606379 1.06266547
6.70000000 1.76796456 1.06028989
6.71000000 1.77996283 1.05793226
6.72000000 1.79205936 1.05559259
6.73000000 1.80425491 1.05327089
6.74000000 1.81655027 1.05096717
6.75000000 1.82894620 1.04868143
6.76000000 1.84144349 1.04641368
6.77000000 1.85404293 1.04416394
6.78000000 1.86674530 1.04193222
6.79000000 1.87955141 1.03971853
6.80000000 1.89246207 1.03752289
6.81000000 1.90547807 1.03534530
6.82000000 1.91860023 1.03318579
6.83000000 1.93182938 1.03104436
6.84000000 1.94516634 1.02892104
6.85000000 1.95861194 1.02681584
6.86000000 1.97216701 1.02472879
6.87000000 1.98583241 1.02265989
6.88000000 1.99960896 1.02060918
6.89000000 2.01349753 1.01857667
6.90000000 2.02749898 1.01656238
6.91000000 2.04161417 1.01456633
6.92000000 2.05584396 1.01258856
6.93000000 2.07018923 1.01062908
6.94000000 2.08465087 1.00868792
6.95000000 2.09922975 1.00676511
6.96000000 2.11392677 1.00486067
6.97000000 2.12874283 1.00297464
6.98000000 2.14367882 1.00110704
6.99000000 2.15873565 0.99925790
7.00000000 2.17391424 0.99742725
7.01000000 2.18921550 0.99561513
7.02000000 2.20464036 0.99382157
7.03000000 2.22018974 0.99204661
7.04000000 2.23586459 0.99029028
7.05000000 2.25166584 0.98855261
7.06000000 2.26759443 0.98683365
7.07000000 2.28365133 0.98513343
7.08000000 2.29983747 0.98345200
7.09000000 2.31615383 0.98178939
7.10000000 2.33260138 0.98014565
7.11000000 2.34918108 0.97852082
7.12000000 2.36589391 0.97691494
7.13000000 2.38274085 0.97532807
7.14000000 2.39972290 0.97376024
7.15000000 2.41684105 0.97221151
7.16000000 2.43409630 0.97068193
7.17000000 2.45148964 0.96917154
7.18000000 2.46902209 0.96768040
7.19000000 2.48669467 0.96620856
7.20000000 2.50450839 0.96475608
7.21000000 2.52246428 0.96332301
7.22000000 2.54056337 0.96190941
7.23000000 2.55880668 0.96051534
7.24000000 2.57719528 0.95914086
7.25000000 2.59573018 0.95778602
7.26000000 2.61441246 0.95645090
7.27000000 2.63324315 0.95513555
7.28000000 2.65222333 0.95384004
7.29000000 2.67135405 0.95256444
7.30000000 2.69063638 0.95130882
7.31000000 2.71007140 0.95007325
7.32000000 2.72966018 0.94885779
7.33000000 2.74940381 0.94766253
7.34000000 2.76930337 0.94648753
7.35000000 2.78935996 0.94533288
7.36000000 2.80957467 0.94419864
7.37000000 2.82994859 0.94308491
7.38000000 2.85048285 0.94199176
7.39000000 2.87117854 0.94091927
7.40000000 2.89203677 0.93986752
7.41000000 2.91305867 0.93883662
7.42000000 2.93424535 0.93782663
7.43000000 2.95559793 0.93683766
7.44000000 2.97711755 0.93586979
7.45000000 2.99880534 0.93492312
7.46000000 3.02066243 0.93399775
7.47000000 3.04268996 0.93309376
7.48000000 3.06488907 0.93221126
7.49000000 3.08726091 0.93135035
7.50000000 3.10980662 0.93051113
7.51000000 3.13252736 0.92969372
7.52000000 3.15542428 0.92889820
7.53000000 3.17849854 0.92812470
7.54000000 3.20175129 0.92737333
7.55000000 3.22518370 0.92664419
7.56000000 3.24879694 0.92593741
7.57000000 3.27259216 0.92525310
7.58000000 3.29657055 0.92459138
7.59000000 3.32073326 0.92395237
7.60000000 3.34508148 0.92333620
7.61000000 3.36961637 0.92274299
7.62000000 3.39433911 0.92217288
7.63000000 3.41925088 0.92162599
7.64000000 3.44435286 0.92110246
7.65000000 3.46964622 0.92060242
7.66000000 3.49513215 0.92012601
7.67000000 3.52081183 0.91967338
7.68000000 3.54668643 0.91924467
7.69000000 3.57275714 0.91884002
7.70000000 3.59902514 0.91845958
7.71000000 3.62549161 0.91810351
7.72000000 3.65215774 0.91777196
7.73000000 3.67902469 0.91746508
7.74000000 3.70609366 0.91718305
7.75000000 3.73336582 0.91692601
7.76000000 3.76084234 0.91669413
7.77000000 3.78852440 0.91648759
7.78000000 3.81641318 0.91630656
7.79000000 3.84450985 0.91615121
7.80000000 3.87281557 0.91602172
7.81000000 3.90133151 0.91591826
7.82000000 3.93005884 0.91584103
7.83000000 3.95899872 0.91579022
7.84000000 3.98815230 0.91576600
7.85000000 4.01752074 0.91576858
7.86000000 4.04710519 0.91579816
7.87000000 4.07690679 0.91585493
7.88000000 4.10692667 0.91593910
7.89000000 4.13716599 0.91605087
7.90000000 4.16762587 0.91619047
7.91000000 4.19830742 0.91635810
7.92000000 4.22921178 0.91655398
7.93000000 4.26034004 0.91677835
7.94000000 4.29169333 0.91703141
7.95000000 4.32327272 0.91731341
7.96000000 4.35507932 0.91762457
7.97000000 4.38711420 0.91796515
7.98000000 4.41937844 0.91833537
7.99000000 4.45187311 0.91873549
8.00000000 4.48459925 0.91916576
8.01000000 4.51755792 0.91962643
8.02000000 4.55075014 0.92011776
8.03000000 4.58417695 0.92064003
8.04000000 4.61783936 0.92119349
8.05000000 4.65173836 0.92177842
8.06000000 4.68587495 0.92239510
8.07000000 4.72025011 0.92304381
8.08000000 4.75486479 0.92372484
8.09000000 4.78971996 0.92443848
8.10000000 4.82481653 0.92518504
8.11000000 4.86015544 0.92596480
8.12000000 4.89573759 0.92677809
8.13000000 4.93156386 0.92762521
8.14000000 4.96763514 0.92850648
8.15000000 5.00395227 0.92942223
8.16000000 5.04051609 0.93037278
8.17000000 5.07732742 0.93135847
8.18000000 5.11438706 0.93237965
8.19000000 5.15169579 0.93343665
8.20000000 5.18925436 0.93452984
8.21000000 5.22706352 0.93565956
8.22000000 5.26512398 0.93682619
8.23000000 5.30343643 0.93803009
8.24000000 5.34200153 0.93927164
8.25000000 5.38081995 0.94055123
8.26000000 5.41989228 0.94186924
8.27000000 5.45921913 0.94322606
8.28000000 5.49880106 0.94462212
8.29000000 5.53863862 0.94605780
8.30000000 5.57873230 0.94753354
8.31000000 5.61908259 0.94904975
8.32000000 5.65968995 0.95060686
8.33000000 5.70055479 0.95220532
8.34000000 5.74167749 0.95384557
8.35000000 5.78305841 0.95552806
8.36000000 5.82469788 0.95725325
8.37000000 5.86659617 0.95902161
8.38000000 5.90875353 0.96083362
8.39000000 5.95117018 0.96268976
8.40000000 5.99384628 0.96459053
8.41000000 6.03678198 0.96653642
8.42000000 6.07997735 0.96852795
8.43000000 6.12343246 0.97056563
8.44000000 6.16714732 0.97264999
8.45000000 6.21112188 0.97478156
8.46000000 6.25535607 0.97696089
8.47000000 6.29984976 0.97918853
8.48000000 6.34460277 0.98146505
8.49000000 6.38961489 0.98379102
8.50000000 6.43488583 0.98616701
8.51000000 6.48041528 0.98859363
8.52000000 6.52620286 0.99107146
8.53000000 6.57224812 0.99360113
8.54000000 6.61855060 0.99618325
8.55000000 6.66510973 0.99881845
8.56000000 6.71192492 1.00150738
8.57000000 6.75899551 1.00425070
8.58000000 6.80632077 1.00704905
8.59000000 6.85389990 1.00990313
8.60000000 6.90173207 1.01281361
8.61000000 6.94981635 1.01578119
8.62000000 6.99815175 1.01880658
8.63000000 7.04673722 1.02189051
8.64000000 7.09557163 1.02503369
8.65000000 7.14465378 1.02823689
8.66000000 7.19398240 1.03150084
8.67000000 7.24355614 1.03482634
8.68000000 7.29337356 1.03821414
8.69000000 7.34343317 1.04166506
8.70000000 7.39373337 1.04517989
8.71000000 7.44427248 1.04875946
8.72000000 7.49504875 1.05240459
8.73000000 7.54606033 1.05611615
8.74000000 7.59730529 1.05989499
8.75000000 7.64878159 1.06374198
8.76000000 7.70048712 1.06765801
8.77000000 7.75241966 1.07164399
8.78000000 7.80457690 1.07570083
8.79000000 7.85695641 1.07982948
8.80000000 7.90955570 1.08403086
8.81000000 7.96237213 1.08830596
8.82000000 8.01540298 1.09265574
8.83000000 8.06864542 1.09708120
8.84000000 8.12209651 1.10158335
8.85000000 8.17575318 1.10616321
8.86000000 8.22961226 1.11082182
8.87000000 8.28367047 1.11556025
8.88000000 8.33792438 1.12037957
8.89000000 8.39237048 1.12528086
8.90000000 8.44700510 1.13026524
8.91000000 8.50182446 1.13533383
8.92000000 8.55682464 1.14048777
8.93000000 8.61200160 1.14572823
8.94000000 8.66735116 1.15105637
8.95000000 8.72286899 1.15647340
8.96000000 8.77855064 1.16198052
8.97000000 8.83439150 1.16757898
8.98000000 8.89038684 1.17327001
8.99000000 8.94653176 1.17905489
9.00000000 9.00282122 1.18493491
9.01000000 9.05925002 1.19091137
9.02000000 9.11581280 1.19698559
9.03000000 9.17250406 1.20315893
9.04000000 9.22931813 1.20943274
9.05000000 9.28624917 1.21580841
9.06000000 9.34329119 1.22228734
9.07000000 9.40043800 1.22887096
9.08000000 9.45768328 1.23556071
9.09000000 9.51502050 1.24235805
9.10000000 9.57244297 1.24926447
9.11000000 9.62994382 1.25628146
9.12000000 9.68751599 1.26341056
9.13000000 9.74515225 1.27065332
9.14000000 9.80284515 1.27801128
9.15000000 9.86058709 1.28548605
9.16000000 9.91837026 1.29307923
9.17000000 9.97618663 1.30079244
9.18000000 10.03402801 1.30862734
9.19000000 10.09188598 1.31658559
9.20000000 10.14975194 1.32466888
9.21000000 10.20761707 1.33287893
9.22000000 10.26547233 1.34121747
9.23000000 10.32330850 1.34968624
9.24000000 10.38111611 1.35828703
9.25000000 10.43888551 1.36702162
9.26000000 10.49660680 1.37589183
9.27000000 10.55426989 1.38489949
9.28000000 10.61186444 1.39404646
9.29000000 10.66937989 1.40333461
9.30000000 10.72680548 1.41276584
9.31000000 10.78413019 1.42234205
9.32000000 10.84134279 1.43206519
9.33000000 10.89843179 1.44193720
9.34000000 10.95538551 1.45196006
9.35000000 11.01219200 1.46213575
9.36000000 11.06883908 1.47246629
9.37000000 11.12531434 1.48295369
9.38000000 11.18160513 1.49359999
9.39000000 11.23769855 1.50440727
9.40000000 11.29358148 1.51537758
9.41000000 11.34924053 1.52651303
9.42000000 11.40466208 1.53781571
9.43000000 11.45983228 1.54928775
9.44000000 11.51473703 1.56093127
9.45000000 11.56936197 1.57274844
9.46000000 11.62369252 1.58474140
9.47000000 11.67771385 1.59691233
9.48000000 11.73141088 1.60926340
9.49000000 11.78476830 1.62179681
9.50000000 11.83777056 1.63451476
9.51000000 11.89040186 1.64741945
9.52000000 11.94264618 1.66051310
9.53000000 11.99448726 1.67379793
9.54000000 12.04590858 1.68727616
9.55000000 12.09689344 1.70095001
9.56000000 12.14742486 1.71482172
9.57000000 12.19748568 1.72889352
9.58000000 12.24705848 1.74316762
9.59000000 12.29612565 1.75764627
9.60000000 12.34466935 1.77233167
9.61000000 12.39267153 1.78722605
9.62000000 12.44011396 1.80233161
9.63000000 12.48697817 1.81765055
9.64000000 12.53324553 1.83318506
9.65000000 12.57889720 1.84893731
9.66000000 12.62391416 1.86490946
9.67000000 12.66827723 1.88110366
9.68000000 12.71196704 1.89752202
9.69000000 12.75496407 1.91416665
9.70000000 12.79724865 1.93103963
9.71000000 12.83880096 1.94814300
9.72000000 12.87960104 1.96547879
9.73000000 12.91962881 1.98304899
9.74000000 12.95886406 2.00085556
9.75000000 12.99728651 2.01890041
9.76000000 13.03487574 2.03718543
9.77000000 13.07161126 2.05571245
9.78000000 13.10747253 2.07448327
9.79000000 13.14243892 2.09349963
9.80000000 13.17648976 2.11276321
9.81000000 13.20960436 2.13227566
9.82000000 13.24176201 2.15203856
9.83000000 13.27294196 2.17205341
9.84000000 13.30312352 2.19232168
9.85000000 13.33228598 2.21284474
9.86000000 13.36040870 2.23362390
9.87000000 13.38747109 2.25466040
9.88000000 13.41345263 2.27595539
9.89000000 13.43833290 2.29750994
9.90000000 13.46209158 2.31932503
9.91000000 13.48470848 2.34140155
9.92000000 13.50616357 2.36374030
9.93000000 13.52643698 2.38634197
9.94000000 13.54550902 2.40920716
9.95000000 13.56336023 2.43233633
9.96000000 13.57997134 2.45572988
9.97000000 13.59532338 2.47938804
9.98000000 13.60939761 2.50331096
9.99000000 13.62217560 2.52749864
10.00000000 13.63363924 2.55195097
10.01000000 13.64377077 2.57666769
10.02000000 13.65255275 2.60164840
10.03000000 13.65996818 2.62689258
10.04000000 13.66600043 2.65239955
10.05000000 13.67063332 2.67816847
10.06000000 13.67385113 2.70419836
10.07000000 13.67563860 2.73048809
10.08000000 13.67598100 2.75703633
10.09000000 13.67486413 2.78384163
10.10000000 13.67227431 2.81090234
10.11000000 13.66819848 2.83821663
10.12000000 13.66262415 2.86578252
10.13000000 13.65553949 2.89359784
10.14000000 13.64693328 2.92166020
10.15000000 13.63679501 2.94996708
10.16000000 13.62511485 2.97851571
10.17000000 13.61188368 3.00730318
10.18000000 13.59709314 3.03632633
10.19000000 13.58073563 3.06558184
10.20000000 13.56280433 3.09506618
10.21000000 13.54329324 3.12477559
10.22000000 13.52219718 3.15470612
10.23000000 13.49951181 3.18485363
10.24000000 13.47523368 3.21521374
10.25000000 13.44936019 3.24578187
10.26000000 13.42188968 3.27655323
10.27000000 13.39282138 3.30752282
10.28000000 13.36215546 3.33868540
10.29000000 13.32989306 3.37003555
10.30000000 13.29603626 3.40156762
10.31000000 13.26058811 3.43327575
10.32000000 13.22355267 3.46515387
10.33000000 13.18493496 3.49719568
10.34000000 13.14474104 3.52939470
10.35000000 13.10297795 3.56174421
10.36000000 13.05965376 3.59423732
10.37000000 13.01477757 3.62686690
10.38000000 12.96835948 3.65962565
10.39000000 12.92041064 3.69250604
10.40000000 12.87094319 3.72550039
10.41000000 12.81997032 3.75860078
10.42000000 12.76750623 3.79179916
10.43000000 12.71356614 3.82508725
10.44000000 12.65816626 3.85845662
10.45000000 12.60132382 3.89189867
10.46000000 12.54305702 3.92540463
10.47000000 12.48338504 3.95896558
10.48000000 12.42232803 3.99257244
10.49000000 12.35990709 4.02621599
10.50000000 12.29614424 4.05988688
10.51000000 12.23106242 4.09357563
10.52000000 12.16468547 4.12727261
10.53000000 12.09703809 4.16096813
10.54000000 12.02814584 4.19465236
10.55000000 11.95803511 4.22831537
10.56000000 11.88673306 4.26194718
10.57000000 11.81426765 4.29553768
10.58000000 11.74066758 4.32907674
10.59000000 11.66596225 4.36255416
10.60000000 11.59018175 4.39595967
10.61000000 11.51335682 4.42928299
10.62000000 11.43551883 4.46251379
10.63000000 11.35669969 4.49564175
10.64000000 11.27693191 4.52865652
10.65000000 11.19624846 4.56154776
10.66000000 11.11468283 4.59430514
10.67000000 11.03226890 4.62691838
10.68000000 10.94904098 4.65937720
10.69000000 10.86503371 4.69167139
10.70000000 10.78028208 4.72379079
10.71000000 10.69482133 4.75572530
10.72000000 10.60868696 4.78746493
10.73000000 10.52191464 4.81899973
10.74000000 10.43454022 4.85031988
10.75000000 10.34659966 4.88141566
10.76000000 10.25812900 4.91227748
10.77000000 10.16916432 4.94289586
10.78000000 10.07974168 4.97326147
10.79000000 9.98989711 5.00336511
10.80000000 9.89966656 5.03319777
10.81000000 9.80908585 5.06275056
10.82000000 9.71819067 5.09201480
10.83000000 9.62701647 5.12098198
10.84000000 9.53559851 5.14964376
10.85000000 9.44397177 5.17799202
10.86000000 9.35217091 5.20601884
10.87000000 9.26023029 5.23371649
10.88000000 9.16818388 5.26107748
10.89000000 9.07606525 5.28809453
10.90000000 8.98390756 5.31476060
10.91000000 8.89174349 5.34106885
10.92000000 8.79960526 5.36701272
10.93000000 8.70752454 5.39258587
10.94000000 8.61553250 5.41778219
10.95000000 8.52365973 5.44259586
10.96000000 8.43193623 5.46702127
10.97000000 8.34039142 5.49105310
10.98000000 8.24905408 5.51468626
10.99000000 8.15795232 5.53791594
11.00000000 8.06711364 5.56073757
11.01000000 7.97656483 5.58314685
11.02000000 7.88633199 5.60513976
11.03000000 7.79644054 5.62671251
11.04000000 7.70691516 5.64786159
11.05000000 7.61777982 5.66858375
11.06000000 7.52905775 5.68887601
11.07000000 7.44077145 5.70873563
11.08000000 7.35294267 5.72816014
11.09000000 7.26559240 5.74714732
11.10000000 7.17874088 5.76569521
11.11000000 7.09240761 5.78380209
11.12000000 7.00661131 5.80146651
11.13000000 6.92136996 5.81868724
11.14000000 6.83670077 5.83546330
11.15000000 6.75262021 5.85179396
11.16000000 6.66914399 5.86767870
11.17000000 6.58628709 5.88311726
11.18000000 6.50406373 5.89810958
11.19000000 6.42248742 5.91265584
11.20000000 6.34157093 5.92675642
11.21000000 6.26132632 5.94041191
11.22000000 6.18176492 5.95362314
11.23000000 6.10289739 5.96639109
11.24000000 6.02473369 5.97871699
11.25000000 5.94728309 5.99060221
11.26000000 5.87055422 6.00204834
11.27000000 5.79455503 6.01305714
11.28000000 5.71929284 6.02363054
11.29000000 5.64477434 6.03377064
11.30000000 5.57100561 6.04347970
11.31000000 5.49799211 6.05276015
11.32000000 5.42573875 6.06161456
11.33000000 5.35424981 6.07004564
11.34000000 5.28352908 6.07805625
11.35000000 5.21357974 6.08564938
11.36000000 5.14440449 6.09282815
11.37000000 5.07600550 6.09959580
11.38000000 5.00838443 6.10595568
11.39000000 4.94154249 6.11191127
11.40000000 4.87548038 6.11746614
11.41000000 4.81019838 6.12262396
11.42000000 4.74569633 6.12738849
11.43000000 4.68197364 6.13176360
11.44000000 4.61902931 6.13575322
11.45000000 4.55686197 6.13936137
11.46000000 4.49546985 6.14259215
11.47000000 4.43485083 6.14544971
11.48000000 4.37500247 6.14793828
11.49000000 4.31592194 6.15006213
11.50000000 4.25760615 6.15182561
11.51000000 4.20005169 6.15323310
11.52000000 4.14325483 6.15428902
11.53000000 4.08721162 6.15499786
11.54000000 4.03191780 6.15536410
11.55000000 3.97736890 6.15539230
11.56000000 3.92356018 6.15508702
11.57000000 3.87048670 6.15445285
11.58000000 3.81814331 6.15349440
11.59000000 3.76652465 6.15221629
11.60000000 3.71562518 6.15062316
11.61000000 3.66543919 6.14871967
11.62000000 3.61596080 6.14651047
11.63000000 3.56718397 6.14400022
11.64000000 3.51910253 6.14119358
11.65000000 3.47171018 6.13809521
11.66000000 3.42500049 6.13470975
11.67000000 3.37896692 6.13104184
11.68000000 3.33360283 6.12709613
11.69000000 3.28890148 6.12287722
11.70000000 3.24485606 6.11838972
11.71000000 3.20145965 6.11363822
11.72000000 3.15870531 6.10862727
11.73000000 3.11658599 6.10336141
11.74000000 3.07509463 6.09784518
11.75000000 3.03422408 6.09208305
11.76000000 2.99396720 6.08607949
11.77000000 2.95431678 6.07983893
11.78000000 2.91526560 6.07336578
11.79000000 2.87680641 6.06666440
11.80000000 2.83893197 6.05973914
11.81000000 2.80163500 6.05259429
11.82000000 2.76490823 6.04523412
11.83000000 2.72874442 6.03766286
11.84000000 2.69313628 6.02988469
11.85000000 2.65807659 6.02190376
11.86000000 2.62355811 6.01372418
11.87000000 2.58957363 6.00535002
11.88000000 2.55611597 5.99678531
11.89000000 2.52317797 5.98803402
11.90000000 2.49075251 5.97910009
11.91000000 2.45883250 5.96998742
11.92000000 2.42741089 5.96069987
11.93000000 2.39648067 5.95124122
11.94000000 2.36603488 5.94161525
11.95000000 2.33606659 5.93182567
11.96000000 2.30656894 5.92187614
11.97000000 2.27753512 5.91177029
11.98000000 2.24895835 5.90151169
11.99000000 2.22083194 5.89110387
12.00000000 2.19314924 5.88055032
12.01000000 2.16590365 5.86985446
12.02000000 2.13908864 5.85901968
12.03000000 2.11269775 5.84804933
12.04000000 2.08672458 5.83694670
12.05000000 2.06116279 5.82571503
12.06000000 2.03600611 5.81435753
12.07000000 2.01124833 5.80287735
12.08000000 1.98688332 5.79127759
12.09000000 1.96290501 5.77956133
12.10000000 1.93930740 5.76773156
12.11000000 1.91608457 5.75579126
12.12000000 1.89323066 5.74374336
12.13000000 1.87073988 5.73159073
12.14000000 1.84860652 5.71933620
12.15000000 1.82682494 5.70698257
12.16000000 1.80538956 5.69453257
12.17000000 1.78429489 5.68198890
12.18000000 1.76353550 5.66935422
12.19000000 1.74310604 5.65663114
12.20000000 1.72300122 5.64382224
12.21000000 1.70321584 5.63093003
12.22000000 1.68374475 5.61795700
12.23000000 1.66458290 5.60490559
12.24000000 1.64572529 5.59177820
12.25000000 1.62716698 5.57857720
12.26000000 1.60890314 5.56530491
12.27000000 1.59092898 5.55196359
12.28000000 1.57323978 5.53855550
12.29000000 1.55583091 5.52508283
12.30000000 1.53869779 5.51154774
12.31000000 1.52183592 5.49795236
12.32000000 1.50524086 5.48429877
12.33000000 1.48890825 5.47058903
12.34000000 1.47283378 5.45682513
12.35000000 1.45701322 5.44300907
12.36000000 1.44144240 5.42914277
12.37000000 1.42611722 5.41522815
12.38000000 1.41103365 5.40126707
12.39000000 1.39618769 5.38726136
12.40000000 1.38157546 5.37321283
12.41000000 1.36719309 5.35912324
12.42000000 1.35303680 5.34499432
12.43000000 1.33910288 5.33082779
12.44000000 1.32538764 5.31662531
12.45000000 1.31188750 5.30238851
12.46000000 1.29859890 5.28811900
12.47000000 1.28551836 5.27381837
12.48000000 1.27264245 5.25948815
12.49000000 1.25996779 5.24512986
12.50000000 1.24749108 5.23074499
12.51000000 1.23520906 5.21633500
12.52000000 1.22311851 5.20190131
12.53000000 1.21121629 5.18744533
12.54000000 1.19949930 5.17296844
12.55000000 1.18796449 5.15847197
12.56000000 1.17660888 5.14395726
12.57000000 1.16542951 5.12942559
12.58000000 1.15442350 5.11487824
12.59000000 1.14358800 5.10031645
12.60000000 1.13292022 5.08574143
12.61000000 1.12241742 5.07115439
12.62000000 1.11207690 5.05655649
12.63000000 1.10189600 5.04194888
12.64000000 1.09187212 5.02733268
12.65000000 1.08200271 5.01270899
12.66000000 1.07228524 4.99807889
12.67000000 1.06271724 4.98344344
12.68000000 1.05329628 4.96880367
12.69000000 1.04401999 4.95416059
12.70000000 1.03488601 4.93951519
12.71000000 1.02589204 4.92486846
12.72000000 1.01703582 4.91022133
12.73000000 1.00831512 4.89557473
12.74000000 0.99972777 4.88092959
12.75000000 0.99127162 4.86628679
12.76000000 0.98294456 4.85164721
12.77000000 0.97474451 4.83701170
12.78000000 0.96666946 4.82238109
12.79000000 0.95871739 4.80775622
12.80000000 0.95088636 4.79313787
12.81000000 0.94317442 4.77852683
12.82000000 0.93557969 4.76392387
12.83000000 0.92810032 4.74932975
12.84000000 0.92073446 4.73474519
12.85000000 0.91348034 4.72017091
12.86000000 0.90633618 4.70560762
12.87000000 0.89930026 4.69105600
12.88000000 0.89237088 4.67651673
12.89000000 0.88554637 4.66199046
12.90000000 0.87882509 4.64747783
12.91000000 0.87220543 4.63297948
12.92000000 0.86568581 4.61849602
12.93000000 0.85926467 4.60402805
12.94000000 0.85294050 4.58957615
12.95000000 0.84671179 4.57514090
12.96000000 0.84057707 4.56072285
12.97000000 0.83453489 4.54632257
12.98000000 0.82858385 4.53194058
12.99000000 0.82272254 4.51757740
13.00000000 0.81694959 4.50323355
13.01000000 0.81126366 4.48890953
13.02000000 0.80566344 4.47460582
13.03000000 0.80014762 4.46032289
13.04000000 0.79471493 4.44606122
13.05000000 0.78936413 4.43182125
13.06000000 0.78409397 4.41760344
13.07000000 0.77890327 4.40340820
13.08000000 0.77379082 4.38923597
13.09000000 0.76875548 4.37508715
13.10000000 0.76379609 4.36096215
13.11000000 0.75891153 4.34686135
13.12000000 0.75410071 4.33278515
13.13000000 0.74936254 4.31873391
13.14000000 0.74469596 4.30470799
13.15000000 0.74009992 4.29070776
13.16000000 0.73557340 4.27673355
13.17000000 0.73111539 4.26278570
13.18000000 0.72672490 4.24886455
13.19000000 0.72240097 4.23497040
13.20000000 0.71814263 4.22110358
13.21000000 0.71394896 4.20726438
13.22000000 0.70981903 4.19345311
13.23000000 0.70575194 4.17967004
13.24000000 0.70174680 4.16591546
13.25000000 0.69780274 4.15218964
13.26000000 0.69391890 4.13849285
13.27000000 0.69009445 4.12482534
13.28000000 0.68632856 4.11118737
13.29000000 0.68262041 4.09757917
13.30000000 0.67896921 4.08400099
13.31000000 0.67537418 4.07045306
13.32000000 0.67183456 4.05693560
13.33000000 0.66834958 4.04344883
13.34000000 0.66491851 4.02999295
13.35000000 0.66154061 4.01656818
13.36000000 0.65821518 4.00317472
13.37000000 0.65494151 3.98981275
13.38000000 0.65171891 3.97648247
13.39000000 0.64854671 3.96318405
13.40000000 0.64542424 3.94991767
13.41000000 0.64235085 3.93668351
13.42000000 0.63932589 3.92348172
13.43000000 0.63634874 3.91031247
13.44000000 0.63341878 3.89717592
13.45000000 0.63053540 3.88407220
13.46000000 0.62769800 3.87100148
13.47000000 0.62490600 3.85796388
13.48000000 0.62215883 3.84495954
13.49000000 0.61945591 3.83198860
13.50000000 0.61679669 3.81905117
13.51000000 0.61418063 3.80614738
13.52000000 0.61160719 3.79327735
13.53000000 0.60907585 3.78044119
13.54000000 0.60658608 3.76763901
13.55000000 0.60413739 3.75487091
13.56000000 0.60172928 3.74213699
13.57000000 0.59936125 3.72943735
13.58000000 0.59703283 3.71677208
13.59000000 0.59474354 3.70414127
13.60000000 0.59249292 3.69154501
13.61000000 0.59028052 3.67898337
13.62000000 0.58810589 3.66645643
13.63000000 0.58596858 3.65396427
13.64000000 0.58386819 3.64150696
13.65000000 0.58180426 3.62908456
13.66000000 0.57977641 3.61669713
13.67000000 0.57778421 3.60434475
13.68000000 0.57582726 3.59202746
13.69000000 0.57390518 3.57974532
13.70000000 0.57201757 3.56749838
13.71000000 0.57016406 3.55528669
13.72000000 0.56834428 3.54311030
13.73000000 0.56655787 3.53096924
13.74000000 0.56480445 3.51886355
13.75000000 0.56308369 3.50679328
13.76000000 0.56139523 3.49475845
13.77000000 0.55973875 3.48275911
13.78000000 0.55811390 3.47079526
13.79000000 0.55652035 3.45886695
13.80000000 0.55495780 3.44697419
13.81000000 0.55342592 3.43511701
13.82000000 0.55192440 3.42329543
13.83000000 0.55045295 3.41150946
13.84000000 0.54901127 3.39975911
13.85000000 0.54759906 3.38804440
13.86000000 0.54621603 3.37636534
13.87000000 0.54486192 3.36472193
13.88000000 0.54353643 3.35311418
13.89000000 0.54223931 3.34154209
13.90000000 0.54097029 3.33000567
13.91000000 0.53972910 3.31850492
13.92000000 0.53851549 3.30703982
13.93000000 0.53732922 3.29561038
13.94000000 0.53617003 3.28421659
13.95000000 0.53503769 3.27285844
13.96000000 0.53393196 3.26153592
13.97000000 0.53285261 3.25024903
13.98000000 0.53179942 3.23899773
13.99000000 0.53077215 3.22778203
14.00000000 0.52977060 3.21660191
14.01000000 0.52879455 3.20545733
14.02000000 0.52784378 3.19434830
14.03000000 0.52691811 3.18327477
14.04000000 0.52601731 3.17223674
14.05000000 0.52514121 3.16123417
14.06000000 0.52428960 3.15026705
14.07000000 0.52346230 3.13933533
14.08000000 0.52265912 3.12843900
14.09000000 0.52187988 3.11757803
14.10000000 0.52112441 3.10675237
14.11000000 0.52039253 3.09596200
14.12000000 0.51968407 3.08520689
14.13000000 0.51899886 3.07448700
14.14000000 0.51833675 3.06380230
14.15000000 0.51769757 3.05315273
14.16000000 0.51708116 3.04253828
14.17000000 0.51648739 3.03195889
14.18000000 0.51591609 3.02141453
14.19000000 0.51536712 3.01090516
14.20000000 0.51484035 3.00043072
14.21000000 0.51433562 2.98999118
14.22000000 0.51385281 2.97958649
14.23000000 0.51339179 2.96921661
14.24000000 0.51295242 2.95888149
14.25000000 0.51253458 2.94858107
14.26000000 0.51213814 2.93831532
14.27000000 0.51176299 2.92808418
14.28000000 0.51140901 2.91788760
14.29000000 0.51107608 2.90772553
14.30000000 0.51076409 2.89759792
14.31000000 0.51047294 2.88750471
14.32000000 0.51020252 2.87744585
14.33000000 0.50995272 2.86742128
14.34000000 0.50972345 2.85743096
14.35000000 0.50951461 2.84747482
14.36000000 0.50932610 2.83755280
14.37000000 0.50915784 2.82766485
14.38000000 0.50900972 2.81781092
14.39000000 0.50888168 2.80799093
14.40000000 0.50877361 2.79820484
14.41000000 0.50868545 2.78845258
14.42000000 0.50861710 2.77873409
14.43000000 0.50856850 2.76904931
14.44000000 0.50853958 2.75939818
14.45000000 0.50853025 2.74978063
14.46000000 0.50854045 2.74019660
14.47000000 0.50857011 2.73064604
14.48000000 0.50861917 2.72112886
14.49000000 0.50868756 2.71164502
14.50000000 0.50877523 2.70219444
14.51000000 0.50888212 2.69277706
14.52000000 0.50900817 2.68339282
14.53000000 0.50915333 2.67404164
14.54000000 0.50931755 2.66472345
14.55000000 0.50950078 2.65543821
14.56000000 0.50970297 2.64618582
14.57000000 0.50992408 2.63696623
14.58000000 0.51016407 2.62777937
14.59000000 0.51042289 2.61862517
14.60000000 0.51070051 2.60950356
14.61000000 0.51099689 2.60041447
14.62000000 0.51131200 2.59135783
14.63000000 0.51164580 2.58233357
14.64000000 0.51199828 2.57334162
14.65000000 0.51236939 2.56438191
14.66000000 0.51275911 2.55545436
14.67000000 0.51316742 2.54655891
14.68000000 0.51359430 2.53769549
14.69000000 0.51403972 2.52886402
14.70000000 0.51450367 2.52006442
14.71000000 0.51498614 2.51129664
14.72000000 0.51548710 2.50256059
14.73000000 0.51600655 2.49385621
14.74000000 0.51654447 2.48518341
14.75000000 0.51710086 2.47654213
14.76000000 0.51767571 2.46793229
14.77000000 0.51826902 2.45935383
14.78000000 0.51888077 2.45080665
14.79000000 0.51951098 2.44229070
14.80000000 0.52015964 2.43380590
14.81000000 0.52082675 2.42535216
14.82000000 0.52151232 2.41692943
14.83000000 0.52221636 2.40853762
14.84000000 0.52293887 2.40017666
14.85000000 0.52367985 2.39184647
14.86000000 0.52443933 2.38354699
14.87000000 0.52521732 2.37527812
14.88000000 0.52601382 2.36703981
14.89000000 0.52682886 2.35883197
14.90000000 0.52766246 2.35065453
14.91000000 0.52851462 2.34250742
14.92000000 0.52938539 2.33439055
14.93000000 0.53027477 2.32630385
14.94000000 0.53118280 2.31824725
14.95000000 0.53210950 2.31022067
14.96000000 0.53305490 2.30222404
14.97000000 0.53401902 2.29425728
14.98000000 0.53500191 2.28632031
14.99000000 0.53600359 2.27841306
15.00000000 0.53702410 2.27053546
15.01000000 0.53806347 2.26268742
15.02000000 0.53912175 2.25486887
15.03000000 0.54019898 2.24707974
15.04000000 0.54129518 2.23931995
15.05000000 0.54241042 2.23158942
15.06000000 0.54354473 2.22388808
15.07000000 0.54469816 2.21621586
15.08000000 0.54587076 2.20857267
15.09000000 0.54706257 2.20095844
15.10000000 0.54827365 2.19337310
15.11000000 0.54950406 2.18581657
15.12000000 0.55075384 2.17828877
15.13000000 0.55202306 2.17078963
15.14000000 0.55331176 2.16331908
15.15000000 0.55462001 2.15587704
15.16000000 0.55594788 2.14846342
15.17000000 0.55729542 2.14107817
15.18000000 0.55866270 2.13372120
15.19000000 0.56004978 2.12639244
15.20000000 0.56145673 2.11909181
15.21000000 0.56288362 2.11181923
15.22000000 0.56433053 2.10457465
15.23000000 0.56579751 2.09735796
15.24000000 0.56728466 2.09016912
15.25000000 0.56879203 2.08300803
15.26000000 0.57031972 2.07587462
15.27000000 0.57186780 2.06876883
15.28000000 0.57343634 2.06169057
15.29000000 0.57502544 2.05463978
15.30000000 0.57663517 2.04761637
15.31000000 0.57826562 2.04062028
15.32000000 0.57991688 2.03365143
15.33000000 0.58158903 2.02670974
15.34000000 0.58328217 2.01979515
15.35000000 0.58499638 2.01290757
15.36000000 0.58673177 2.00604695
15.37000000 0.58848842 1.99921320
15.38000000 0.59026644 1.99240625
15.39000000 0.59206591 1.98562602
15.40000000 0.59388695 1.97887246
15.41000000 0.59572965 1.97214547
15.42000000 0.59759411 1.96544500
15.43000000 0.59948045 1.95877097
15.44000000 0.60138876 1.95212330
15.45000000 0.60331916 1.94550193
15.46000000 0.60527175 1.93890678
15.47000000 0.60724665 1.93233778
15.48000000 0.60924397 1.92579486
15.49000000 0.61126382 1.91927795
15.50000000 0.61330633 1.91278699
15.51000000 0.61537161 1.90632188
15.52000000 0.61745977 1.89988258
15.53000000 0.61957095 1.89346900
15.54000000 0.62170527 1.88708108
15.55000000 0.62386285 1.88071875
15.56000000 0.62604381 1.87438193
15.57000000 0.62824829 1.86807056
15.58000000 0.63047642 1.86178457
15.59000000 0.63272833 1.85552388
15.60000000 0.63500415 1.84928844
15.61000000 0.63730402 1.84307816
15.62000000 0.63962807 1.83689299
15.63000000 0.64197645 1.83073285
15.64000000 0.64434930 1.82459768
15.65000000 0.64674676 1.81848741
15.66000000 0.64916897 1.81240196
15.67000000 0.65161609 1.80634128
15.68000000 0.65408825 1.80030529
15.69000000 0.65658561 1.79429393
15.70000000 0.65910832 1.78830713
15.71000000 0.66165654 1.78234483
15.72000000 0.66423042 1.77640695
15.73000000 0.66683011 1.77049344
15.74000000 0.66945579 1.76460422
15.75000000 0.67210760 1.75873923
15.76000000 0.67478571 1.75289841
15.77000000 0.67749029 1.74708168
15.78000000 0.68022151 1.74128899
15.79000000 0.68297953 1.73552027
15.80000000 0.68576452 1.72977546
15.81000000 0.68857665 1.72405449
15.82000000 0.69141611 1.71835729
15.83000000 0.69428307 1.71268381
15.84000000 0.69717770 1.70703397
15.85000000 0.70010019 1.70140772
15.86000000 0.70305072 1.69580500
15.87000000 0.70602947 1.69022574
15.88000000 0.70903664 1.68466987
15.89000000 0.71207240 1.67913734
15.90000000 0.71513695 1.67362809
15.91000000 0.71823049 1.66814204
15.92000000 0.72135321 1.66267915
15.93000000 0.72450530 1.65723935
15.94000000 0.72768696 1.65182257
15.95000000 0.73089840 1.64642877
15.96000000 0.73413982 1.64105787
15.97000000 0.73741142 1.63570982
15.98000000 0.74071341 1.63038455
15.99000000 0.74404600 1.62508202
16.00000000 0.74740941 1.61980215
16.01000000 0.75080384 1.61454489
16.02000000 0.75422951 1.60931018
16.03000000 0.75768664 1.60409797
16.04000000 0.76117546 1.59890819
16.05000000 0.76469618 1.59374078
16.06000000 0.76824903 1.58859570
16.07000000 0.77183424 1.58347287
16.08000000 0.77545203 1.57837225
16.09000000 0.77910265 1.57329378
16.10000000 0.78278631 1.56823740
16.11000000 0.78650327 1.56320305
16.12000000 0.79025375 1.55819068
16.13000000 0.79403800 1.55320024
16.14000000 0.79785627 1.54823166
16.15000000 0.80170879 1.54328490
16.16000000 0.80559582 1.53835990
16.17000000 0.80951761 1.53345659
16.18000000 0.81347441 1.52857494
16.19000000 0.81746648 1.52371489
16.20000000 0.82149408 1.51887638
16.21000000 0.82555746 1.51405936
16.22000000 0.82965688 1.50926377
16.23000000 0.83379263 1.50448957
16.24000000 0.83796495 1.49973670
16.25000000 0.84217413 1.49500512
16.26000000 0.84642044 1.49029475
16.27000000 0.85070415 1.48560557
16.28000000 0.85502554 1.48093751
16.29000000 0.85938489 1.47629053
16.30000000 0.86378249 1.47166458
16.31000000 0.86821861 1.46705960
16.32000000 0.87269356 1.46247554
16.33000000 0.87720763 1.45791236
16.34000000 0.88176110 1.45337001
16.35000000 0.88635427 1.44884844
16.36000000 0.89098745 1.44434759
16.37000000 0.89566093 1.43986743
16.38000000 0.90037503 1.43540790
16.39000000 0.90513004 1.43096896
16.40000000 0.90992629 1.42655056
16.41000000 0.91476408 1.42215265
16.42000000 0.91964373 1.41777519
16.43000000 0.92456556 1.41341813
16.44000000 0.92952990 1.40908143
16.45000000 0.93453706 1.40476503
16.46000000 0.93958738 1.40046890
16.47000000 0.94468119 1.39619299
16.48000000 0.94981882 1.39193726
16.49000000 0.95500061 1.38770166
16.50000000 0.96022690 1.38348614
16.51000000 0.96549803 1.37929067
16.52000000 0.97081436 1.37511521
16.53000000 0.97617621 1.37095970
16.54000000 0.98158396 1.36682411
16.55000000 0.98703796 1.36270840
16.56000000 0.99253856 1.35861252
16.57000000 0.99808613 1.35453644
16.58000000 1.00368102 1.35048011
16.59000000 1.00932362 1.34644349
16.60000000 1.01501429 1.34242654
16.61000000 1.02075341 1.33842922
16.62000000 1.02654134 1.33445150
16.63000000 1.03237849 1.33049334
16.64000000 1.03826522 1.32655469
16.65000000 1.04420193 1.32263552
16.66000000 1.05018900 1.31873579
16.67000000 1.05622684 1.31485546
16.68000000 1.06231584 1.31099451
16.69000000 1.06845640 1.30715288
16.70000000 1.07464893 1.30333054
16.71000000 1.08089383 1.29952747
16.72000000 1.08719152 1.29574361
16.73000000 1.09354241 1.29197895
16.74000000 1.09994693 1.28823344
16.75000000 1.10640548 1.28450705
16.76000000 1.11291850 1.28079974
16.77000000 1.11948642 1.27711149
16.78000000 1.12610968 1.27344226
16.79000000 1.13278870 1.26979201
16.80000000 1.13952393 1.26616072
16.81000000 1.14631581 1.26254836
16.82000000 1.15316479 1.25895488
16.83000000 1.16007133 1.25538027
16.84000000 1.16703587 1.25182449
16.85000000 1.17405888 1.24828751
16.86000000 1.18114081 1.24476931
16.87000000 1.18828215 1.24126985
16.88000000 1.19548335 1.23778910
16.89000000 1.20274489 1.23432704
16.90000000 1.21006725 1.23088363
16.91000000 1.21745092 1.22745886
16.92000000 1.22489637 1.22405270
16.93000000 1.23240410 1.22066511
16.94000000 1.23997460 1.21729607
16.95000000 1.24760838 1.21394556
16.96000000 1.25530593 1.21061356
16.97000000 1.26306775 1.20730003
16.98000000 1.27089437 1.20400495
16.99000000 1.27878630 1.20072831
17.00000000 1.28674405 1.19747007
17.01000000 1.29476814 1.19423021
17.02000000 1.30285911 1.19100872
17.03000000 1.31101749 1.18780557
17.04000000 1.31924380 1.18462074
17.05000000 1.32753860 1.18145420
17.06000000 1.33590243 1.17830595
17.07000000 1.34433583 1.17517595
17.08000000 1.35283935 1.17206420
17.09000000 1.36141356 1.16897066
17.10000000 1.37005902 1.16589533
17.11000000 1.37877629 1.16283819
17.12000000 1.38756594 1.15979921
17.13000000 1.39642855 1.15677838
17.14000000 1.40536469 1.15377569
17.15000000 1.41437496 1.15079112
17.16000000 1.42345994 1.14782466
17.17000000 1.43262022 1.14487629
17.18000000 1.44185640 1.14194599
17.19000000 1.45116908 1.13903376
17.20000000 1.46055888 1.13613958
17.21000000 1.47002639 1.13326343
17.22000000 1.47957225 1.13040532
17.23000000 1.48919706 1.12756522
17.24000000 1.49890146 1.12474313
17.25000000 1.50868607 1.12193903
17.26000000 1.51855153 1.11915292
17.27000000 1.52849849 1.11638479
17.28000000 1.53852758 1.11363462
17.29000000 1.54863945 1.11090242
17.30000000 1.55883476 1.10818818
17.31000000 1.56911418 1.10549188
17.32000000 1.57947835 1.10281353
17.33000000 1.58992796 1.10015311
17.34000000 1.60046368 1.09751063
17.35000000 1.61108619 1.09488608
17.36000000 1.62179616 1.09227945
17.37000000 1.63259429 1.08969075
17.38000000 1.64348128 1.08711997
17.39000000 1.65445783 1.08456711
17.40000000 1.66552463 1.08203217
17.41000000 1.67668240 1.07951516
17.42000000 1.68793185 1.07701606
17.43000000 1.69927370 1.07453489
17.44000000 1.71070868 1.07207164
17.45000000 1.72223752 1.06962632
17.46000000 1.73386095 1.06719893
17.47000000 1.74557971 1.06478948
17.48000000 1.75739455 1.06239797
17.49000000 1.76930622 1.06002440
17.50000000 1.78131548 1.05766879
17.51000000 1.79342308 1.05533114
17.52000000 1.80562980 1.05301146
17.53000000 1.81793640 1.05070975
17.54000000 1.83034367 1.04842603
17.55000000 1.84285239 1.04616030
17.56000000 1.85546334 1.04391259
17.57000000 1.86817731 1.04168289
17.58000000 1.88099512 1.03947122
17.59000000 1.89391755 1.03727761
17.60000000 1.90694543 1.03510205
17.61000000 1.92007956 1.03294456
17.62000000 1.93332077 1.03080517
17.63000000 1.94666988 1.02868388
17.64000000 1.96012772 1.02658072
17.65000000 1.97369513 1.02449570
17.66000000 1.98737296 1.02242884
17.67000000 2.00116204 1.02038017
17.68000000 2.01506324 1.01834970
17.69000000 2.02907741 1.01633746
17.70000000 2.04320541 1.01434346
17.71000000 2.05744812 1.01236774
17.72000000 2.07180641 1.01041032
17.73000000 2.08628116 1.00847122
17.74000000 2.10087326 1.00655047
17.75000000 2.11558359 1.00464809
17.76000000 2.13041306 1.00276412
17.77000000 2.14536256 1.00089859
17.78000000 2.16043302 0.99905153
17.79000000 2.17562532 0.99722296
17.80000000 2.19094041 0.99541292
17.81000000 2.20637920 0.99362145
17.82000000 2.22194262 0.99184857
17.83000000 2.23763161 0.99009433
17.84000000 2.25344710 0.98835876
17.85000000 2.26939004 0.98664190
17.86000000 2.28546139 0.98494379
17.87000000 2.30166211 0.98326447
17.88000000 2.31799314 0.98160398
17.89000000 2.33445547 0.97996235
17.90000000 2.35105006 0.97833965
17.91000000 2.36777789 0.97673590
17.92000000 2.38463995 0.97515116
17.93000000 2.40163723 0.97358548
17.94000000 2.41877071 0.97203889
17.95000000 2.43604140 0.97051146
17.96000000 2.45345031 0.96900323
17.97000000 2.47099844 0.96751426
17.98000000 2.48868680 0.96604459
17.99000000 2.50651643 0.96459428
18.00000000 2.52448834 0.96316340
18.01000000 2.54260356 0.96175198
18.02000000 2.56086313 0.96036011
18.03000000 2.57926809 0.95898783
18.04000000 2.59781948 0.95763520
18.05000000 2.61651836 0.95630229
18.06000000 2.63536578 0.95498917
18.07000000 2.65436280 0.95369589
18.08000000 2.67351048 0.95242253
18.09000000 2.69280989 0.95116916
18.10000000 2.71226211 0.94993584
18.11000000 2.73186822 0.94872265
18.12000000 2.75162929 0.94752965
18.13000000 2.77154642 0.94635693
18.14000000 2.79162070 0.94520457
18.15000000 2.81185322 0.94407263
18.16000000 2.83224509 0.94296120
18.17000000 2.85279741 0.94187036
18.18000000 2.87351128 0.94080020
18.19000000 2.89438783 0.93975079
18.20000000 2.91542816 0.93872223
18.21000000 2.93663340 0.93771460
18.22000000 2.95800468 0.93672799
18.23000000 2.97954311 0.93576249
18.24000000 3.00124985 0.93481821
18.25000000 3.02312601 0.93389523
18.26000000 3.04517273 0.93299365
18.27000000 3.06739117 0.93211356
18.28000000 3.08978247 0.93125508
18.29000000 3.11234777 0.93041831
18.30000000 3.13508822 0.92960334
18.31000000 3.15800498 0.92881030
18.32000000 3.18109922 0.92803927
18.33000000 3.20437207 0.92729039
18.34000000 3.22782472 0.92656376
18.35000000 3.25145832 0.92585949
18.36000000 3.27527405 0.92517771
18.37000000 3.29927306 0.92451853
18.38000000 3.32345653 0.92388208
18.39000000 3.34782564 0.92326848
18.40000000 3.37238155 0.92267786
18.41000000 3.39712545 0.92211034
18.42000000 3.42205851 0.92156607
18.43000000 3.44718191 0.92104516
18.44000000 3.47249682 0.92054777
18.45000000 3.49800444 0.92007403
18.46000000 3.52370593 0.91962407
18.47000000 3.54960248 0.91919805
18.48000000 3.57569528 0.91879611
18.49000000 3.60198549 0.91841840
18.50000000 3.62847431 0.91806508
18.51000000 3.65516292 0.91773629
18.52000000 3.68205248 0.91743219
18.53000000 3.70914420 0.91715295
18.54000000 3.73643923 0.91689873
18.55000000 3.76393876 0.91666969
18.56000000 3.79164396 0.91646600
18.57000000 3.81955602 0.91628784
18.58000000 3.84767608 0.91613539
18.59000000 3.87600534 0.91600881
18.60000000 3.90454495 0.91590829
18.61000000 3.93329608 0.91583401
18.62000000 3.96225988 0.91578617
18.63000000 3.99143752 0.91576495
18.64000000 4.02083014 0.91577055
18.65000000 4.05043890 0.91580317
18.66000000 4.08026494 0.91586300
18.67000000 4.11030940 0.91595026
18.68000000 4.14057341 0.91606515
18.69000000 4.17105811 0.91620788
18.70000000 4.20176461 0.91637867
18.71000000 4.23269404 0.91657774
18.72000000 4.26384750 0.91680531
18.73000000 4.29522611 0.91706161
18.74000000 4.32683095 0.91734687
18.75000000 4.35866311 0.91766133
18.76000000 4.39072368 0.91800521
18.77000000 4.42301373 0.91837878
18.78000000 4.45553432 0.91878227
18.79000000 4.48828651 0.91921594
18.80000000 4.52127134 0.91968004
18.81000000 4.55448984 0.92017483
18.82000000 4.58794304 0.92070058
18.83000000 4.62163194 0.92125756
18.84000000 4.65555756 0.92184604
18.85000000 4.68972088 0.92246630
18.86000000 4.72412287 0.92311862
18.87000000 4.75876449 0.92380330
18.88000000 4.79364670 0.92452062
18.89000000 4.82877043 0.92527089
18.90000000 4.86413659 0.92605440
18.91000000 4.89974609 0.92687146
18.92000000 4.93559982 0.92772240
18.93000000 4.97169864 0.92860753
18.94000000 5.00804342 0.92952716
18.95000000 5.04463497 0.93048164
18.96000000 5.08147413 0.93147130
18.97000000 5.11856169 0.93249648
18.98000000 5.15589842 0.93355753
18.99000000 5.19348508 0.93465480
19.00000000 5.23132241 0.93578864
19.01000000 5.26941111 0.93695944
19.02000000 5.30775188 0.93816754
19.03000000 5.34634538 0.93941334
19.04000000 5.38519226 0.94069722
19.05000000 5.42429313 0.94201957
19.06000000 5.46364858 0.94338078
19.07000000 5.50325918 0.94478126
19.08000000 5.54312545 0.94622142
19.09000000 5.58324791 0.94770168
19.10000000 5.62362703 0.94922245
19.11000000 5.66426326 0.95078419
19.12000000 5.70515702 0.95238731
19.13000000 5.74630869 0.95403228
19.14000000 5.78771861 0.95571954
19.15000000 5.82938711 0.95744955
19.16000000 5.87131446 0.95922278
19.17000000 5.91350091 0.96103972
19.18000000 5.95594667 0.96290085
19.19000000 5.99865190 0.96480665
19.20000000 6.04161673 0.96675764
19.21000000 6.08484126 0.96875432
19.22000000 6.12832552 0.97079721
19.23000000 6.17206952 0.97288685
19.24000000 6.21607323 0.97502375
19.25000000 6.26033654 0.97720848
19.26000000 6.30485935 0.97944158
19.27000000 6.34964145 0.98172362
19.28000000 6.39468263 0.98405517
19.29000000 6.43998260 0.98643681
19.30000000 6.48554104 0.98886914
19.31000000 6.53135756 0.99135276
19.32000000 6.57743172 0.99388829
19.33000000 6.62376302 0.99647633
19.34000000 6.67035093 0.99911753
19.35000000 6.71719481 1.00181254
19.36000000 6.76429402 1.00456199
19.37000000 6.81164781 1.00736657
19.38000000 6.85925538 1.01022694
19.39000000 6.90711589 1.01314379
19.40000000 6.95522840 1.01611783
19.41000000 7.00359192 1.01914975
19.42000000 7.05220538 1.02224029
19.43000000 7.10106766 1.02539017
19.44000000 7.15017754 1.02860015
19.45000000 7.19953374 1.03187098
19.46000000 7.24913490 1.03520342
19.47000000 7.29897958 1.03859827
19.48000000 7.34906627 1.04205632
19.49000000 7.39939336 1.04557837
19.50000000 7.44995918 1.04916526
19.51000000 7.50076195 1.05281781
19.52000000 7.55179982 1.05653687
19.53000000 7.60307084 1.06032331
19.54000000 7.65457298 1.06417801
19.55000000 7.70630410 1.06810184
19.56000000 7.75826197 1.07209573
19.57000000 7.81044427 1.07616059
19.58000000 7.86284858 1.08029734
19.59000000 7.91547237 1.08450696
19.60000000 7.96831300 1.08879038
19.61000000 8.02136774 1.09314861
19.62000000 8.07463375 1.09758262
19.63000000 8.12810806 1.10209344
19.64000000 8.18178761 1.10668209
19.65000000 8.23566920 1.11134961
19.66000000 8.28974955 1.11609706
19.67000000 8.34402521 1.12092553
19.68000000 8.39849265 1.12583609
19.69000000 8.45314819 1.13082986
19.70000000 8.50798804 1.13590797
19.71000000 8.56300827 1.14107156
19.72000000 8.61820481 1.14632180
19.73000000 8.67357346 1.15165986
19.74000000 8.72910990 1.15708694
19.75000000 8.78480965 1.16260425
19.76000000 8.84066810 1.16821303
19.77000000 8.89668047 1.17391453
19.78000000 8.95284187 1.17971003
19.79000000 9.00914722 1.18560080
19.80000000 9.06559132 1.19158816
19.81000000 9.12216880 1.19767344
19.82000000 9.17887413 1.20385799
19.83000000 9.23570162 1.21014316
19.84000000 9.29264542 1.21653035
19.85000000 9.34969951 1.22302096
19.86000000 9.40685769 1.22961642
19.87000000 9.46411361 1.23631817
19.88000000 9.52146074 1.24312767
19.89000000 9.57889235 1.25004643
19.90000000 9.63640156 1.25707593
19.91000000 9.69398129 1.26421771
19.92000000 9.75162428 1.27147331
19.93000000 9.80932307 1.27884431
19.94000000 9.86707003 1.28633228
19.95000000 9.92485732 1.29393885
19.96000000 9.98267691 1.30166564
19.97000000 10.04052057 1.30951429
19.98000000 10.09837988 1.31748649
19.99000000 10.15624619 1.32558393
20.00000000 10.21411066 1.33380831
20.01000000 10.27196424 1.34216137
20.02000000 10.32979768 1.35064488
20.03000000 10.38760149 1.35926059
20.04000000 10.44536599 1.36801031
20.05000000 10.50308126 1.37689585
20.06000000 10.56073717 1.38591905
20.07000000 10.61832337 1.39508177
20.08000000 10.67582928 1.40438589
20.09000000 10.73324410 1.41383329
20.10000000 10.79055680 1.42342590
20.11000000 10.84775610 1.43316565
20.12000000 10.90483051 1.44305449
20.13000000 10.96176830 1.45309440
20.14000000 11.01855751 1.46328737
20.15000000 11.07518593 1.47363541
20.16000000 11.13164112 1.48414054
20.17000000 11.18791041 1.49480481
20.18000000 11.24398087 1.50563027
20.19000000 11.29983934 1.51661902
20.20000000 11.35547242 1.52777312
20.21000000 11.41086646 1.53909471
20.22000000 11.46600758 1.55058588
20.23000000 11.52088164 1.56224879
20.24000000 11.57547427 1.57408558
20.25000000 11.62977086 1.58609840
20.26000000 11.68375655 1.59828944
20.27000000 11.73741624 1.61066087
20.28000000 11.79073458 1.62321488
20.29000000 11.84369600 1.63595367
20.30000000 11.89628467 1.64887946
20.31000000 11.94848455 1.66199446
20.32000000 12.00027934 1.67530088
20.33000000 12.05165252 1.68880095
20.34000000 12.10258734 1.70249690
20.35000000 12.15306681 1.71639095
20.36000000 12.20307373 1.73048534
20.37000000 12.25259066 1.74478229
20.38000000 12.30159998 1.75928403
20.39000000 12.35008381 1.77399277
20.40000000 12.39802409 1.78891074
20.41000000 12.44540255 1.80404014
20.42000000 12.49220071 1.81938316
20.43000000 12.53839991 1.83494200
20.44000000 12.58398130 1.85071882
20.45000000 12.62892584 1.86671579
20.46000000 12.67321431 1.88293504
20.47000000 12.71682735 1.89937869
20.48000000 12.75974541 1.91604884
20.49000000 12.80194880 1.93294758
20.50000000 12.84341768 1.95007693
20.51000000 12.88413209 1.96743893
20.52000000 12.92407192 1.98503557
20.53000000 12.96321697 2.00286878
20.54000000 13.00154693 2.02094049
20.55000000 13.03904137 2.03925258
20.56000000 13.07567980 2.05780687
20.57000000 13.11144167 2.07660516
20.58000000 13.14630634 2.09564918
20.59000000 13.18025314 2.11494061
20.60000000 13.21326138 2.13448109
20.61000000 13.24531033 2.15427219
20.62000000 13.27637927 2.17431541
20.63000000 13.30644749 2.19461221
20.64000000 13.33549429 2.21516395
20.65000000 13.36349904 2.23597193
20.66000000 13.39044115 2.25703738
20.67000000 13.41630011 2.27836145
20.68000000 13.44105552 2.29994519
20.69000000 13.46468706 2.32178958
20.70000000 13.48717457 2.34389549
20.71000000 13.50849803 2.36626372
20.72000000 13.52863759 2.38889493
20.73000000 13.54757359 2.41178972
20.74000000 13.56528657 2.43494855
20.75000000 13.58175733 2.45837178
20.76000000 13.59696689 2.48205965
20.77000000 13.61089655 2.50601229
20.78000000 13.62352794 2.53022968
20.79000000 13.63484296 2.55471169
20.80000000 13.64482389 2.57945806
20.81000000 13.65345335 2.60446837
20.82000000 13.66071437 2.62974208
20.83000000 13.66659037 2.65527849
20.84000000 13.67106523 2.68107675
20.85000000 13.67412326 2.70713587
20.86000000 13.67574928 2.73345467
20.87000000 13.67592861 2.76003184
20.88000000 13.67464710 2.78686589
20.89000000 13.67189115 2.81395515
20.90000000 13.66764776 2.84129778
20.91000000 13.66190451 2.86889178
20.92000000 13.65464964 2.89673493
20.93000000 13.64587200 2.92482487
20.94000000 13.63556117 2.95315902
20.95000000 13.62370737 2.98173461
20.96000000 13.61030160 3.01054868
20.97000000 13.59533557 3.03959808
20.98000000 13.57880176 3.06887946
20.99000000 13.56069346 3.09838924
21.00000000 13.54100473 3.12812367
21.01000000 13.51973051 3.15807876
21.02000000 13.49686654 3.18825035
21.03000000 13.47240948 3.21863404
21.04000000 13.44635683 3.24922522
21.05000000 13.41870702 3.28001908
21.06000000 13.38945940 3.31101059
21.07000000 13.35861424 3.34219450
21.08000000 13.32617279 3.37356535
21.09000000 13.29213722 3.40511748
21.10000000 13.25651072 3.43684499
21.11000000 13.21929743 3.46874180
21.12000000 13.18050251 3.50080158
21.13000000 13.14013211 3.53301782
21.14000000 13.09819340 3.56538380
21.15000000 13.05469457 3.59789258
21.16000000 13.00964481 3.63053703
21.17000000 12.96305436 3.66330980
21.18000000 12.91493446 3.69620337
21.19000000 12.86529738 3.72921001
21.20000000 12.81415643 3.76232181
21.21000000 12.76152592 3.79553067
21.22000000 12.70742118 3.82882831
21.23000000 12.65185853 3.86220627
21.24000000 12.59485531 3.89565593
21.25000000 12.53642983 3.92916851
21.26000000 12.47660139 3.96273507
21.27000000 12.41539025 3.99634651
21.28000000 12.35281759 4.02999359
21.29000000 12.28890556 4.06366696
21.30000000 12.22367719 4.09735711
21.31000000 12.15715642 4.13105442
21.32000000 12.08936804 4.16474916
21.33000000 12.02033772 4.19843151
21.34000000 11.95009191 4.23209152
21.35000000 11.87865790 4.26571919
21.36000000 11.80606371 4.29930443
21.37000000 11.73233812 4.33283708
21.38000000 11.65751061 4.36630694
21.39000000 11.58161136 4.39970374
21.40000000 11.50467117 4.43301719
21.41000000 11.42672146 4.46623697
21.42000000 11.34779423 4.49935274
21.43000000 11.26792203 4.53235416
21.44000000 11.18713791 4.56523089
21.45000000 11.10547537 4.59797261
21.46000000 11.02296838 4.63056902
21.47000000 10.93965126 4.66300987
21.48000000 10.85555871 4.69528495
21.49000000 10.77072573 4.72738410
21.50000000 10.68518761 4.75929725
21.51000000 10.59897986 4.79101437
21.52000000 10.51213818 4.82252557
21.53000000 10.42469843 4.85382103
21.54000000 10.33669659 4.88489103
21.55000000 10.24816869 4.91572600
21.56000000 10.15915081 4.94631647
21.57000000 10.06967903 4.97665313
21.58000000 9.97978935 5.00672681
21.59000000 9.88951772 5.03652850
21.60000000 9.79889995 5.06604934
21.61000000 9.70797169 5.09528066
21.62000000 9.61676838 5.12421397
21.63000000 9.52532526 5.15284097
21.64000000 9.43367725 5.18115355
21.65000000 9.34185901 5.20914381
21.66000000 9.24990483 5.23680405
21.67000000 9.15784865 5.26412680
21.68000000 9.06572399 5.29110480
21.69000000 8.97356396 5.31773105
21.70000000 8.88140120 5.34399873
21.71000000 8.78926785 5.36990131
21.72000000 8.69719554 5.39543246
21.73000000 8.60521537 5.42058613
21.74000000 8.51335787 5.44535650
21.75000000 8.42165298 5.46973800
21.76000000 8.33013003 5.49372534
21.77000000 8.23881773 5.51731345
21.78000000 8.14774415 5.54049756
21.79000000 8.05693667 5.56327312
21.80000000 7.96642203 5.58563587
21.81000000 7.87622625 5.60758180
21.82000000 7.78637467 5.62910718
21.83000000 7.69689188 5.65020850
21.84000000 7.60780178 5.67088257
21.85000000 7.51912751 5.69112640
21.86000000 7.43089149 5.71093731
21.87000000 7.34311538 5.73031284
21.88000000 7.25582008 5.74925081
21.89000000 7.16902577 5.76774929
21.90000000 7.08275185 5.78580659
21.91000000 6.99701695 5.80342127
21.92000000 6.91183896 5.82059213
21.93000000 6.82723502 5.83731824
21.94000000 6.74322152 5.85359888
21.95000000 6.65981407 5.86943356
21.96000000 6.57702758 5.88482203
21.97000000 6.49487618 5.89976428
21.98000000 6.41337330 5.91426050
21.99000000 6.33253162 5.92831109
22.00000000 6.25236313 5.94191669
22.01000000 6.17287908 5.95507811
22.02000000 6.09409006 5.96779639
22.03000000 6.01600593 5.98007276
22.04000000 5.93863592 5.99190862
22.05000000 5.86198855 6.00330558
22.06000000 5.78607172 6.01426541
22.07000000 5.71089267 6.02479008
22.08000000 5.63645803 6.03488169
22.09000000 5.56277379 6.04454253
22.10000000 5.48984537 6.05377503
22.11000000 5.41767759 6.06258179
22.12000000 5.34627469 6.07096554
22.13000000 5.27564038 6.07892914
22.14000000 5.20577779 6.08647562
22.15000000 5.13668956 6.09360808
22.16000000 5.06837780 6.10032980
22.17000000 5.00084412 6.10664414
22.18000000 4.93408966 6.11255458
22.19000000 4.86811510 6.11806470
22.20000000 4.80292065 6.12317819
22.21000000 4.73850610 6.12789883
22.22000000 4.67487082 6.13223047
22.23000000 4.61201377 6.13617708
22.24000000 4.54993352 6.13974268
22.25000000 4.48862827 6.14293136
22.26000000 4.42809588 6.14574730
22.27000000 4.36833383 6.14819472
22.28000000 4.30933929 6.15027791
22.29000000 4.25110912 6.15200122
22.30000000 4.19363986 6.15336903
22.31000000 4.13692779 6.15438578
22.32000000 4.08096890 6.15505594
22.33000000 4.02575891 6.15538402
22.34000000 3.97129331 6.15537457
22.35000000 3.91756736 6.15503215
22.36000000 3.86457608 6.15436135
22.37000000 3.81231429 6.15336680
22.38000000 3.76077662 6.15205310
22.39000000 3.70995752 6.15042491
22.40000000 3.65985123 6.14848688
22.41000000 3.61045187 6.14624367
22.42000000 3.56175340 6.14369992
22.43000000 3.51374961 6.14086031
22.44000000 3.46643420 6.13772948
22.45000000 3.41980071 6.13431209
22.46000000 3.37384261 6.13061278
22.47000000 3.32855324 6.12663618
22.48000000 3.28392584 6.12238690
22.49000000 3.23995360 6.11786954
22.50000000 3.19662960 6.11308869
22.51000000 3.15394687 6.10804891
22.52000000 3.11189838 6.10275473
22.53000000 3.07047705 6.09721068
22.54000000 3.02967573 6.09142123
22.55000000 2.98948727 6.08539085
22.56000000 2.94990446 6.07912397
22.57000000 2.91092008 6.07262499
22.58000000 2.87252687 6.06589827
22.59000000 2.83471760 6.05894815
22.60000000 2.79748498 6.05177893
22.61000000 2.76082176 6.04439486
22.62000000 2.72472067 6.03680016
22.63000000 2.68917445 6.02899903
22.64000000 2.65417585 6.02099561
22.65000000 2.61971766 6.01279399
22.66000000 2.58579266 6.00439825
22.67000000 2.55239368 5.99581240
22.68000000 2.51951355 5.98704041
22.69000000 2.48714517 5.97808623
22.70000000 2.45528145 5.96895375
22.71000000 2.42391533 5.95964680
22.72000000 2.39303982 5.95016919
22.73000000 2.36264796 5.94052468
22.74000000 2.33273283 5.93071696
22.75000000 2.30328758 5.92074971
22.76000000 2.27430538 5.91062654
22.77000000 2.24577950 5.90035102
22.78000000 2.21770321 5.88992667
22.79000000 2.19006989 5.87935698
22.80000000 2.16287294 5.86864536
22.81000000 2.13610585 5.85779520
22.82000000 2.10976216 5.84680984
22.83000000 2.08383548 5.83569257
22.84000000 2.05831946 5.82444662
22.85000000 2.03320785 5.81307519
22.86000000 2.00849446 5.80158144
22.87000000 1.98417315 5.78996846
22.88000000 1.96023786 5.77823930
22.89000000 1.93668261 5.76639699
22.90000000 1.91350147 5.75444447
22.91000000 1.89068860 5.74238467
22.92000000 1.86823821 5.73022046
22.93000000 1.84614461 5.71795468
22.94000000 1.82440216 5.70559009
22.95000000 1.80300529 5.69312944
22.96000000 1.78194852 5.68057543
22.97000000 1.76122642 5.66793070
22.98000000 1.74083365 5.65519786
22.99000000 1.72076495 5.64237948
23.00000000 1.70101509 5.62947808
23.01000000 1.68157896 5.61649613
23.02000000 1.66245150 5.60343608
23.03000000 1.64362772 5.59030032
23.04000000 1.62510270 5.57709120
23.05000000 1.60687161 5.56381104
23.06000000 1.58892966 5.55046212
23.07000000 1.57127215 5.53704667
23.08000000 1.55389446 5.52356689
23.09000000 1.53679200 5.51002493
23.10000000 1.51996029 5.49642292
23.11000000 1.50339491 5.48276292
23.12000000 1.48709148 5.46904700
23.13000000 1.47104571 5.45527716
23.14000000 1.45525339 5.44145536
23.15000000 1.43971034 5.42758355
23.16000000 1.42441248 5.41366362
23.17000000 1.40935576 5.39969743
23.18000000 1.39453623 5.38568683
23.19000000 1.37994999 5.37163360
23.20000000 1.36559318 5.35753952
23.21000000 1.35146203 5.34340630
23.22000000 1.33755283 5.32923565
23.23000000 1.32386191 5.31502923
23.24000000 1.31038568 5.30078868
23.25000000 1.29712060 5.28651561
23.26000000 1.28406320 5.27221157
23.27000000 1.27121004 5.25787813
23.28000000 1.25855777 5.24351678
23.29000000 1.24610307 5.22912902
23.30000000 1.23384269 5.21471630
23.31000000 1.22177343 5.20028004
23.32000000 1.20989215 5.18582165
23.33000000 1.19819576 5.17134249
23.34000000 1.18668121 5.15684391
23.35000000 1.17534552 5.14232723
23.36000000 1.16418575 5.12779374
23.37000000 1.15319902 5.11324471
23.38000000 1.14238248 5.09868137
23.39000000 1.13173336 5.08410495
23.40000000 1.12124890 5.06951663
23.41000000 1.11092642 5.05491758
23.42000000 1.10076328 5.04030895
23.43000000 1.09075686 5.02569185
23.44000000 1.08090462 5.01106739
23.45000000 1.07120405 4.99643664
23.46000000 1.06165267 4.98180065
23.47000000 1.05224807 4.96716046
23.48000000 1.04298786 4.95251707
23.49000000 1.03386971 4.93787148
23.50000000 1.02489131 4.92322465
23.51000000 1.01605041 4.90857754
23.52000000 1.00734479 4.89393106
23.53000000 0.99877227 4.87928614
23.54000000 0.99033070 4.86464366
23.55000000 0.98201800 4.85000449
23.56000000 0.97383208 4.83536949
23.57000000 0.96577093 4.82073948
23.58000000 0.95783255 4.80611530
23.59000000 0.95001497 4.79149773
23.60000000 0.94231628 4.77688757
23.61000000 0.93473459 4.76228556
23.62000000 0.92726805 4.74769247
23.63000000 0.91991482 4.73310903
23.64000000 0.91267312 4.71853595
23.65000000 0.90554120 4.70397394
23.66000000 0.89851732 4.68942367
23.67000000 0.89159979 4.67488583
23.68000000 0.88478695 4.66036105
23.69000000 0.87807715 4.64585000
23.70000000 0.87146880 4.63135329
23.71000000 0.86496031 4.61687154
23.72000000 0.85855013 4.60240534
23.73000000 0.85223674 4.58795528
23.74000000 0.84601865 4.57352193
23.75000000 0.83989439 4.55910586
23.76000000 0.83386251 4.54470760
23.77000000 0.82792160 4.53032769
23.78000000 0.82207028 4.51596666
23.79000000 0.81630716 4.50162501
23.80000000 0.81063092 4.48730324
23.81000000 0.80504023 4.47300184
23.82000000 0.79953381 4.45872128
23.83000000 0.79411037 4.44446202
23.84000000 0.78876868 4.43022452
23.85000000 0.78350750 4.41600921
23.86000000 0.77832563 4.40181654
23.87000000 0.77322190 4.38764691
23.88000000 0.76819513 4.37350075
23.89000000 0.76324420 4.35937844
23.90000000 0.75836797 4.34528039
23.91000000 0.75356536 4.33120697
23.92000000 0.74883528 4.31715855
23.93000000 0.74417666 4.30313550
23.94000000 0.73958847 4.28913817
23.95000000 0.73506969 4.27516690
23.96000000 0.73061931 4.26122204
23.97000000 0.72623634 4.24730390
23.98000000 0.72191982 4.23341280
23.99000000 0.71766879 4.21954907
24.00000000 0.71348231 4.20571299
24.01000000 0.70935948 4.19190486
24.02000000 0.70529938 4.17812498
24.03000000 0.70130114 4.16437361
24.04000000 0.69736388 4.15065104
24.05000000 0.69348675 4.13695752
24.06000000 0.68966891 4.12329331
24.07000000 0.68590954 4.10965867
24.08000000 0.68220782 4.09605383
24.09000000 0.67856297 4.08247904
24.10000000 0.67497420 4.06893451
24.11000000 0.67144074 4.05542048
24.12000000 0.66796185 4.04193717
24.13000000 0.66453678 4.02848478
24.14000000 0.66116481 4.01506351
24.15000000 0.65784522 4.00167357
24.16000000 0.65457732 3.98831515
24.17000000 0.65136041 3.97498843
24.18000000 0.64819382 3.96169360
24.19000000 0.64507689 3.94843083
24.20000000 0.64200897 3.93520029
24.21000000 0.63898941 3.92200215
24.22000000 0.63601758 3.90883656
24.23000000 0.63309288 3.89570369
24.24000000 0.63021469 3.88260367
24.25000000 0.62738241 3.86953665
24.26000000 0.62459547 3.85650278
24.27000000 0.62185329 3.84350218
24.28000000 0.61915530 3.83053499
24.29000000 0.61650096 3.81760134
24.30000000 0.61388971 3.80470133
24.31000000 0.61132102 3.79183510
24.32000000 0.60879437 3.77900274
24.33000000 0.60630924 3.76620438
24.34000000 0.60386513 3.75344011
24.35000000 0.60146153 3.74071004
24.36000000 0.59909797 3.72801425
24.37000000 0.59677397 3.71535284
24.38000000 0.59448904 3.70272591
24.39000000 0.59224273 3.69013352
24.40000000 0.59003459 3.67757577
24.41000000 0.58786417 3.66505274
24.42000000 0.58573103 3.65256448
24.43000000 0.58363475 3.64011108
24.44000000 0.58157490 3.62769261
24.45000000 0.57955106 3.61530911
24.46000000 0.57756283 3.60296067
24.47000000 0.57560982 3.59064732
24.48000000 0.57369163 3.57836913
24.49000000 0.57180787 3.56612614
24.50000000 0.56995816 3.55391841
24.51000000 0.56814214 3.54174598
24.52000000 0.56635945 3.52960889
24.53000000 0.56460972 3.51750718
24.54000000 0.56289260 3.50544088
24.55000000 0.56120775 3.49341003
24.56000000 0.55955482 3.48141467
24.57000000 0.55793350 3.46945481
24.58000000 0.55634345 3.45753049
24.59000000 0.55478436 3.44564172
24.60000000 0.55325590 3.43378854
24.61000000 0.55175778 3.42197095
24.62000000 0.55028968 3.41018897
24.63000000 0.54885132 3.39844262
24.64000000 0.54744239 3.38673191
24.65000000 0.54606263 3.37505685
24.66000000 0.54471174 3.36341745
24.67000000 0.54338945 3.35181370
24.68000000 0.54209550 3.34024562
24.69000000 0.54082961 3.32871320
24.70000000 0.53959153 3.31721644
24.71000000 0.53838100 3.30575535
24.72000000 0.53719778 3.29432991
24.73000000 0.53604162 3.28294012
24.74000000 0.53491228 3.27158597
24.75000000 0.53380952 3.26026745
24.76000000 0.53273312 3.24898455
24.77000000 0.53168284 3.23773726
24.78000000 0.53065847 3.22652555
24.79000000 0.52965979 3.21534941
24.80000000 0.52868659 3.20420883
24.81000000 0.52773865 3.19310378
24.82000000 0.52681578 3.18203424
24.83000000 0.52591776 3.17100019
24.84000000 0.52504442 3.16000160
24.85000000 0.52419555 3.14903845
24.86000000 0.52337096 3.13811071
24.87000000 0.52257048 3.12721834
24.88000000 0.52179392 3.11636133
24.89000000 0.52104110 3.10553964
24.90000000 0.52031186 3.09475323
24.91000000 0.51960601 3.08400208
24.92000000 0.51892341 3.07328614
24.93000000 0.51826387 3.06260538
24.94000000 0.51762726 3.05195976
24.95000000 0.51701340 3.04134924
24.96000000 0.51642216 3.03077378
24.97000000 0.51585337 3.02023335
24.98000000 0.51530690 3.00972790
24.99000000 0.51478261 2.99925738
25.00000000 0.51428035 2.98882176
25.01000000 0.51379999 2.97842098
25.02000000 0.51334140 2.96805500
25.03000000 0.51290446 2.95772377
25.04000000 0.51248902 2.94742725
25.05000000 0.51209498 2.93716539
25.06000000 0.51172221 2.92693813
25.07000000 0.51137060 2.91674542
25.08000000 0.51104002 2.90658722
25.09000000 0.51073038 2.89646347
25.10000000 0.51044156 2.88637412
25.11000000 0.51017346 2.87631911
25.12000000 0.50992597 2.86629839
25.13000000 0.50969900 2.85631191
25.14000000 0.50949244 2.84635960
25.15000000 0.50930621 2.83644141
25.16000000 0.50914021 2.82655728
25.17000000 0.50899435 2.81670716
25.18000000 0.50886855 2.80689098
25.19000000 0.50876273 2.79710869
25.20000000 0.50867679 2.78736022
25.21000000 0.50861067 2.77764552
25.22000000 0.50856428 2.76796451
25.23000000 0.50853755 2.75831715
25.24000000 0.50853042 2.74870337
25.25000000 0.50854281 2.73912310
25.26000000 0.50857465 2.72957629
25.27000000 0.50862588 2.72006286
25.28000000 0.50869644 2.71058275
25.29000000 0.50878627 2.70113590
25.30000000 0.50889531 2.69172225
25.31000000 0.50902351 2.68234171
25.32000000 0.50917081 2.67299424
25.33000000 0.50933717 2.66367976
25.34000000 0.50952253 2.65439820
25.35000000 0.50972684 2.64514950
25.36000000 0.50995007 2.63593359
25.37000000 0.51019218 2.62675040
25.38000000 0.51045311 2.61759986
25.39000000 0.51073284 2.60848190
25.40000000 0.51103132 2.59939645
25.41000000 0.51134853 2.59034345
25.42000000 0.51168443 2.58132282
25.43000000 0.51203900 2.57233449
25.44000000 0.51241220 2.56337839
25.45000000 0.51280401 2.55445445
25.46000000 0.51321440 2.54556260
25.47000000 0.51364336 2.53670277
25.48000000 0.51409086 2.52787488
25.49000000 0.51455690 2.51907886
25.50000000 0.51504144 2.51031464
25.51000000 0.51554447 2.50158215
25.52000000 0.51606600 2.49288131
25.53000000 0.51660599 2.48421206
25.54000000 0.51716445 2.47557431
25.55000000 0.51774138 2.46696800
25.56000000 0.51833675 2.45839304
25.57000000 0.51895058 2.44984938
25.58000000 0.51958286 2.44133692
25.59000000 0.52023359 2.43285561
25.60000000 0.52090277 2.42440536
25.61000000 0.52159042 2.41598610
25.62000000 0.52229652 2.40759776
25.63000000 0.52302110 2.39924025
25.64000000 0.52376417 2.39091352
25.65000000 0.52452572 2.38261747
25.66000000 0.52530578 2.37435204
25.67000000 0.52610437 2.36611715
25.68000000 0.52692149 2.35791273
25.69000000 0.52775717 2.34973869
25.70000000 0.52861142 2.34159498
25.71000000 0.52948427 2.33348150
25.72000000 0.53037575 2.32539818
25.73000000 0.53128587 2.31734496
25.74000000 0.53221467 2.30932174
25.75000000 0.53316216 2.30132847
25.76000000 0.53412839 2.29336505
25.77000000 0.53511339 2.28543142
25.78000000 0.53611718 2.27752751
25.79000000 0.53713981 2.26965322
25.80000000 0.53818130 2.26180850
25.81000000 0.53924170 2.25399325
25.82000000 0.54032105 2.24620742
25.83000000 0.54141939 2.23845092
25.84000000 0.54253677 2.23072367
25.85000000 0.54367322 2.22302560
25.86000000 0.54482880 2.21535664
25.87000000 0.54600355 2.20771670
25.88000000 0.54719753 2.20010572
25.89000000 0.54841078 2.19252362
25.90000000 0.54964335 2.18497031
25.91000000 0.55089531 2.17744574
25.92000000 0.55216671 2.16994981
25.93000000 0.55345761 2.16248246
25.94000000 0.55476806 2.15504361
25.95000000 0.55609813 2.14763319
25.96000000 0.55744788 2.14025111
25.97000000 0.55881738 2.13289731
25.98000000 0.56020669 2.12557171
25.99000000 0.56161587 2.11827423
26.00000000 0.56304501 2.11100480
26.01000000 0.56449416 2.10376335
26.02000000 0.56596341 2.09654979
26.03000000 0.56745282 2.08936407
26.04000000 0.56896247 2.08220609
26.05000000 0.57049244 2.07507579
26.06000000 0.57204281 2.06797309
26.07000000 0.57361366 2.06089792
26.08000000 0.57520506 2.05385020
26.09000000 0.57681711 2.04682986
26.10000000 0.57844990 2.03983683
26.11000000 0.58010349 2.03287103
26.12000000 0.58177800 2.02593239
26.13000000 0.58347350 2.01902083
26.14000000 0.58519009 2.01213629
26.15000000 0.58692785 2.00527868
26.16000000 0.58868690 1.99844794
26.17000000 0.59046732 1.99164399
26.18000000 0.59226921 1.98486676
26.19000000 0.59409267 1.97811618
26.20000000 0.59593781 1.97139218
26.21000000 0.59780472 1.96469468
26.22000000 0.59969351 1.95802361
26.23000000 0.60160430 1.95137889
26.24000000 0.60353718 1.94476047
26.25000000 0.60549227 1.93816826
26.26000000 0.60746968 1.93160219
26.27000000 0.60946953 1.92506219
26.28000000 0.61149192 1.91854820
26.29000000 0.61353697 1.91206014
26.30000000 0.61560481 1.90559794
26.31000000 0.61769556 1.89916152
26.32000000 0.61980933 1.89275083
26.33000000 0.62194625 1.88636578
26.34000000 0.62410644 1.88000631
26.35000000 0.62629004 1.87367236
26.36000000 0.62849717 1.86736384
26.37000000 0.63072796 1.86108069
26.38000000 0.63298254 1.85482284
26.39000000 0.63526105 1.84859022
26.40000000 0.63756363 1.84238277
26.41000000 0.63989041 1.83620041
26.42000000 0.64224153 1.83004308
26.43000000 0.64461713 1.82391070
26.44000000 0.64701736 1.81780322
26.45000000 0.64944236 1.81172055
26.46000000 0.65189228 1.80566265
26.47000000 0.65436726 1.79962943
26.48000000 0.65686746 1.79362083
26.49000000 0.65939303 1.78763678
26.50000000 0.66194412 1.78167722
26.51000000 0.66452089 1.77574208
26.52000000 0.66712349 1.76983130
26.53000000 0.66975209 1.76394480
26.54000000 0.67240684 1.75808253
26.55000000 0.67508792 1.75224441
26.56000000 0.67779548 1.74643039
26.57000000 0.68052969 1.74064039
26.58000000 0.68329073 1.73487436
26.59000000 0.68607876 1.72913222
26.60000000 0.68889395 1.72341392
26.61000000 0.69173649 1.71771939
26.62000000 0.69460654 1.71204856
26.63000000 0.69750429 1.70640138
26.64000000 0.70042992 1.70077778
26.65000000 0.70338361 1.69517769
26.66000000 0.70636554 1.68960105
26.67000000 0.70937590 1.68404781
26.68000000 0.71241489 1.67851790
26.69000000 0.71548269 1.67301125
26.70000000 0.71857949 1.66752781
26.71000000 0.72170549 1.66206751
26.72000000 0.72486089 1.65663029
26.73000000 0.72804588 1.65121610
26.74000000 0.73126068 1.64582487
26.75000000 0.73450547 1.64045653
26.76000000 0.73778047 1.63511104
26.77000000 0.74108589 1.62978833
26.78000000 0.74442193 1.62448834
26.79000000 0.74778880 1.61921102
26.80000000 0.75118673 1.61395629
26.81000000 0.75461592 1.60872411
26.82000000 0.75807660 1.60351442
26.83000000 0.76156899 1.59832715
26.84000000 0.76509330 1.59316225
26.85000000 0.76864977 1.58801967
26.86000000 0.77223863 1.58289934
26.87000000 0.77586009 1.57780121
26.88000000 0.77951440 1.57272522
26.89000000 0.78320179 1.56767131
26.90000000 0.78692250 1.56263943
26.91000000 0.79067676 1.55762953
26.92000000 0.79446482 1.55264154
26.93000000 0.79828691 1.54767542
26.94000000 0.80214330 1.54273110
26.95000000 0.80603422 1.53780853
26.96000000 0.80995993 1.53290766
26.97000000 0.81392067 1.52802844
26.98000000 0.81791671 1.52317081
26.99000000 0.82194831 1.51833471
27.00000000 0.82601572 1.51352010
27.01000000 0.83011921 1.50872691
27.02000000 0.83425905 1.50395511
27.03000000 0.83843550 1.49920463
27.04000000 0.84264883 1.49447543
27.05000000 0.84689932 1.48976745
27.06000000 0.85118724 1.48508064
27.07000000 0.85551288 1.48041495
27.08000000 0.85987651 1.47577033
27.09000000 0.86427842 1.47114673
27.10000000 0.86871889 1.46654410
27.11000000 0.87319821 1.46196239
27.12000000 0.87771668 1.45740155
27.13000000 0.88227459 1.45286153
27.14000000 0.88687224 1.44834229
27.15000000 0.89150992 1.44384377
27.16000000 0.89618795 1.43936592
27.17000000 0.90090662 1.43490871
27.18000000 0.90566625 1.43047208
27.19000000 0.91046714 1.42605598
27.20000000 0.91530962 1.42166037
27.21000000 0.92019398 1.41728520
27.22000000 0.92512057 1.41293042
27.23000000 0.93008970 1.40859600
27.24000000 0.93510169 1.40428188
27.25000000 0.94015687 1.39998802
27.26000000 0.94525558 1.39571438
27.27000000 0.95039815 1.39146091
27.28000000 0.95558492 1.38722756
27.29000000 0.96081623 1.38301430
27.30000000 0.96609241 1.37882108
27.31000000 0.97141383 1.37464785
27.32000000 0.97678082 1.37049459
27.33000000 0.98219374 1.36636123
27.34000000 0.98765295 1.36224774
27.35000000 0.99315880 1.35815409
27.36000000 0.99871166 1.35408022
27.37000000 1.00431189 1.35002611
27.38000000 1.00995987 1.34599170
27.39000000 1.01565596 1.34197695
27.40000000 1.02140053 1.33798184
27.41000000 1.02719397 1.33400632
27.42000000 1.03303666 1.33005034
27.43000000 1.03892898 1.32611388
27.44000000 1.04487132 1.32219690
27.45000000 1.05086408 1.31829935
27.46000000 1.05690764 1.31442120
27.47000000 1.06300240 1.31056241
27.48000000 1.06914878 1.30672295
27.49000000 1.07534716 1.30290278
27.50000000 1.08159797 1.29910186
27.51000000 1.08790161 1.29532016
27.52000000 1.09425849 1.29155765
27.53000000 1.10066905 1.28781428
27.54000000 1.10713370 1.28409004
27.55000000 1.11365286 1.28038487
27.56000000 1.12022697 1.27669876
27.57000000 1.12685646 1.27303166
27.58000000 1.13354177 1.26938354
27.59000000 1.14028333 1.26575437
27.60000000 1.14708160 1.26214413
27.61000000 1.15393702 1.25855278
27.62000000 1.16085004 1.25498028
27.63000000 1.16782112 1.25142661
27.64000000 1.17485072 1.24789174
27.65000000 1.18193930 1.24437564
27.66000000 1.18908733 1.24087828
27.67000000 1.19629528 1.23739963
27.68000000 1.20356362 1.23393966
27.69000000 1.21089284 1.23049835
27.70000000 1.21828341 1.22707567
27.71000000 1.22573583 1.22367159
27.72000000 1.23325058 1.22028609
27.73000000 1.24082816 1.21691913
27.74000000 1.24846907 1.21357070
27.75000000 1.25617380 1.21024077
27.76000000 1.26394288 1.20692931
27.77000000 1.27177680 1.20363631
27.78000000 1.27967609 1.20036173
27.79000000 1.28764125 1.19710555
27.80000000 1.29567283 1.19386776
27.81000000 1.30377134 1.19064833
27.82000000 1.31193731 1.18744723
27.83000000 1.32017129 1.18426445
27.84000000 1.32847380 1.18109997
27.85000000 1.33684541 1.17795377
27.86000000 1.34528665 1.17482582
27.87000000 1.35379808 1.17171611
27.88000000 1.36238026 1.16862462
27.89000000 1.37103375 1.16555133
27.90000000 1.37975911 1.16249622
27.91000000 1.38855692 1.15945928
27.92000000 1.39742775 1.15644050
27.93000000 1.40637219 1.15343984
27.94000000 1.41539081 1.15045730
27.95000000 1.42448421 1.14749287
27.96000000 1.43365298 1.14454653
27.97000000 1.44289771 1.14161826
27.98000000 1.45221902 1.13870805
27.99000000 1.46161751 1.13581590
28.00000000 1.47109378 1.13294178
28.01000000 1.48064847 1.13008569
28.02000000 1.49028218 1.12724761
28.03000000 1.49999555 1.12442754
28.04000000 1.50978920 1.12162546
28.05000000 1.51966378 1.11884137
28.06000000 1.52961992 1.11607525
28.07000000 1.53965827 1.11332710
28.08000000 1.54977947 1.11059692
28.09000000 1.55998419 1.10788469
28.10000000 1.57027309 1.10519040
28.11000000 1.58064682 1.10251406
28.12000000 1.59110606 1.09985566
28.13000000 1.60165148 1.09721519
28.14000000 1.61228377 1.09459265
28.15000000 1.62300360 1.09198804
28.16000000 1.63381167 1.08940135
28.17000000 1.64470868 1.08683258
28.18000000 1.65569531 1.08428173
28.19000000 1.66677229 1.08174880
28.20000000 1.67794031 1.07923380
28.21000000 1.68920009 1.07673671
28.22000000 1.70055236 1.07425755
28.23000000 1.71199784 1.07179632
28.24000000 1.72353726 1.06935301
28.25000000 1.73517135 1.06692763
28.26000000 1.74690086 1.06452019
28.27000000 1.75872653 1.06213070
28.28000000 1.77064911 1.05975915
28.29000000 1.78266937 1.05740555
28.30000000 1.79478806 1.05506991
28.31000000 1.80700595 1.05275225
28.32000000 1.81932381 1.05045256
28.33000000 1.83174242 1.04817085
28.34000000 1.84426257 1.04590715
28.35000000 1.85688504 1.04366146
28.36000000 1.86961063 1.04143378
28.37000000 1.88244014 1.03922414
28.38000000 1.89537437 1.03703255
28.39000000 1.90841413 1.03485902
28.40000000 1.92156024 1.03270356
28.41000000 1.93481351 1.03056620
28.42000000 1.94817478 1.02844694
28.43000000 1.96164488 1.02634582
28.44000000 1.97522464 1.02426284
28.45000000 1.98891491 1.02219802
28.46000000 2.00271653 1.02015139
28.47000000 2.01663037 1.01812296
28.48000000 2.03065727 1.01611277
28.49000000 2.04479810 1.01412082
28.50000000 2.05905374 1.01214715
28.51000000 2.07342505 1.01019178
28.52000000 2.08791293 1.00825474
28.53000000 2.10251825 1.00633605
28.54000000 2.11724191 1.00443574
28.55000000 2.13208480 1.00255384
28.56000000 2.14704784 1.00069038
28.57000000 2.16213192 0.99884539
28.58000000 2.17733796 0.99701890
28.59000000 2.19266688 0.99521094
28.60000000 2.20811961 0.99342156
28.61000000 2.22369708 0.99165077
28.62000000 2.23940021 0.98989862
28.63000000 2.25522996 0.98816515
28.64000000 2.27118727 0.98645039
28.65000000 2.28727309 0.98475439
28.66000000 2.30348838 0.98307718
28.67000000 2.31983410 0.98141880
28.68000000 2.33631123 0.97977930
28.69000000 2.35292072 0.97815872
28.70000000 2.36966357 0.97655710
28.71000000 2.38654076 0.97497450
28.72000000 2.40355327 0.97341096
28.73000000 2.42070210 0.97186652
28.74000000 2.43798825 0.97034124
28.75000000 2.45541273 0.96883517
28.76000000 2.47297655 0.96734836
28.77000000 2.49068072 0.96588086
28.78000000 2.50852626 0.96443273
28.79000000 2.52651420 0.96300403
28.80000000 2.54464557 0.96159480
28.81000000 2.56292140 0.96020512
28.82000000 2.58134275 0.95883504
28.83000000 2.59991064 0.95748463
28.84000000 2.61862613 0.95615394
28.85000000 2.63749029 0.95484304
28.86000000 2.65650416 0.95355199
28.87000000 2.67566882 0.95228087
28.88000000 2.69498533 0.95102975
28.89000000 2.71445476 0.94979868
28.90000000 2.73407821 0.94858775
28.91000000 2.75385674 0.94739703
28.92000000 2.77379145 0.94622659
28.93000000 2.79388344 0.94507651
28.94000000 2.81413379 0.94394687
28.95000000 2.83454361 0.94283775
28.96000000 2.85511400 0.94174923
28.97000000 2.87584607 0.94068139
28.98000000 2.89674094 0.93963432
28.99000000 2.91779973 0.93860810
29.00000000 2.93902355 0.93760282
29.01000000 2.96041353 0.93661858
29.02000000 2.98197080 0.93565546
29.03000000 3.00369649 0.93471356
29.04000000 3.02559173 0.93379298
29.05000000 3.04765767 0.93289380
29.06000000 3.06989545 0.93201614
29.07000000 3.09230622 0.93116009
29.08000000 3.11489112 0.93032576
29.09000000 3.13765130 0.92951325
29.10000000 3.16058792 0.92872267
29.11000000 3.18370214 0.92795412
29.12000000 3.20699512 0.92720773
29.13000000 3.23046802 0.92648360
29.14000000 3.25412200 0.92578185
29.15000000 3.27795824 0.92510260
29.16000000 3.30197789 0.92444597
29.17000000 3.32618214 0.92381207
29.18000000 3.35057215 0.92320105
29.19000000 3.37514910 0.92261301
29.20000000 3.39991417 0.92204810
29.21000000 3.42486853 0.92150644
29.22000000 3.45001337 0.92098817
29.23000000 3.47534985 0.92049342
29.24000000 3.50087916 0.92002234
29.25000000 3.52660249 0.91957507
29.26000000 3.55252101 0.91915174
29.27000000 3.57863590 0.91875251
29.28000000 3.60494834 0.91837753
29.29000000 3.63145953 0.91802695
29.30000000 3.65817062 0.91770093
29.31000000 3.68508282 0.91739961
29.32000000 3.71219729 0.91712317
29.33000000 3.73951522 0.91687177
29.34000000 3.76703777 0.91664556
29.35000000 3.79476613 0.91644473
29.36000000 3.82270147 0.91626945
29.37000000 3.85084496 0.91611989
29.38000000 3.87919776 0.91599622
29.39000000 3.90776105 0.91589864
29.40000000 3.93653599 0.91582732
29.41000000 3.96552373 0.91578246
29.42000000 3.99472544 0.91576424
29.43000000 4.02414226 0.91577286
29.44000000 4.05377535 0.91580853
29.45000000 4.08362584 0.91587143
29.46000000 4.11369488 0.91596178
29.47000000 4.14398361 0.91607978
29.48000000 4.17449314 0.91622565
29.49000000 4.20522461 0.91639960
29.50000000 4.23617913 0.91660186
29.51000000 4.26735780 0.91683264
29.52000000 4.29876174 0.91709218
29.53000000 4.33039204 0.91738070
29.54000000 4.36224978 0.91769845
29.55000000 4.39433605 0.91804566
29.56000000 4.42665192 0.91842257
29.57000000 4.45919845 0.91882943
29.58000000 4.49197670 0.91926650
29.59000000 4.52498770 0.91973403
29.60000000 4.55823249 0.92023229
29.61000000 4.59171209 0.92076153
29.62000000 4.62542751 0.92132203
29.63000000 4.65937976 0.92191406
29.64000000 4.69356981 0.92253791
29.65000000 4.72799865 0.92319385
29.66000000 4.76266723 0.92388217
29.67000000 4.79757649 0.92460317
29.68000000 4.83272738 0.92535716
29.69000000 4.86812081 0.92614442
29.70000000 4.90375767 0.92696527
29.71000000 4.93963886 0.92782003
29.72000000 4.97576525 0.92870901
29.73000000 5.01213768 0.92963254
29.74000000 5.04875698 0.93059095
29.75000000 5.08562398 0.93158458
29.76000000 5.12273946 0.93261377
29.77000000 5.16010420 0.93367886
29.78000000 5.19771896 0.93478022
29.79000000 5.23558446 0.93591819
29.80000000 5.27370142 0.93709315
29.81000000 5.31207052 0.93830547
29.82000000 5.35069243 0.93955552
29.83000000 5.38956778 0.94084370
29.84000000 5.42869719 0.94217039
29.85000000 5.46808125 0.94353599
29.86000000 5.50772051 0.94494090
29.87000000 5.54761551 0.94638554
29.88000000 5.58776675 0.94787032
29.89000000 5.62817470 0.94939568
29.90000000 5.66883982 0.95096203
29.91000000 5.70976250 0.95256983
29.92000000 5.75094313 0.95421952
29.93000000 5.79238206 0.95591155
29.94000000 5.83407960 0.95764639
29.95000000 5.87603602 0.95942451
29.96000000 5.91825156 0.96124638
29.97000000 5.96072643 0.96311250
29.98000000 6.00346079 0.96502335
29.99000000 6.04645476 0.96697944
30.00000000 6.08970844 0.96898128
30.01000000 6.13322185 0.97102939
30.02000000 6.17699500 0.97312430
30.03000000 6.22102784 0.97526654
30.04000000 6.26532029 0.97745667
30.05000000 6.30987220 0.97969524
30.06000000 6.35468340 0.98198280
30.07000000 6.39975363 0.98431995
30.08000000 6.44508263 0.98670725
30.09000000 6.49067005 0.98914531
30.10000000 6.53651551 0.99163472
30.11000000 6.58261855 0.99417611
30.12000000 6.62897868 0.99677009
30.13000000 6.67559534 0.99941729
30.14000000 6.72246792 1.00211838
30.15000000 6.76959573 1.00487398
30.16000000 6.81697804 1.00768479
30.17000000 6.86461405 1.01055146
30.18000000 6.91250289 1.01347470
30.19000000 6.96064362 1.01645520
30.20000000 7.00903524 1.01949366
30.21000000 7.05767669 1.02259082
30.22000000 7.10656681 1.02574741
30.23000000 7.15570440 1.02896418
30.24000000 7.20508816 1.03224188
30.25000000 7.25471672 1.03558129
30.26000000 7.30458864 1.03898319
30.27000000 7.35470239 1.04244838
30.28000000 7.40505636 1.04597767
30.29000000 7.45564886 1.04957189
30.30000000 7.50647811 1.05323186
30.31000000 7.55754225 1.05695844
30.32000000 7.60883931 1.06075250
30.33000000 7.66036725 1.06461491
30.34000000 7.71212393 1.06854656
30.35000000 7.76410711 1.07254837
30.36000000 7.81631445 1.07662124
30.37000000 7.86874352 1.08076613
30.38000000 7.92139177 1.08498398
30.39000000 7.97425657 1.08927575
30.40000000 8.02733517 1.09364243
30.41000000 8.08062470 1.09808501
30.42000000 8.13412220 1.10260452
30.43000000 8.18782458 1.10720196
30.44000000 8.24172865 1.11187840
30.45000000 8.29583109 1.11663489
30.46000000 8.35012845 1.12147251
30.47000000 8.40461719 1.12639236
30.48000000 8.45929361 1.13139554
30.49000000 8.51415390 1.13648319
30.50000000 8.56919412 1.14165645
30.51000000 8.62441018 1.14691648
30.52000000 8.67979789 1.15226447
30.53000000 8.73535288 1.15770161
30.54000000 8.79107067 1.16322913
30.55000000 8.84694663 1.16884825
30.56000000 8.90297598 1.17456024
30.57000000 8.95915378 1.18036636
30.58000000 9.01547497 1.18626791
30.59000000 9.07193431 1.19226620
30.60000000 9.12852642 1.19836255
30.61000000 9.18524575 1.20455832
30.62000000 9.24208658 1.21085487
30.63000000 9.29904306 1.21725359
30.64000000 9.35610914 1.22375590
30.65000000 9.41327862 1.23036321
30.66000000 9.47054510 1.23707698
30.67000000 9.52790205 1.24389868
30.68000000 9.58534271 1.25082978
30.69000000 9.64286019 1.25787181
30.70000000 9.70044739 1.26502629
30.71000000 9.75809701 1.27229476
30.72000000 9.81580159 1.27967881
30.73000000 9.87355347 1.28718001
30.74000000 9.93134479 1.29479999
30.75000000 9.98916750 1.30254037
30.76000000 10.04701334 1.31040281
30.77000000 10.10487387 1.31838898
30.78000000 10.16274041 1.32650057
30.79000000 10.22060412 1.33473931
30.80000000 10.27845591 1.34310692
30.81000000 10.33628649 1.35160517
30.82000000 10.39408638 1.36023584
30.83000000 10.45184585 1.36900071
30.84000000 10.50955497 1.37790161
30.85000000 10.56720357 1.38694038
30.86000000 10.62478130 1.39611887
30.87000000 10.68227753 1.40543897
30.88000000 10.73968144 1.41490257
30.89000000 10.79698197 1.42451160
30.90000000 10.85416783 1.43426798
30.91000000 10.91122750 1.44417368
30.92000000 10.96814922 1.45423067
30.93000000 11.02492100 1.46444094
30.94000000 11.08153060 1.47480651
30.95000000 11.13796557 1.48532939
30.96000000 11.19421319 1.49601165
30.97000000 11.25026051 1.50685534
30.98000000 11.30609436 1.51786253
30.99000000 11.36170130 1.52903533
31.00000000 11.41706765 1.54037584
31.01000000 11.47217951 1.55188619
31.02000000 11.52702270 1.56356850
31.03000000 11.58158285 1.57542494
31.04000000 11.63584529 1.58745765
31.05000000 11.68979515 1.59966882
31.06000000 11.74341729 1.61206063
31.07000000 11.79669636 1.62463527
31.08000000 11.84961674 1.63739494
31.09000000 11.90216259 1.65034185
31.10000000 11.95431782 1.66347822
31.11000000 12.00606612 1.67680626
31.12000000 12.05739095 1.69032821
31.13000000 12.10827551 1.70404628
31.14000000 12.15870281 1.71796270
31.15000000 12.20865561 1.73207971
31.16000000 12.25811646 1.74639954
31.17000000 12.30706769 1.76092440
31.18000000 12.35549142 1.77565651
31.19000000 12.40336957 1.79059810
31.20000000 12.45068382 1.80575136
31.21000000 12.49741570 1.82111850
31.22000000 12.54354651 1.83670169
31.23000000 12.58905738 1.85250311
31.24000000 12.63392925 1.86852492
31.25000000 12.67814289 1.88476924
31.26000000 12.72167891 1.90123821
31.27000000 12.76451774 1.91793392
31.28000000 12.80663969 1.93485843
31.29000000 12.84802490 1.95201380
31.30000000 12.88865338 1.96940203
31.31000000 12.92850503 1.98702512
31.32000000 12.96755962 2.00488500
31.33000000 13.00579682 2.02298360
31.34000000 13.04319622 2.04132278
31.35000000 13.07973730 2.05990436
31.36000000 13.11539951 2.07873014
31.37000000 13.15016220 2.09780185
31.38000000 13.18400470 2.11712115
31.39000000 13.21690631 2.13668968
31.40000000 13.24884631 2.15650900
31.41000000 13.27980398 2.17658061
31.42000000 13.30975859 2.19690595
31.43000000 13.33868947 2.21748638
31.44000000 13.36657599 2.23832320
31.45000000 13.39339756 2.25941762
31.46000000 13.41913369 2.28077078
31.47000000 13.44376398 2.30238373
31.48000000 13.46726813 2.32425742
31.49000000 13.48962600 2.34639274
31.50000000 13.51081758 2.36879044
31.51000000 13.53082304 2.39145121
31.52000000 13.54962275 2.41437561
31.53000000 13.56719728 2.43756410
31.54000000 13.58352743 2.46101702
31.55000000 13.59859427 2.48473460
31.56000000 13.61237915 2.50871695
31.57000000 13.62486370 2.53296405
31.58000000 13.63602987 2.55747575
31.59000000 13.64585999 2.58225176
31.60000000 13.65433671 2.60729166
31.61000000 13.66144311 2.63259489
31.62000000 13.66716267 2.65816073
31.63000000 13.67147929 2.68398832
31.64000000 13.67437736 2.71007664
31.65000000 13.67584174 2.73642451
31.66000000 13.67585782 2.76303058
31.67000000 13.67441150 2.78989336
31.68000000 13.67148926 2.81701115
31.69000000 13.66707815 2.84438210
31.70000000 13.66116583 2.87200417
31.71000000 13.65374060 2.89987514
31.72000000 13.64479141 2.92799262
31.73000000 13.63430788 2.95635400
31.74000000 13.62228035 2.98495651
31.75000000 13.60869988 3.01379715
31.76000000 13.59355826 3.04287276
31.77000000 13.57684807 3.07217995
31.78000000 13.55856268 3.10171513
31.79000000 13.53869625 3.13147453
31.80000000 13.51724381 3.16145413
31.81000000 13.49420121 3.19164975
31.82000000 13.46956518 3.22205696
31.83000000 13.44333335 3.25267113
31.84000000 13.41550424 3.28348742
31.85000000 13.38607730 3.31450079
31.86000000 13.35505292 3.34570595
31.87000000 13.32243243 3.37709744
31.88000000 13.28821814 3.40866954
31.89000000 13.25241333 3.44041636
31.90000000 13.21502227 3.47233177
31.91000000 13.17605021 3.50440945
31.92000000 13.13550343 3.53664283
31.93000000 13.09338921 3.56902519
31.94000000 13.04971584 3.60154955
31.95000000 13.00449265 3.63420877
31.96000000 12.95772997 3.66699548
31.97000000 12.90943917 3.69990213
31.98000000 12.85963264 3.73292097
31.99000000 12.80832379 3.76604407
32.00000000 12.75552705 3.79926330
32.01000000 12.70125785 3.83257038
32.02000000 12.64553265 3.86595682
32.03000000 12.58836888 3.89941398
32.04000000 12.52978498 3.93293307
32.05000000 12.46980033 3.96650512
32.06000000 12.40843532 4.00012102
32.07000000 12.34571123 4.03377153
32.08000000 12.28165030 4.06744725
32.09000000 12.21627568 4.10113869
32.10000000 12.14961139 4.13483620
32.11000000 12.08168235 4.16853004
32.12000000 12.01251428 4.20221037
32.13000000 11.94213375 4.23586725
32.14000000 11.87056812 4.26949067
32.15000000 11.79784551 4.30307051
32.16000000 11.72399477 4.33659663
32.17000000 11.64904548 4.37005880
32.18000000 11.57302785 4.40344676
32.19000000 11.49597279 4.43675021
32.20000000 11.41791177 4.46995883
32.21000000 11.33887686 4.50306228
32.22000000 11.25890067 4.53605022
32.23000000 11.17801628 4.56891231
32.24000000 11.09625728 4.60163824
32.25000000 11.01365765 4.63421771
32.26000000 10.93025177 4.66664046
32.27000000 10.84607437 4.69889630
32.28000000 10.76116050 4.73097508
32.29000000 10.67554546 4.76286672
32.30000000 10.58926478 4.79456123
32.31000000 10.50235419 4.82604870
32.32000000 10.41484957 4.85731933
32.33000000 10.32678689 4.88836344
32.34000000 10.23820220 4.91917143
32.35000000 10.14913159 4.94973388
32.36000000 10.05961111 4.98004149
32.37000000 9.96967678 5.01008509
32.38000000 9.87936452 5.03985569
32.39000000 9.78871013 5.06934447
32.40000000 9.69774924 5.09854277
32.41000000 9.60651727 5.12744211
32.42000000 9.51504942 5.15603423
32.43000000 9.42338059 5.18431102
32.44000000 9.33154538 5.21226462
32.45000000 9.23957808 5.23988735
32.46000000 9.14751255 5.26717177
32.47000000 9.05538228 5.29411064
32.48000000 8.96322033 5.32069698
32.49000000 8.87105928 5.34692401
32.50000000 8.77893121 5.37278521
32.51000000 8.68686770 5.39827430
32.52000000 8.59489979 5.42338524
32.53000000 8.50305794 5.44811224
32.54000000 8.41137201 5.47244977
32.55000000 8.31987129 5.49639254
32.56000000 8.22858439 5.51993555
32.57000000 8.13753932 5.54307403
32.58000000 8.04676339 5.56580347
32.59000000 7.95628325 5.58811964
32.60000000 7.86612485 5.61001855
32.61000000 7.77631344 5.63149651
32.62000000 7.68687355 5.65255004
32.63000000 7.59782898 5.67317596
32.64000000 7.50920279 5.69337134
32.65000000 7.42101732 5.71313350
32.66000000 7.33329414 5.73246003
32.67000000 7.24605408 5.75134877
32.68000000 7.15931722 5.76979782
32.69000000 7.07310287 5.78780551
32.70000000 6.98742959 5.80537043
32.71000000 6.90231519 5.82249143
32.72000000 6.81777671 5.83916757
32.73000000 6.73383046 5.85539818
32.74000000 6.65049197 5.87118279
32.75000000 6.56777606 5.88652119
32.76000000 6.48569679 5.90141337
32.77000000 6.40426749 5.91585955
32.78000000 6.32350078 5.92986017
32.79000000 6.24340855 5.94341587
32.80000000 6.16400200 5.95652750
32.81000000 6.08529160 5.96919612
32.82000000 6.00728717 5.98142298
32.83000000 5.92999785 5.99320950
32.84000000 5.85343208 6.00455731
32.85000000 5.77759770 6.01546821
32.86000000 5.70250188 6.02594416
32.87000000 5.62815116 6.03598731
32.88000000 5.55455149 6.04559995
32.89000000 5.48170821 6.05478455
32.90000000 5.40962606 6.06354369
32.91000000 5.33830925 6.07188015
32.92000000 5.26776139 6.07979679
32.93000000 5.19798559 6.08729664
32.94000000 5.12898441 6.09438284
32.95000000 5.06075989 6.10105867
32.96000000 4.99331362 6.10732751
32.97000000 4.92664666 6.11319284
32.98000000 4.86075965 6.11865826
32.99000000 4.79565274 6.12372747
33.00000000 4.73132569 6.12840426
33.01000000 4.66777780 6.13269250
33.02000000 4.60500801 6.13659614
33.03000000 4.54301483 6.14011923
33.04000000 4.48179644 6.14326588
33.05000000 4.42135062 6.14604024
33.06000000 4.36167486 6.14844657
33.07000000 4.30276626 6.15048916
33.08000000 4.24462166 6.15217235
33.09000000 4.18723758 6.15350054
33.10000000 4.13061024 6.15447817
33.11000000 4.07473561 6.15510972
33.12000000 4.01960939 6.15539969
33.13000000 3.96522704 6.15535264
33.14000000 3.91158379 6.15497314
33.15000000 3.85867464 6.15426578
33.16000000 3.80649439 6.15323518
33.17000000 3.75503765 6.15188596
33.18000000 3.70429882 6.15022276
33.19000000 3.65427217 6.14825025
33.20000000 3.60495178 6.14597307
33.21000000 3.55633157 6.14339589
33.22000000 3.50840536 6.14052337
33.23000000 3.46116680 6.13736015
33.24000000 3.41460944 6.13391089
33.25000000 3.36872672 6.13018022
33.26000000 3.32351198 6.12617279
33.27000000 3.27895845 6.12189320
33.28000000 3.23505930 6.11734604
33.29000000 3.19180762 6.11253590
33.30000000 3.14919642 6.10746735
33.31000000 3.10721867 6.10214490
33.32000000 3.06586727 6.09657308
33.33000000 3.02513509 6.09075638
33.34000000 2.98501496 6.08469924
33.35000000 2.94549967 6.07840609
33.36000000 2.90658200 6.07188133
33.37000000 2.86825469 6.06512933
33.38000000 2.83051049 6.05815441
33.39000000 2.79334214 6.05096086
33.40000000 2.75674237 6.04355294
33.41000000 2.72070391 6.03593487
33.42000000 2.68521950 6.02811083
33.43000000 2.65028192 6.02008496
33.44000000 2.61588392 6.01186136
33.45000000 2.58201831 6.00344408
33.46000000 2.54867792 5.99483714
33.47000000 2.51585558 5.98604451
33.48000000 2.48354419 5.97707013
33.49000000 2.45173666 5.96791788
33.50000000 2.42042595 5.95859159
33.51000000 2.38960506 5.94909506
33.52000000 2.35926705 5.93943204
33.53000000 2.32940499 5.92960624
33.54000000 2.30001204 5.91962132
33.55000000 2.27108140 5.90948087
33.56000000 2.24260630 5.89918847
33.57000000 2.21458006 5.88874764
33.58000000 2.18699603 5.87816185
33.59000000 2.15984765 5.86743451
33.60000000 2.13312840 5.85656902
33.61000000 2.10683183 5.84556869
33.62000000 2.08095154 5.83443682
33.63000000 2.05548122 5.82317663
33.64000000 2.03041461 5.81179132
33.65000000 2.00574552 5.80028403
33.66000000 1.98146784 5.78865786
33.67000000 1.95757550 5.77691585
33.68000000 1.93406252 5.76506102
33.69000000 1.91092301 5.75309632
33.70000000 1.88815110 5.74102466
33.71000000 1.86574104 5.72884892
33.72000000 1.84368713 5.71657190
33.73000000 1.82198374 5.70419640
33.74000000 1.80062531 5.69172514
33.75000000 1.77960636 5.67916082
33.76000000 1.75892149 5.66650607
33.77000000 1.73856535 5.65376351
33.78000000 1.71853269 5.64093568
33.79000000 1.69881829 5.62802512
33.80000000 1.67941706 5.61503428
33.81000000 1.66032392 5.60196562
33.82000000 1.64153392 5.58882151
33.83000000 1.62304212 5.57560430
33.84000000 1.60484372 5.56231632
33.85000000 1.58693392 5.54895982
33.86000000 1.56930805 5.53553704
33.87000000 1.55196147 5.52205017
33.88000000 1.53488962 5.50850137
33.89000000 1.51808802 5.49489274
33.90000000 1.50155225 5.48122637
33.91000000 1.48527795 5.46750430
33.92000000 1.46926084 5.45372853
33.93000000 1.45349669 5.43990102
33.94000000 1.43798137 5.42602371
33.95000000 1.42271076 5.41209850
33.96000000 1.40768086 5.39812724
33.97000000 1.39288771 5.38411177
33.98000000 1.37832740 5.37005387
33.99000000 1.36399611 5.35595530
34.00000000 1.34989005 5.34181780
34.01000000 1.33600553 5.32764305
34.02000000 1.32233888 5.31343272
34.03000000 1.30888653 5.29918845
34.04000000 1.29564493 5.28491182
34.05000000 1.28261061 5.27060441
34.06000000 1.26978017 5.25626776
34.07000000 1.25715023 5.24190337
34.08000000 1.24471750 5.22751274
34.09000000 1.23247873 5.21309730
34.10000000 1.22043072 5.19865849
34.11000000 1.20857035 5.18419770
34.12000000 1.19689451 5.16971630
34.13000000 1.18540018 5.15521562
34.14000000 1.17408438 5.14069699
34.15000000 1.16294417 5.12616170
34.16000000 1.15197668 5.11161100
34.17000000 1.14117907 5.09704613
34.18000000 1.13054856 5.08246831
34.19000000 1.12008242 5.06787873
34.20000000 1.10977795 5.05327855
34.21000000 1.09963252 5.03866891
34.22000000 1.08964354 5.02405094
34.23000000 1.07980844 5.00942572
34.24000000 1.07012473 4.99479433
34.25000000 1.06058995 4.98015781
34.26000000 1.05120167 4.96551721
34.27000000 1.04195752 4.95087353
34.28000000 1.03285517 4.93622775
34.29000000 1.02389231 4.92158084
34.30000000 1.01506670 4.90693375
34.31000000 1.00637613 4.89228741
34.32000000 0.99781841 4.87764272
34.33000000 0.98939141 4.86300056
34.34000000 0.98109304 4.84836182
34.35000000 0.97292122 4.83372734
34.36000000 0.96487395 4.81909795
34.37000000 0.95694922 4.80447447
34.38000000 0.94914508 4.78985769
34.39000000 0.94145962 4.77524840
34.40000000 0.93389094 4.76064736
34.41000000 0.92643720 4.74605532
34.42000000 0.91909658 4.73147301
34.43000000 0.91186729 4.71690113
34.44000000 0.90474758 4.70234040
34.45000000 0.89773572 4.68779150
34.46000000 0.89083002 4.67325509
34.47000000 0.88402882 4.65873182
34.48000000 0.87733049 4.64422235
34.49000000 0.87073342 4.62972729
34.50000000 0.86423604 4.61524725
34.51000000 0.85783680 4.60078283
34.52000000 0.85153418 4.58633462
34.53000000 0.84532669 4.57190318
34.54000000 0.83921287 4.55748908
34.55000000 0.83319127 4.54309286
34.56000000 0.82726049 4.52871505
34.57000000 0.82141913 4.51435616
34.58000000 0.81566583 4.50001672
34.59000000 0.80999926 4.48569721
34.60000000 0.80441809 4.47139813
34.61000000 0.79892104 4.45711993
34.62000000 0.79350684 4.44286309
34.63000000 0.78817424 4.42862806
34.64000000 0.78292202 4.41441527
34.65000000 0.77774899 4.40022516
34.66000000 0.77265395 4.38605815
34.67000000 0.76763575 4.37191464
34.68000000 0.76269325 4.35779504
34.69000000 0.75782534 4.34369973
34.70000000 0.75303092 4.32962910
34.71000000 0.74830891 4.31558351
34.72000000 0.74365825 4.30156333
34.73000000 0.73907790 4.28756891
34.74000000 0.73456685 4.27360059
34.75000000 0.73012408 4.25965870
34.76000000 0.72574862 4.24574358
34.77000000 0.72143949 4.23185555
34.78000000 0.71719575 4.21799490
34.79000000 0.71301647 4.20416194
34.80000000 0.70890072 4.19035697
34.81000000 0.70484761 4.17658027
34.82000000 0.70085625 4.16283213
34.83000000 0.69692578 4.14911280
34.84000000 0.69305535 4.13542256
34.85000000 0.68924411 4.12176166
34.86000000 0.68549125 4.10813035
34.87000000 0.68179595 4.09452887
34.88000000 0.67815743 4.08095746
34.89000000 0.67457491 4.06741635
34.90000000 0.67104761 4.05390576
34.91000000 0.66757479 4.04042590
34.92000000 0.66415572 4.02697699
34.93000000 0.66078966 4.01355923
34.94000000 0.65747591 4.00017282
34.95000000 0.65421376 3.98681795
34.96000000 0.65100254 3.97349480
34.97000000 0.64784156 3.96020356
34.98000000 0.64473016 3.94694440
34.99000000 0.64166769 3.93371749
35.00000000 0.63865352 3.92052299
35.01000000 0.63568701 3.90736106
35.02000000 0.63276756 3.89423187
35.03000000 0.62989455 3.88113555
35.04000000 0.62706740 3.86807224
35.05000000 0.62428551 3.85504210
35.06000000 0.62154831 3.84204524
35.07000000 0.61885525 3.82908181
35.08000000 0.61620577 3.81615192
35.09000000 0.61359932 3.80325570
35.10000000 0.61103537 3.79039327
35.11000000 0.60851341 3.77756472
35.12000000 0.60603291 3.76477018
35.13000000 0.60359337 3.75200975
35.14000000 0.60119429 3.73928351
35.15000000 0.59883520 3.72659158
35.16000000 0.59651560 3.71393404
35.17000000 0.59423503 3.70131098
35.18000000 0.59199303 3.68872248
35.19000000 0.58978914 3.67616862
35.20000000 0.58762293 3.66364948
35.21000000 0.58549394 3.65116513
35.22000000 0.58340177 3.63871565
35.23000000 0.58134598 3.62630110
35.24000000 0.57932616 3.61392153
35.25000000 0.57734191 3.60157702
35.26000000 0.57539282 3.58926762
35.27000000 0.57347851 3.57699338
35.28000000 0.57159859 3.56475435
35.29000000 0.56975268 3.55255057
35.30000000 0.56794042 3.54038211
35.31000000 0.56616145 3.52824898
35.32000000 0.56441539 3.51615124
35.33000000 0.56270191 3.50408893
35.34000000 0.56102066 3.49206206
35.35000000 0.55937130 3.48007068
35.36000000 0.55775350 3.46811481
35.37000000 0.55616694 3.45619447
35.38000000 0.55461130 3.44430970
35.39000000 0.55308627 3.43246051
35.40000000 0.55159153 3.42064691
35.41000000 0.55012678 3.40886894
35.42000000 0.54869174 3.39712659
35.43000000 0.54728610 3.38541988
35.44000000 0.54590959 3.37374882
35.45000000 0.54456192 3.36211341
35.46000000 0.54324283 3.35051367
35.47000000 0.54195204 3.33894959
35.48000000 0.54068928 3.32742117
35.49000000 0.53945431 3.31592842
35.50000000 0.53824686 3.30447133
35.51000000 0.53706669 3.29304989
35.52000000 0.53591355 3.28166410
35.53000000 0.53478720 3.27031395
35.54000000 0.53368741 3.25899943
35.55000000 0.53261395 3.24772053
35.56000000 0.53156659 3.23647722
35.57000000 0.53054512 3.22526951
35.58000000 0.52954931 3.21409736
35.59000000 0.52857895 3.20296077
35.60000000 0.52763383 3.19185971
35.61000000 0.52671376 3.18079415
35.62000000 0.52581853 3.16976408
35.63000000 0.52494794 3.15876947
35.64000000 0.52410180 3.14781029
35.65000000 0.52327993 3.13688652
35.66000000 0.52248214 3.12599813
35.67000000 0.52170825 3.11514509
35.68000000 0.52095809 3.10432735
35.69000000 0.52023148 3.09354490
35.70000000 0.51952825 3.08279770
35.71000000 0.51884824 3.07208571
35.72000000 0.51819129 3.06140890
35.73000000 0.51755723 3.05076722
35.74000000 0.51694592 3.04016064
35.75000000 0.51635721 3.02958912
35.76000000 0.51579093 3.01905261
35.77000000 0.51524696 3.00855108
35.78000000 0.51472514 2.99808448
35.79000000 0.51422535 2.98765277
35.80000000 0.51374744 2.97725590
35.81000000 0.51329129 2.96689382
35.82000000 0.51285676 2.95656649
35.83000000 0.51244374 2.94627386
35.84000000 0.51205209 2.93601589
35.85000000 0.51168170 2.92579251
35.86000000 0.51133245 2.91560368
35.87000000 0.51100423 2.90544935
35.88000000 0.51069693 2.89532946
35.89000000 0.51041044 2.88524396
35.90000000 0.51014466 2.87519281
35.91000000 0.50989948 2.86517593
35.92000000 0.50967480 2.85519328
35.93000000 0.50947053 2.84524481
35.94000000 0.50928658 2.83533044
35.95000000 0.50912284 2.82545014
35.96000000 0.50897924 2.81560382
35.97000000 0.50885568 2.80579145
35.98000000 0.50875209 2.79601296
35.99000000 0.50866838 2.78626828
36.00000000 0.50860448 2.77655737
36.01000000 0.50856030 2.76688014
36.02000000 0.50853578 2.75723655
36.03000000 0.50853084 2.74762654
36.04000000 0.50854541 2.73805003
36.05000000 0.50857943 2.72850696
36.06000000 0.50863284 2.71899727
36.07000000 0.50870557 2.70952090
36.08000000 0.50879755 2.70007778
36.09000000 0.50890875 2.69066784
36.10000000 0.50903909 2.68129103
36.11000000 0.50918854 2.67194726
36.12000000 0.50935703 2.66263648
36.13000000 0.50954451 2.65335861
36.14000000 0.50975096 2.64411359
36.15000000 0.50997631 2.63490136
36.16000000 0.51022052 2.62572183
36.17000000 0.51048357 2.61657495
36.18000000 0.51076540 2.60746065
36.19000000 0.51106599 2.59837885
36.20000000 0.51138530 2.58932948
36.21000000 0.51172329 2.58031248
36.22000000 0.51207995 2.57132777
36.23000000 0.51245524 2.56237528
36.24000000 0.51284914 2.55345495
36.25000000 0.51326162 2.54456669
36.26000000 0.51369266 2.53571045
36.27000000 0.51414224 2.52688614
36.28000000 0.51461035 2.51809369
36.29000000 0.51509697 2.50933304
36.30000000 0.51560208 2.50060410
36.31000000 0.51612568 2.49190681
36.32000000 0.51666775 2.48324110
36.33000000 0.51722828 2.47460688
36.34000000 0.51780727 2.46600409
36.35000000 0.51840472 2.45743265
36.36000000 0.51902062 2.44889249
36.37000000 0.51965497 2.44038354
36.38000000 0.52030777 2.43190572
36.39000000 0.52097903 2.42345895
36.40000000 0.52166874 2.41504316
36.41000000 0.52237692 2.40665828
36.42000000 0.52310357 2.39830424
36.43000000 0.52384871 2.38998095
36.44000000 0.52461234 2.38168834
36.45000000 0.52539448 2.37342634
36.46000000 0.52619515 2.36519488
36.47000000 0.52701435 2.35699387
36.48000000 0.52785211 2.34882324
36.49000000 0.52870845 2.34068292
36.50000000 0.52958339 2.33257283
36.51000000 0.53047696 2.32449289
36.52000000 0.53138918 2.31644304
36.53000000 0.53232007 2.30842319
36.54000000 0.53326967 2.30043327
36.55000000 0.53423800 2.29247320
36.56000000 0.53522510 2.28454291
36.57000000 0.53623101 2.27664232
36.58000000 0.53725575 2.26877136
36.59000000 0.53829936 2.26092995
36.60000000 0.53936189 2.25311801
36.61000000 0.54044337 2.24533547
36.62000000 0.54154385 2.23758225
36.63000000 0.54266336 2.22985828
36.64000000 0.54380196 2.22216349
36.65000000 0.54495968 2.21449778
36.66000000 0.54613659 2.20686110
36.67000000 0.54733272 2.19925337
36.68000000 0.54854814 2.19167450
36.69000000 0.54978289 2.18412442
36.70000000 0.55103703 2.17660307
36.71000000 0.55231061 2.16911035
36.72000000 0.55360370 2.16164620
36.73000000 0.55491635 2.15421055
36.74000000 0.55624863 2.14680331
36.75000000 0.55760059 2.13942441
36.76000000 0.55897231 2.13207377
36.77000000 0.56036384 2.12475133
36.78000000 0.56177526 2.11745701
36.79000000 0.56320664 2.11019072
36.80000000 0.56465805 2.10295240
36.81000000 0.56612955 2.09574198
36.82000000 0.56762123 2.08855937
36.83000000 0.56913316 2.08140450
36.84000000 0.57066542 2.07427730
36.85000000 0.57221808 2.06717769
36.86000000 0.57379123 2.06010560
36.87000000 0.57538495 2.05306096
36.88000000 0.57699932 2.04604369
36.89000000 0.57863444 2.03905372
36.90000000 0.58029038 2.03209097
36.91000000 0.58196723 2.02515537
36.92000000 0.58366509 2.01824685
36.93000000 0.58538405 2.01136533
36.94000000 0.58712420 2.00451075
36.95000000 0.58888564 1.99768302
36.96000000 0.59066847 1.99088207
36.97000000 0.59247277 1.98410784
36.98000000 0.59429866 1.97736025
36.99000000 0.59614624 1.97063922
37.00000000 0.59801560 1.96394469
37.01000000 0.59990686 1.95727658
37.02000000 0.60182012 1.95063482
37.03000000 0.60375549 1.94401934
37.04000000 0.60571308 1.93743006
37.05000000 0.60769300 1.93086693
37.06000000 0.60969537 1.92432985
37.07000000 0.61172030 1.91781877
37.08000000 0.61376790 1.91133362
37.09000000 0.61583831 1.90487431
37.10000000 0.61793163 1.89844079
37.11000000 0.62004799 1.89203297
37.12000000 0.62218752 1.88565080
37.13000000 0.62435033 1.87929420
37.14000000 0.62653656 1.87296310
37.15000000 0.62874634 1.86665743
37.16000000 0.63097980 1.86037713
37.17000000 0.63323706 1.85412211
37.18000000 0.63551827 1.84789232
37.19000000 0.63782355 1.84168769
37.20000000 0.64015306 1.83550814
37.21000000 0.64250692 1.82935362
37.22000000 0.64488528 1.82322404
37.23000000 0.64728828 1.81711934
37.24000000 0.64971607 1.81103946
37.25000000 0.65216879 1.80498433
37.26000000 0.65464659 1.79895387
37.27000000 0.65714963 1.79294803
37.28000000 0.65967806 1.78696674
37.29000000 0.66223202 1.78100992
37.30000000 0.66481168 1.77507752
37.31000000 0.66741719 1.76916946
37.32000000 0.67004872 1.76328569
37.33000000 0.67270642 1.75742613
37.34000000 0.67539046 1.75159072
37.35000000 0.67810100 1.74577940
37.36000000 0.68083822 1.73999209
37.37000000 0.68360228 1.73422875
37.38000000 0.68639334 1.72848929
37.39000000 0.68921160 1.72277366
37.40000000 0.69205721 1.71708179
37.41000000 0.69493037 1.71141362
37.42000000 0.69783124 1.70576909
37.43000000 0.70076000 1.70014812
37.44000000 0.70371685 1.69455067
37.45000000 0.70670196 1.68897667
37.46000000 0.70971553 1.68342604
37.47000000 0.71275774 1.67789874
37.48000000 0.71582878 1.67239470
37.49000000 0.71892885 1.66691386
37.50000000 0.72205814 1.66145616
37.51000000 0.72521685 1.65602153
37.52000000 0.72840518 1.65060991
37.53000000 0.73162333 1.64522125
37.54000000 0.73487151 1.63985549
37.55000000 0.73814991 1.63451256
37.56000000 0.74145875 1.62919240
37.57000000 0.74479824 1.62389496
37.58000000 0.74816859 1.61862017
37.59000000 0.75157002 1.61336798
37.60000000 0.75500273 1.60813832
37.61000000 0.75846696 1.60293115
37.62000000 0.76196292 1.59774639
37.63000000 0.76549083 1.59258400
37.64000000 0.76905092 1.58744392
37.65000000 0.77264343 1.58232608
37.66000000 0.77626857 1.57723044
37.67000000 0.77992658 1.57215693
37.68000000 0.78361769 1.56710550
37.69000000 0.78734215 1.56207609
37.70000000 0.79110019 1.55706865
37.71000000 0.79489206 1.55208312
37.72000000 0.79871799 1.54711944
37.73000000 0.80257824 1.54217757
37.74000000 0.80647305 1.53725744
37.75000000 0.81040268 1.53235900
37.76000000 0.81436737 1.52748221
37.77000000 0.81836739 1.52262699
37.78000000 0.82240300 1.51779331
37.79000000 0.82647444 1.51298110
37.80000000 0.83058200 1.50819032
37.81000000 0.83472593 1.50342092
37.82000000 0.83890651 1.49867283
37.83000000 0.84312399 1.49394601
37.84000000 0.84737867 1.48924041
37.85000000 0.85167081 1.48455597
37.86000000 0.85600070 1.47989265
37.87000000 0.86036861 1.47525039
37.88000000 0.86477483 1.47062915
37.89000000 0.86921965 1.46602887
37.90000000 0.87370335 1.46144950
37.91000000 0.87822623 1.45689100
37.92000000 0.88278859 1.45235332
37.93000000 0.88739071 1.44783640
37.94000000 0.89203291 1.44334020
37.95000000 0.89671548 1.43886468
37.96000000 0.90143874 1.43440977
37.97000000 0.90620298 1.42997545
37.98000000 0.91100852 1.42556165
37.99000000 0.91585568 1.42116834
38.00000000 0.92074477 1.41679546
38.01000000 0.92567612 1.41244297
38.02000000 0.93065004 1.40811083
38.03000000 0.93566686 1.40379899
38.04000000 0.94072691 1.39950740
38.05000000 0.94583053 1.39523602
38.06000000 0.95097804 1.39098481
38.07000000 0.95616979 1.38675372
38.08000000 0.96140612 1.38254271
38.09000000 0.96668736 1.37835173
38.10000000 0.97201387 1.37418075
38.11000000 0.97738600 1.37002972
38.12000000 0.98280410 1.36589860
38.13000000 0.98826853 1.36178734
38.14000000 0.99377964 1.35769591
38.15000000 0.99933779 1.35362426
38.16000000 1.00494337 1.34957235
38.17000000 1.01059672 1.34554015
38.18000000 1.01629823 1.34152762
38.19000000 1.02204827 1.33753470
38.20000000 1.02784722 1.33356138
38.21000000 1.03369546 1.32960759
38.22000000 1.03959337 1.32567332
38.23000000 1.04554135 1.32175852
38.24000000 1.05153979 1.31786315
38.25000000 1.05758908 1.31398717
38.26000000 1.06368961 1.31013055
38.27000000 1.06984180 1.30629326
38.28000000 1.07604605 1.30247525
38.29000000 1.08230277 1.29867649
38.30000000 1.08861236 1.29489695
38.31000000 1.09497525 1.29113659
38.32000000 1.10139186 1.28739537
38.33000000 1.10786260 1.28367327
38.34000000 1.11438791 1.27997024
38.35000000 1.12096821 1.27628626
38.36000000 1.12760394 1.27262129
38.37000000 1.13429554 1.26897530
38.38000000 1.14104345 1.26534827
38.39000000 1.14784811 1.26174014
38.40000000 1.15470997 1.25815091
38.41000000 1.16162948 1.25458052
38.42000000 1.16860711 1.25102897
38.43000000 1.17564330 1.24749621
38.44000000 1.18273853 1.24398221
38.45000000 1.18989326 1.24048695
38.46000000 1.19710797 1.23701040
38.47000000 1.20438312 1.23355253
38.48000000 1.21171920 1.23011331
38.49000000 1.21911669 1.22669272
38.50000000 1.22657607 1.22329072
38.51000000 1.23409785 1.21990730
38.52000000 1.24168251 1.21654242
38.53000000 1.24933056 1.21319607
38.54000000 1.25704249 1.20986821
38.55000000 1.26481882 1.20655883
38.56000000 1.27266005 1.20326789
38.57000000 1.28056670 1.19999538
38.58000000 1.28853930 1.19674127
38.59000000 1.29657836 1.19350554
38.60000000 1.30468441 1.19028816
38.61000000 1.31285799 1.18708913
38.62000000 1.32109963 1.18390840
38.63000000 1.32940987 1.18074597
38.64000000 1.33778927 1.17760182
38.65000000 1.34623836 1.17447592
38.66000000 1.35475770 1.17136825
38.67000000 1.36334785 1.16827881
38.68000000 1.37200938 1.16520756
38.69000000 1.38074284 1.16215449
38.70000000 1.38954882 1.15911959
38.71000000 1.39842788 1.15610284
38.72000000 1.40738062 1.15310422
38.73000000 1.41640760 1.15012371
38.74000000 1.42550943 1.14716131
38.75000000 1.43468669 1.14421699
38.76000000 1.44393999 1.14129075
38.77000000 1.45326993 1.13838258
38.78000000 1.46267712 1.13549244
38.79000000 1.47216216 1.13262035
38.80000000 1.48172568 1.12976628
38.81000000 1.49136831 1.12693022
38.82000000 1.50109065 1.12411217
38.83000000 1.51089336 1.12131211
38.84000000 1.52077706 1.11853004
38.85000000 1.53074239 1.11576594
38.86000000 1.54079000 1.11301981
38.87000000 1.55092055 1.11029164
38.88000000 1.56113468 1.10758142
38.89000000 1.57143306 1.10488915
38.90000000 1.58181636 1.10221482
38.91000000 1.59228524 1.09955843
38.92000000 1.60284037 1.09691998
38.93000000 1.61348245 1.09429945
38.94000000 1.62421215 1.09169685
38.95000000 1.63503017 1.08911217
38.96000000 1.64593720 1.08654541
38.97000000 1.65693394 1.08399657
38.98000000 1.66802110 1.08146566
38.99000000 1.67919938 1.07895266
39.00000000 1.69046951 1.07645759
39.01000000 1.70183220 1.07398044
39.02000000 1.71328818 1.07152122
39.03000000 1.72483819 1.06907992
39.04000000 1.73648295 1.06665656
39.05000000 1.74822321 1.06425113
39.06000000 1.76005972 1.06186365
39.07000000 1.77199323 1.05949411
39.08000000 1.78402450 1.05714253
39.09000000 1.79615428 1.05480891
39.10000000 1.80838335 1.05249326
39.11000000 1.82071248 1.05019559
39.12000000 1.83314245 1.04791591
39.13000000 1.84567405 1.04565423
39.14000000 1.85830805 1.04341055
39.15000000 1.87104526 1.04118490
39.16000000 1.88388648 1.03897729
39.17000000 1.89683251 1.03678772
39.18000000 1.90988417 1.03461621
39.19000000 1.92304226 1.03246279
39.20000000 1.93630761 1.03032746
39.21000000 1.94968106 1.02821024
39.22000000 1.96316342 1.02611115
39.23000000 1.97675554 1.02403020
39.24000000 1.99045826 1.02196742
39.25000000 2.00427244 1.01992284
39.26000000 2.01819892 1.01789646
39.27000000 2.03223856 1.01588831
39.28000000 2.04639224 1.01389841
39.29000000 2.06066081 1.01192680
39.30000000 2.07504516 1.00997348
39.31000000 2.08954618 1.00803850
39.32000000 2.10416473 1.00612187
39.33000000 2.11890173 1.00422362
39.34000000 2.13375806 1.00234379
39.35000000 2.14873464 1.00048240
39.36000000 2.16383236 0.99863949
39.37000000 2.17905215 0.99681507
39.38000000 2.19439492 0.99500920
39.39000000 2.20986160 0.99322190
39.40000000 2.22545312 0.99145320
39.41000000 2.24117042 0.98970315
39.42000000 2.25701444 0.98797178
39.43000000 2.27298612 0.98625912
39.44000000 2.28908642 0.98456522
39.45000000 2.30531630 0.98289012
39.46000000 2.32167672 0.98123386
39.47000000 2.33816865 0.97959648
39.48000000 2.35479306 0.97797803
39.49000000 2.37155094 0.97637855
39.50000000 2.38844326 0.97479808
39.51000000 2.40547102 0.97323668
39.52000000 2.42263522 0.97169439
39.53000000 2.43993684 0.97017126
39.54000000 2.45737691 0.96866735
39.55000000 2.47495643 0.96718270
39.56000000 2.49267641 0.96571737
39.57000000 2.51053788 0.96427142
39.58000000 2.52854187 0.96284490
39.59000000 2.54668940 0.96143787
39.60000000 2.56498151 0.96005039
39.61000000 2.58341925 0.95868251
39.62000000 2.60200365 0.95733430
39.63000000 2.62073578 0.95600583
39.64000000 2.63961669 0.95469716
39.65000000 2.65864743 0.95340835
39.66000000 2.67782907 0.95213947
39.67000000 2.69716269 0.95089059
39.68000000 2.71664936 0.94966178
39.69000000 2.73629015 0.94845311
39.70000000 2.75608616 0.94726466
39.71000000 2.77603847 0.94609651
39.72000000 2.79614817 0.94494872
39.73000000 2.81641636 0.94382138
39.74000000 2.83684414 0.94271456
39.75000000 2.85743263 0.94162836
39.76000000 2.87818292 0.94056284
39.77000000 2.89909613 0.93951811
39.78000000 2.92017338 0.93849423
39.79000000 2.94141579 0.93749131
39.80000000 2.96282449 0.93650944
39.81000000 2.98440060 0.93554870
39.82000000 3.00614526 0.93460918
39.83000000 3.02805961 0.93369100
39.84000000 3.05014478 0.93279423
39.85000000 3.07240191 0.93191899
39.86000000 3.09483216 0.93106537
39.87000000 3.11743668 0.93023349
39.88000000 3.14021660 0.92942343
39.89000000 3.16317310 0.92863532
39.90000000 3.18630732 0.92786925
39.91000000 3.20962044 0.92712535
39.92000000 3.23311360 0.92640373
39.93000000 3.25678798 0.92570450
39.94000000 3.28064474 0.92502778
39.95000000 3.30468505 0.92437369
39.96000000 3.32891009 0.92374236
39.97000000 3.35332102 0.92313391
39.98000000 3.37791903 0.92254846
39.99000000 3.40270528 0.92198615
40.00000000 3.42768096 0.92144711
40.01000000 3.45284724 0.92093147
40.02000000 3.47820531 0.92043937
40.03000000 3.50375633 0.91997096
40.04000000 3.52950151 0.91952636
40.05000000 3.55544200 0.91910573
40.06000000 3.58157901 0.91870922
40.07000000 3.60791370 0.91833697
40.08000000 3.63444726 0.91798914
40.09000000 3.66118087 0.91766588
40.10000000 3.68811570 0.91736735
40.11000000 3.71525295 0.91709371
40.12000000 3.74259378 0.91684512
40.13000000 3.77013937 0.91662176
40.14000000 3.79789090 0.91642379
40.15000000 3.82584954 0.91625138
40.16000000 3.85401646 0.91610472
40.17000000 3.88239283 0.91598397
40.18000000 3.91097982 0.91588932
40.19000000 3.93977858 0.91582097
40.20000000 3.96879028 0.91577908
40.21000000 3.99801607 0.91576387
40.22000000 4.02745711 0.91577552
40.23000000 4.05711453 0.91581422
40.24000000 4.08698950 0.91588020
40.25000000 4.11708314 0.91597364
40.26000000 4.14739659 0.91609476
40.27000000 4.17793097 0.91624377
40.28000000 4.20868742 0.91642089
40.29000000 4.23966704 0.91662633
40.30000000 4.27087094 0.91686033
40.31000000 4.30230023 0.91712311
40.32000000 4.33395599 0.91741490
40.33000000 4.36583933 0.91773594
40.34000000 4.39795132 0.91808647
40.35000000 4.43029302 0.91846673
40.36000000 4.46286550 0.91887697
40.37000000 4.49566981 0.91931745
40.38000000 4.52870700 0.91978842
40.39000000 4.56197809 0.92029013
40.40000000 4.59548411 0.92082287
40.41000000 4.62922606 0.92138690
40.42000000 4.66320495 0.92198249
40.43000000 4.69742175 0.92260992
40.44000000 4.73187745 0.92326948
40.45000000 4.76657299 0.92396145
40.46000000 4.80150933 0.92468614
40.47000000 4.83668739 0.92544384
40.48000000 4.87210809 0.92623486
40.49000000 4.90777233 0.92705950
40.50000000 4.94368100 0.92791808
40.51000000 4.97983495 0.92881093
40.52000000 5.01623505 0.92973836
40.53000000 5.05288211 0.93070070
40.54000000 5.08977695 0.93169831
40.55000000 5.12692037 0.93273151
40.56000000 5.16431313 0.93380065
40.57000000 5.20195599 0.93490610
40.58000000 5.23984968 0.93604820
40.59000000 5.27799490 0.93722734
40.60000000 5.31639234 0.93844387
40.61000000 5.35504266 0.93969819
40.62000000 5.39394650 0.94099067
40.63000000 5.43310446 0.94232170
40.64000000 5.47251713 0.94369169
40.65000000 5.51218507 0.94510104
40.66000000 5.55210880 0.94655016
40.67000000 5.59228883 0.94803948
40.68000000 5.63272562 0.94956941
40.69000000 5.67341962 0.95114040
40.70000000 5.71437123 0.95275288
40.71000000 5.75558084 0.95440729
40.72000000 5.79704877 0.95610411
40.73000000 5.83877535 0.95784378
40.74000000 5.88076084 0.95962678
40.75000000 5.92300548 0.96145360
40.76000000 5.96550946 0.96332471
40.77000000 6.00827295 0.96524061
40.78000000 6.05129607 0.96720181
40.79000000 6.09457889 0.96920882
40.80000000 6.13812145 0.97126215
40.81000000 6.18192375 0.97336235
40.82000000 6.22598573 0.97550994
40.83000000 6.27030731 0.97770548
40.84000000 6.31488833 0.97994951
40.85000000 6.35972860 0.98224261
40.86000000 6.40482790 0.98458536
40.87000000 6.45018591 0.98697833
40.88000000 6.49580231 0.98942212
40.89000000 6.54167670 0.99191733
40.90000000 6.58780862 0.99446459
40.91000000 6.63419757 0.99706451
40.92000000 6.68084299 0.99971773
40.93000000 6.72774424 1.00242490
40.94000000 6.77490066 1.00518667
40.95000000 6.82231148 1.00800371
40.96000000 6.86997591 1.01087670
40.97000000 6.91789306 1.01380633
40.98000000 6.96606200 1.01679329
40.99000000 7.01448171 1.01983831
41.00000000 7.06315113 1.02294210
41.01000000 7.11206908 1.02610541
41.02000000 7.16123436 1.02932898
41.03000000 7.21064567 1.03261357
41.04000000 7.26030161 1.03595995
41.05000000 7.31020075 1.03936891
41.06000000 7.36034154 1.04284126
41.07000000 7.41072237 1.04637779
41.08000000 7.46134153 1.04997934
41.09000000 7.51219724 1.05364675
41.10000000 7.56328761 1.05738086
41.11000000 7.61461069 1.06118254
41.12000000 7.66616441 1.06505268
41.13000000 7.71794662 1.06899216
41.14000000 7.76995507 1.07300190
41.15000000 7.82218742 1.07708281
41.16000000 7.87464121 1.08123584
41.17000000 7.92731390 1.08546193
41.18000000 7.98020284 1.08976206
41.19000000 8.03330525 1.09413721
41.20000000 8.08661827 1.09858838
41.21000000 8.14013892 1.10311657
41.22000000 8.19386410 1.10772283
41.23000000 8.24779060 1.11240820
41.24000000 8.30191508 1.11717374
41.25000000 8.35623411 1.12202054
41.26000000 8.41074409 1.12694968
41.27000000 8.46544134 1.13196229
41.28000000 8.52032202 1.13705948
41.29000000 8.57538218 1.14224242
41.30000000 8.63061772 1.14751227
41.31000000 8.68602442 1.15287020
41.32000000 8.74159791 1.15831742
41.33000000 8.79733369 1.16385516
41.34000000 8.85322710 1.16948464
41.35000000 8.90927335 1.17520713
41.36000000 8.96546751 1.18102390
41.37000000 9.02180446 1.18693624
41.38000000 9.07827898 1.19294546
41.39000000 9.13488564 1.19905290
41.40000000 9.19161889 1.20525991
41.41000000 9.24847300 1.21156786
41.42000000 9.30544208 1.21797814
41.43000000 9.36252008 1.22449216
41.44000000 9.41970076 1.23111135
41.45000000 9.47697773 1.23783716
41.46000000 9.53434441 1.24467106
41.47000000 9.59179405 1.25161454
41.48000000 9.64931970 1.25866911
41.49000000 9.70691427 1.26583630
41.50000000 9.76457044 1.27311767
41.51000000 9.82228071 1.28051478
41.52000000 9.88003741 1.28802923
41.53000000 9.93783266 1.29566264
41.54000000 9.99565838 1.30341664
41.55000000 10.05350629 1.31129288
41.56000000 10.11136793 1.31929304
41.57000000 10.16923460 1.32741882
41.58000000 10.22709743 1.33567193
41.59000000 10.28494730 1.34405412
41.60000000 10.34277492 1.35256714
41.61000000 10.40057076 1.36121277
41.62000000 10.45832508 1.36999282
41.63000000 10.51602791 1.37890910
41.64000000 10.57366909 1.38796346
41.65000000 10.63123820 1.39715775
41.66000000 10.68872461 1.40649386
41.67000000 10.74611748 1.41597369
41.68000000 10.80340571 1.42559915
41.69000000 10.86057798 1.43537220
41.70000000 10.91762276 1.44529477
41.71000000 10.97452825 1.45536887
41.72000000 11.03128244 1.46559647
41.73000000 11.08787307 1.47597959
41.74000000 11.14428765 1.48652026
41.75000000 11.20051344 1.49722053
41.76000000 11.25653747 1.50808246
41.77000000 11.31234653 1.51910814
41.78000000 11.36792715 1.53029965
41.79000000 11.42326564 1.54165912
41.80000000 11.47834805 1.55318865
41.81000000 11.53316021 1.56489040
41.82000000 11.58768767 1.57676651
41.83000000 11.64191578 1.58881915
41.84000000 11.69582962 1.60105048
41.85000000 11.74941403 1.61346270
41.86000000 11.80265363 1.62605800
41.87000000 11.85553277 1.63883857
41.88000000 11.90803558 1.65180663
41.89000000 11.96014596 1.66496440
41.90000000 12.01184757 1.67831409
41.91000000 12.06312382 1.69185794
41.92000000 12.11395792 1.70559816
41.93000000 12.16433283 1.71953698
41.94000000 12.21423129 1.73367664
41.95000000 12.26363583 1.74801937
41.96000000 12.31252876 1.76256738
41.97000000 12.36089217 1.77732289
41.98000000 12.40870795 1.79228812
41.99000000 12.45595777 1.80746528
42.00000000 12.50262312 1.82285655
42.01000000 12.54868530 1.83846413
42.02000000 12.59412541 1.85429018
42.03000000 12.63892437 1.87033685
42.04000000 12.68306293 1.88660628
42.05000000 12.72652168 1.90310059
42.06000000 12.76928105 1.91982187
42.07000000 12.81132131 1.93677219
42.08000000 12.85262259 1.95395359
42.09000000 12.89316489 1.97136809
42.10000000 12.93292810 1.98901765
42.11000000 12.97189197 2.00690423
42.12000000 13.01003617 2.02502973
42.13000000 13.04734026 2.04339603
42.14000000 13.08378374 2.06200493
42.15000000 13.11934602 2.08085823
42.16000000 13.15400647 2.09995763
42.17000000 13.18774441 2.11930483
42.18000000 13.22053914 2.13890142
42.19000000 13.25236992 2.15874898
42.20000000 13.28321605 2.17884900
42.21000000 13.31305680 2.19920290
42.22000000 13.34187151 2.21981204
42.23000000 13.36963953 2.24067771
42.24000000 13.39634031 2.26180112
42.25000000 13.42195334 2.28318338
42.26000000 13.44645826 2.30482554
42.27000000 13.46983477 2.32672856
42.28000000 13.49206274 2.34889328
42.29000000 13.51312219 2.37132048
42.30000000 13.53299331 2.39401081
42.31000000 13.55165648 2.41696483
42.32000000 13.56909230 2.44018298
42.33000000 13.58528162 2.46366559
42.34000000 13.60020552 2.48741288
42.35000000 13.61384537 2.51142495
42.36000000 13.62618285 2.53570175
42.37000000 13.63719996 2.56024313
42.38000000 13.64687904 2.58504878
42.39000000 13.65520282 2.61011827
42.40000000 13.66215439 2.63545100
42.41000000 13.66771729 2.66104627
42.42000000 13.67187548 2.68690317
42.43000000 13.67461339 2.71302068
42.44000000 13.67591596 2.73939760
42.45000000 13.67576861 2.76603256
42.46000000 13.67415732 2.79292404
42.47000000 13.67106862 2.82007034
42.48000000 13.66648963 2.84746957
42.49000000 13.66040809 2.87511969
42.50000000 13.65281237 2.90301846
42.51000000 13.64369149 2.93116344
42.52000000 13.63303515 2.95955202
42.53000000 13.62083377 2.98818141
42.54000000 13.60707849 3.01704858
42.55000000 13.59176119 3.04615035
42.56000000 13.57487453 3.07548331
42.57000000 13.55641198 3.10504385
42.58000000 13.53636780 3.13482816
42.59000000 13.51473709 3.16483222
42.60000000 13.49151581 3.19505181
42.61000000 13.46670079 3.22548248
42.62000000 13.44028975 3.25611958
42.63000000 13.41228133 3.28695824
42.64000000 13.38267508 3.31799340
42.65000000 13.35147149 3.34921975
42.66000000 13.31867200 3.38063180
42.67000000 13.28427903 3.41222381
42.68000000 13.24829597 3.44398986
42.69000000 13.21072719 3.47592380
42.70000000 13.17157808 3.50801928
42.71000000 13.13085501 3.54026972
42.72000000 13.08856537 3.57266836
42.73000000 13.04471759 3.60520822
42.74000000 12.99932109 3.63788212
42.75000000 12.95238633 3.67068267
42.76000000 12.90392479 3.70360230
42.77000000 12.85394897 3.73663324
42.78000000 12.80247240 3.76976753
42.79000000 12.74950962 3.80299704
42.80000000 12.69507618 3.83631345
42.81000000 12.63918865 3.86970826
42.82000000 12.58186457 3.90317282
42.83000000 12.52312248 3.93669829
42.84000000 12.46298189 3.97027572
42.85000000 12.40146326 4.00389597
42.86000000 12.33858802 4.03754978
42.87000000 12.27437849 4.07122775
42.88000000 12.20885792 4.10492034
42.89000000 12.14205044 4.13861793
42.90000000 12.07398104 4.17231075
42.91000000 12.00467557 4.20598894
42.92000000 11.93416066 4.23964257
42.93000000 11.86246377 4.27326160
42.94000000 11.78961310 4.30683592
42.95000000 11.71563759 4.34035537
42.96000000 11.64056688 4.37380972
42.97000000 11.56443128 4.40718871
42.98000000 11.48726174 4.44048204
42.99000000 11.40908982 4.47367937
43.00000000 11.32994764 4.50677037
43.01000000 11.24986786 4.53974470
43.02000000 11.16888364 4.57259203
43.03000000 11.08702859 4.60530203
43.04000000 11.00433676 4.63786442
43.05000000 10.92084256 4.67026895
43.06000000 10.83658076 4.70250542
43.07000000 10.75158644 4.73456370
43.08000000 10.66589492 4.76643371
43.09000000 10.57954176 4.79810548
43.10000000 10.49256272 4.82956910
43.11000000 10.40499367 4.86081479
43.12000000 10.31687061 4.89183287
43.13000000 10.22822959 4.92261378
43.14000000 10.13910670 4.95314809
43.15000000 10.04953798 4.98342651
43.16000000 9.95955945 5.01343992
43.17000000 9.86920701 5.04317934
43.18000000 9.77851646 5.07263594
43.19000000 9.68752338 5.10180111
43.20000000 9.59626319 5.13066638
43.21000000 9.50477105 5.15922351
43.22000000 9.41308183 5.18746442
43.23000000 9.32123010 5.21538126
43.24000000 9.22925009 5.24296639
43.25000000 9.13717563 5.27021239
43.26000000 9.04504017 5.29711204
43.27000000 8.95287671 5.32365839
43.28000000 8.86071777 5.34984469
43.29000000 8.76859538 5.37566443
43.30000000 8.67654107 5.40111138
43.31000000 8.58458580 5.42617951
43.32000000 8.49275996 5.45086307
43.33000000 8.40109338 5.47515656
43.34000000 8.30961523 5.49905472
43.35000000 8.21835410 5.52255256
43.36000000 8.12733788 5.54564535
43.37000000 8.03659383 5.56832861
43.38000000 7.94614852 5.59059815
43.39000000 7.85602782 5.61245000
43.40000000 7.76625690 5.63388049
43.41000000 7.67686020 5.65488619
43.42000000 7.58786144 5.67546393
43.43000000 7.49928362 5.69561082
43.44000000 7.41114896 5.71532421
43.45000000 7.32347898 5.73460171
43.46000000 7.23629441 5.75344120
43.47000000 7.14961524 5.77184079
43.48000000 7.06346070 5.78979885
43.49000000 6.97784927 5.80731401
43.50000000 6.89279867 5.82438512
43.51000000 6.80832586 5.84101130
43.52000000 6.72444705 5.85719187
43.53000000 6.64117771 5.87292641
43.54000000 6.55853256 5.88821472
43.55000000 6.47652559 5.90305683
43.56000000 6.39517003 5.91745298
43.57000000 6.31447844 5.93140363
43.58000000 6.23446262 5.94490945
43.59000000 6.15513368 5.95797131
43.60000000 6.07650204 5.97059029
43.61000000 5.99857742 5.98276765
43.62000000 5.92136889 5.99450486
43.63000000 5.84488483 6.00580354
43.64000000 5.76913299 6.01666552
43.65000000 5.69412047 6.02709280
43.66000000 5.61985375 6.03708751
43.67000000 5.54633872 6.04665199
43.68000000 5.47358063 6.05578871
43.69000000 5.40158418 6.06450028
43.70000000 5.33035349 6.07278947
43.71000000 5.25989214 6.08065918
43.72000000 5.19020315 6.08811245
43.73000000 5.12128903 6.09515243
43.74000000 5.05315179 6.10178242
43.75000000 4.98579293 6.10800579
43.76000000 4.91921348 6.11382606
43.77000000 4.85341402 6.11924683
43.78000000 4.78839465 6.12427181
43.79000000 4.72415508 6.12890480
43.80000000 4.66069458 6.13314968
43.81000000 4.59801202 6.13701041
43.82000000 4.53610590 6.14049105
43.83000000 4.47497433 6.14359570
43.84000000 4.41461507 6.14632855
43.85000000 4.35502555 6.14869385
43.86000000 4.29620286 6.15069588
43.87000000 4.23814379 6.15233901
43.88000000 4.18084482 6.15362764
43.89000000 4.12430216 6.15456621
43.90000000 4.06851175 6.15515919
43.91000000 4.01346924 6.15541112
43.92000000 3.95917008 6.15532653
43.93000000 3.90560947 6.15491000
43.94000000 3.85278238 6.15416614
43.95000000 3.80068360 6.15309954
43.96000000 3.74930771 6.15171485
43.97000000 3.69864910 6.15001672
43.98000000 3.64870201 6.14800978
43.99000000 3.59946050 6.14569870
44.00000000 3.55091849 6.14308814
44.01000000 3.50306977 6.14018276
44.02000000 3.45590798 6.13698721
44.03000000 3.40942666 6.13350614
44.04000000 3.36361924 6.12974418
44.05000000 3.31847904 6.12570597
44.06000000 3.27399930 6.12139612
44.07000000 3.23017316 6.11681923
44.08000000 3.18699371 6.11197986
44.09000000 3.14445395 6.10688259
44.10000000 3.10254685 6.10153193
44.11000000 3.06126530 6.09593241
44.12000000 3.02060217 6.09008849
44.13000000 2.98055027 6.08400465
44.14000000 2.94110241 6.07768529
44.15000000 2.90225135 6.07113481
44.16000000 2.86398985 6.06435758
44.17000000 2.82631064 6.05735791
44.18000000 2.78920646 6.05014009
44.19000000 2.75267004 6.04270838
44.20000000 2.71669412 6.03506698
44.21000000 2.68127145 6.02722009
44.22000000 2.64639478 6.01917182
44.23000000 2.61205689 6.01092628
44.24000000 2.57825058 6.00248752
44.25000000 2.54496868 5.99385954
44.26000000 2.51220404 5.98504633
44.27000000 2.47994954 5.97605179
44.28000000 2.44819812 5.96687981
44.29000000 2.41694273 5.95753423
44.30000000 2.38617638 5.94801883
44.31000000 2.35589213 5.93833736
44.32000000 2.32608306 5.92849352
44.33000000 2.29674233 5.91849096
44.34000000 2.26786315 5.90833329
44.35000000 2.23943875 5.89802406
44.36000000 2.21146247 5.88756678
44.37000000 2.18392766 5.87696494
44.38000000 2.15682777 5.86622193
44.39000000 2.13015627 5.85534114
44.40000000 2.10390673 5.84432588
44.41000000 2.07807277 5.83317945
44.42000000 2.05264807 5.82190506
44.43000000 2.02762638 5.81050591
44.44000000 2.00300152 5.79898512
44.45000000 1.97876738 5.78734580
44.46000000 1.95491791 5.77559098
44.47000000 1.93144714 5.76372368
44.48000000 1.90834917 5.75174683
44.49000000 1.88561816 5.73966335
44.50000000 1.86324836 5.72747609
44.51000000 1.84123406 5.71518789
44.52000000 1.81956966 5.70280151
44.53000000 1.79824960 5.69031967
44.54000000 1.77726841 5.67774507
44.55000000 1.75662070 5.66508034
44.56000000 1.73630112 5.65232808
44.57000000 1.71630443 5.63949084
44.58000000 1.69662544 5.62657115
44.59000000 1.67725903 5.61357146
44.60000000 1.65820016 5.60049420
44.61000000 1.63944387 5.58734177
44.62000000 1.62098524 5.57411651
44.63000000 1.60281946 5.56082072
44.64000000 1.58494176 5.54745668
44.65000000 1.56734746 5.53402660
44.66000000 1.55003194 5.52053267
44.67000000 1.53299064 5.50697705
44.68000000 1.51621910 5.49336184
44.69000000 1.49971288 5.47968912
44.70000000 1.48346766 5.46596092
44.71000000 1.46747915 5.45217925
44.72000000 1.45174313 5.43834606
44.73000000 1.43625547 5.42446328
44.74000000 1.42101208 5.41053280
44.75000000 1.40600895 5.39655649
44.76000000 1.39124212 5.38253617
44.77000000 1.37670770 5.36847362
44.78000000 1.36240187 5.35437060
44.79000000 1.34832086 5.34022883
44.80000000 1.33446097 5.32605001
44.81000000 1.32081855 5.31183579
44.82000000 1.30739002 5.29758780
44.83000000 1.29417186 5.28330764
44.84000000 1.28116059 5.26899687
44.85000000 1.26835282 5.25465703
44.86000000 1.25574517 5.24028963
44.87000000 1.24333437 5.22589614
44.88000000 1.23111717 5.21147801
44.89000000 1.21909038 5.19703667
44.90000000 1.20725086 5.18257349
44.91000000 1.19559555 5.16808986
44.92000000 1.18412140 5.15358711
44.93000000 1.17282545 5.13906654
44.94000000 1.16170477 5.12452946
44.95000000 1.15075648 5.10997710
44.96000000 1.13997777 5.09541073
44.97000000 1.12936584 5.08083153
44.98000000 1.11891797 5.06624070
44.99000000 1.10863149 5.05163940
45.00000000 1.09850374 5.03702877
45.01000000 1.08853215 5.02240993
45.02000000 1.07871417 5.00778396
45.03000000 1.06904730 4.99315195
45.04000000 1.05952907 4.97851493
45.05000000 1.05015709 4.96387393
45.06000000 1.04092897 4.94922996
45.07000000 1.03184238 4.93458401
45.08000000 1.02289504 4.91993703
45.09000000 1.01408470 4.90528998
45.10000000 1.00540914 4.89064378
45.11000000 0.99686620 4.87599932
45.12000000 0.98845374 4.86135751
45.13000000 0.98016967 4.84671920
45.14000000 0.97201193 4.83208525
45.15000000 0.96397851 4.81745649
45.16000000 0.95606741 4.80283372
45.17000000 0.94827669 4.78821774
45.18000000 0.94060442 4.77360934
45.19000000 0.93304874 4.75900928
45.20000000 0.92560778 4.74441829
45.21000000 0.91827974 4.72983711
45.22000000 0.91106284 4.71526645
45.23000000 0.90395532 4.70070702
45.24000000 0.89695546 4.68615948
45.25000000 0.89006157 4.67162451
45.26000000 0.88327199 4.65710277
45.27000000 0.87658511 4.64259488
45.28000000 0.86999930 4.62810147
45.29000000 0.86351301 4.61362316
45.30000000 0.85712469 4.59916053
45.31000000 0.85083282 4.58471417
45.32000000 0.84463592 4.57028466
45.33000000 0.83853252 4.55587253
45.34000000 0.83252118 4.54147835
45.35000000 0.82660050 4.52710264
45.36000000 0.82076909 4.51274591
45.37000000 0.81502559 4.49840868
45.38000000 0.80936867 4.48409144
45.39000000 0.80379700 4.46979467
45.40000000 0.79830932 4.45551885
45.41000000 0.79290433 4.44126444
45.42000000 0.78758082 4.42703188
45.43000000 0.78233755 4.41282162
45.44000000 0.77717332 4.39863408
45.45000000 0.77208696 4.38446969
45.46000000 0.76707732 4.37032884
45.47000000 0.76214325 4.35621195
45.48000000 0.75728364 4.34211939
45.49000000 0.75249740 4.32805155
45.50000000 0.74778345 4.31400879
45.51000000 0.74314073 4.29999149
45.52000000 0.73856821 4.28599998
45.53000000 0.73406487 4.27203461
45.54000000 0.72962970 4.25809571
45.55000000 0.72526173 4.24418361
45.56000000 0.72095999 4.23029863
45.57000000 0.71672353 4.21644108
45.58000000 0.71255142 4.20261125
45.59000000 0.70844274 4.18880944
45.60000000 0.70439661 4.17503593
45.61000000 0.70041213 4.16129100
45.62000000 0.69648844 4.14757493
45.63000000 0.69262469 4.13388797
45.64000000 0.68882004 4.12023037
45.65000000 0.68507368 4.10660240
45.66000000 0.68138480 4.09300428
45.67000000 0.67775260 4.07943626
45.68000000 0.67417631 4.06589857
45.69000000 0.67065517 4.05239141
45.70000000 0.66718842 4.03891502
45.71000000 0.66377533 4.02546960
45.72000000 0.66041518 4.01205534
45.73000000 0.65710725 3.99867246
45.74000000 0.65385085 3.98532114
45.75000000 0.65064530 3.97200157
45.76000000 0.64748991 3.95871392
45.77000000 0.64438404 3.94545837
45.78000000 0.64132702 3.93223509
45.79000000 0.63831823 3.91904424
45.80000000 0.63535704 3.90588598
45.81000000 0.63244283 3.89276046
45.82000000 0.62957500 3.87966784
45.83000000 0.62675295 3.86660825
45.84000000 0.62397610 3.85358184
45.85000000 0.62124389 3.84058873
45.86000000 0.61855574 3.82762905
45.87000000 0.61591112 3.81470294
45.88000000 0.61330947 3.80181050
45.89000000 0.61075026 3.78895186
45.90000000 0.60823297 3.77612713
45.91000000 0.60575709 3.76333641
45.92000000 0.60332212 3.75057981
45.93000000 0.60092756 3.73785742
45.94000000 0.59857291 3.72516934
45.95000000 0.59625772 3.71251567
45.96000000 0.59398150 3.69989648
45.97000000 0.59174380 3.68731186
45.98000000 0.58954416 3.67476190
45.99000000 0.58738215 3.66224666
46.00000000 0.58525732 3.64976623
46.01000000 0.58316925 3.63732066
46.02000000 0.58111752 3.62491003
46.03000000 0.57910171 3.61253440
46.04000000 0.57712142 3.60019382
46.05000000 0.57517626 3.58788836
46.06000000 0.57326582 3.57561807
46.07000000 0.57138974 3.56338299
46.08000000 0.56954763 3.55118318
46.09000000 0.56773912 3.53901868
46.10000000 0.56596386 3.52688952
46.11000000 0.56422147 3.51479576
46.12000000 0.56251163 3.50273742
46.13000000 0.56083397 3.49071453
46.14000000 0.55918817 3.47872713
46.15000000 0.55757390 3.46677525
46.16000000 0.55599083 3.45485890
46.17000000 0.55443863 3.44297812
46.18000000 0.55291701 3.43113293
46.19000000 0.55142565 3.41932333
46.20000000 0.54996426 3.40754935
46.21000000 0.54853253 3.39581100
46.22000000 0.54713017 3.38410829
46.23000000 0.54575691 3.37244123
46.24000000 0.54441247 3.36080983
46.25000000 0.54309656 3.34921409
46.26000000 0.54180893 3.33765401
46.27000000 0.54054931 3.32612960
46.28000000 0.53931743 3.31464085
46.29000000 0.53811306 3.30318776
46.30000000 0.53693593 3.29177032
46.31000000 0.53578581 3.28038853
46.32000000 0.53466246 3.26904238
46.33000000 0.53356563 3.25773186
46.34000000 0.53249511 3.24645695
46.35000000 0.53145067 3.23521764
46.36000000 0.53043209 3.22401392
46.37000000 0.52943914 3.21284576
46.38000000 0.52847163 3.20171316
46.39000000 0.52752933 3.19061608
46.40000000 0.52661206 3.17955451
46.41000000 0.52571960 3.16852842
46.42000000 0.52485176 3.15753779
46.43000000 0.52400836 3.14658259
46.44000000 0.52318920 3.13566279
46.45000000 0.52239410 3.12477836
46.46000000 0.52162289 3.11392928
46.47000000 0.52087537 3.10311551
46.48000000 0.52015140 3.09233702
46.49000000 0.51945078 3.08159377
46.50000000 0.51877337 3.07088573
46.51000000 0.51811899 3.06021286
46.52000000 0.51748750 3.04957512
46.53000000 0.51687873 3.03897248
46.54000000 0.51629254 3.02840489
46.55000000 0.51572878 3.01787231
46.56000000 0.51518730 3.00737471
46.57000000 0.51466796 2.99691202
46.58000000 0.51417063 2.98648422
46.59000000 0.51369517 2.97609126
46.60000000 0.51324145 2.96573308
46.61000000 0.51280934 2.95540965
46.62000000 0.51239872 2.94512091
46.63000000 0.51200946 2.93486682
46.64000000 0.51164145 2.92464732
46.65000000 0.51129457 2.91446237
46.66000000 0.51096871 2.90431190
46.67000000 0.51066375 2.89419588
46.68000000 0.51037959 2.88411424
46.69000000 0.51011612 2.87406693
46.70000000 0.50987324 2.86405390
46.71000000 0.50965086 2.85407509
46.72000000 0.50944888 2.84413045
46.73000000 0.50926719 2.83421991
46.74000000 0.50910572 2.82434342
46.75000000 0.50896438 2.81450092
46.76000000 0.50884307 2.80469235
46.77000000 0.50874171 2.79491766
46.78000000 0.50866023 2.78517677
46.79000000 0.50859854 2.77546964
46.80000000 0.50855657 2.76579620
46.81000000 0.50853425 2.75615638
46.82000000 0.50853150 2.74655012
46.83000000 0.50854826 2.73697737
46.84000000 0.50858446 2.72743805
46.85000000 0.50864004 2.71793211
46.86000000 0.50871493 2.70845947
46.87000000 0.50880908 2.69902008
46.88000000 0.50892242 2.68961386
46.89000000 0.50905491 2.68024076
46.90000000 0.50920650 2.67090069
46.91000000 0.50937712 2.66159361
46.92000000 0.50956674 2.65231943
46.93000000 0.50977530 2.64307810
46.94000000 0.51000277 2.63386954
46.95000000 0.51024911 2.62469368
46.96000000 0.51051426 2.61555046
46.97000000 0.51079820 2.60643980
46.98000000 0.51110089 2.59736165
46.99000000 0.51142230 2.58831592
47.00000000 0.51176239 2.57930254
47.01000000 0.51212114 2.57032145
47.02000000 0.51249852 2.56137258
47.03000000 0.51289450 2.55245585
47.04000000 0.51330907 2.54357119
47.05000000 0.51374219 2.53471853
47.06000000 0.51419386 2.52589780
47.07000000 0.51466404 2.51710892
47.08000000 0.51515274 2.50835183
47.09000000 0.51565992 2.49962645
47.10000000 0.51618559 2.49093271
47.11000000 0.51672974 2.48227054
47.12000000 0.51729234 2.47363985
47.13000000 0.51787341 2.46504058
47.14000000 0.51847292 2.45647266
47.15000000 0.51909089 2.44793601
47.16000000 0.51972731 2.43943055
47.17000000 0.52038218 2.43095621
47.18000000 0.52105551 2.42251293
47.19000000 0.52174730 2.41410061
47.20000000 0.52245755 2.40571920
47.21000000 0.52318628 2.39736861
47.22000000 0.52393349 2.38904876
47.23000000 0.52469920 2.38075960
47.24000000 0.52548342 2.37250103
47.25000000 0.52628616 2.36427298
47.26000000 0.52710744 2.35607539
47.27000000 0.52794729 2.34790816
47.28000000 0.52880572 2.33977124
47.29000000 0.52968275 2.33166454
47.30000000 0.53057841 2.32358798
47.31000000 0.53149272 2.31554150
47.32000000 0.53242571 2.30752501
47.33000000 0.53337741 2.29953845
47.34000000 0.53434785 2.29158172
47.35000000 0.53533706 2.28365477
47.36000000 0.53634507 2.27575751
47.37000000 0.53737193 2.26788987
47.38000000 0.53841767 2.26005177
47.39000000 0.53948232 2.25224313
47.40000000 0.54056593 2.24446389
47.41000000 0.54166854 2.23671396
47.42000000 0.54279019 2.22899327
47.43000000 0.54393093 2.22130174
47.44000000 0.54509081 2.21363930
47.45000000 0.54626987 2.20600587
47.46000000 0.54746817 2.19840137
47.47000000 0.54868575 2.19082574
47.48000000 0.54992267 2.18327889
47.49000000 0.55117899 2.17576075
47.50000000 0.55245476 2.16827125
47.51000000 0.55375004 2.16081030
47.52000000 0.55506489 2.15337784
47.53000000 0.55639937 2.14597378
47.54000000 0.55775355 2.13859806
47.55000000 0.55912749 2.13125059
47.56000000 0.56052125 2.12393131
47.57000000 0.56193491 2.11664014
47.58000000 0.56336853 2.10937699
47.59000000 0.56482219 2.10214181
47.60000000 0.56629595 2.09493451
47.61000000 0.56778990 2.08775501
47.62000000 0.56930411 2.08060325
47.63000000 0.57083865 2.07347915
47.64000000 0.57239361 2.06638264
47.65000000 0.57396906 2.05931364
47.66000000 0.57556510 2.05227207
47.67000000 0.57718179 2.04525787
47.68000000 0.57881924 2.03827095
47.69000000 0.58047752 2.03131126
47.70000000 0.58215673 2.02437870
47.71000000 0.58385696 2.01747321
47.72000000 0.58557829 2.01059472
47.73000000 0.58732082 2.00374315
47.74000000 0.58908466 1.99691843
47.75000000 0.59086989 1.99012049
47.76000000 0.59267661 1.98334925
47.77000000 0.59450493 1.97660464
47.78000000 0.59635494 1.96988659
47.79000000 0.59822676 1.96319503
47.80000000 0.60012048 1.95652988
47.81000000 0.60203622 1.94989107
47.82000000 0.60397407 1.94327854
47.83000000 0.60593416 1.93669220
47.84000000 0.60791660 1.93013199
47.85000000 0.60992149 1.92359784
47.86000000 0.61194896 1.91708967
47.87000000 0.61399912 1.91060742
47.88000000 0.61607209 1.90415101
47.89000000 0.61816799 1.89772038
47.90000000 0.62028695 1.89131544
47.91000000 0.62242908 1.88493615
47.92000000 0.62459452 1.87858241
47.93000000 0.62678339 1.87225417
47.94000000 0.62899581 1.86595135
47.95000000 0.63123193 1.85967389
47.96000000 0.63349188 1.85342171
47.97000000 0.63577578 1.84719474
47.98000000 0.63808378 1.84099293
47.99000000 0.64041601 1.83481619
48.00000000 0.64277261 1.82866447
48.01000000 0.64515373 1.82253769
48.02000000 0.64755950 1.81643578
48.03000000 0.64999008 1.81035868
48.04000000 0.65244561 1.80430632
48.05000000 0.65492624 1.79827863
48.06000000 0.65743212 1.79227555
48.07000000 0.65996341 1.78629700
48.08000000 0.66252025 1.78034293
48.09000000 0.66510280 1.77441326
48.10000000 0.66771122 1.76850793
48.11000000 0.67034568 1.76262688
48.12000000 0.67300633 1.75677004
48.13000000 0.67569333 1.75093733
48.14000000 0.67840686 1.74512871
48.15000000 0.68114708 1.73934410
48.16000000 0.68391416 1.73358343
48.17000000 0.68670827 1.72784665
48.18000000 0.68952959 1.72213369
48.19000000 0.69237829 1.71644449
48.20000000 0.69525454 1.71077897
48.21000000 0.69815853 1.70513709
48.22000000 0.70109044 1.69951877
48.23000000 0.70405045 1.69392395
48.24000000 0.70703875 1.68835257
48.25000000 0.71005552 1.68280457
48.26000000 0.71310096 1.67727988
48.27000000 0.71617525 1.67177845
48.28000000 0.71927859 1.66630021
48.29000000 0.72241117 1.66084510
48.30000000 0.72557319 1.65541305
48.31000000 0.72876486 1.65000402
48.32000000 0.73198637 1.64461793
48.33000000 0.73523792 1.63925473
48.34000000 0.73851973 1.63391436
48.35000000 0.74183200 1.62859675
48.36000000 0.74517495 1.62330185
48.37000000 0.74854877 1.61802960
48.38000000 0.75195370 1.61277994
48.39000000 0.75538994 1.60755282
48.40000000 0.75885772 1.60234816
48.41000000 0.76235725 1.59716592
48.42000000 0.76588876 1.59200604
48.43000000 0.76945248 1.58686845
48.44000000 0.77304864 1.58175311
48.45000000 0.77667745 1.57665995
48.46000000 0.78033917 1.57158892
48.47000000 0.78403401 1.56653997
48.48000000 0.78776223 1.56151303
48.49000000 0.79152406 1.55650805
48.50000000 0.79531973 1.55152497
48.51000000 0.79914950 1.54656375
48.52000000 0.80301362 1.54162431
48.53000000 0.80691232 1.53670662
48.54000000 0.81084587 1.53181062
48.55000000 0.81481452 1.52693624
48.56000000 0.81881852 1.52208345
48.57000000 0.82285813 1.51725218
48.58000000 0.82693362 1.51244238
48.59000000 0.83104525 1.50765400
48.60000000 0.83519328 1.50288699
48.61000000 0.83937798 1.49814129
48.62000000 0.84359963 1.49341686
48.63000000 0.84785850 1.48871363
48.64000000 0.85215486 1.48403157
48.65000000 0.85648900 1.47937061
48.66000000 0.86086119 1.47473071
48.67000000 0.86527173 1.47011183
48.68000000 0.86972090 1.46551390
48.69000000 0.87420898 1.46093687
48.70000000 0.87873628 1.45638071
48.71000000 0.88330309 1.45184536
48.72000000 0.88790969 1.44733077
48.73000000 0.89255641 1.44283690
48.74000000 0.89724353 1.43836369
48.75000000 0.90197137 1.43391110
48.76000000 0.90674023 1.42947908
48.77000000 0.91155043 1.42506758
48.78000000 0.91640228 1.42067656
48.79000000 0.92129609 1.41630598
48.80000000 0.92623220 1.41195577
48.81000000 0.93121092 1.40762591
48.82000000 0.93623258 1.40331634
48.83000000 0.94129750 1.39902703
48.84000000 0.94640603 1.39475791
48.85000000 0.95155849 1.39050896
48.86000000 0.95675522 1.38628013
48.87000000 0.96199657 1.38207137
48.88000000 0.96728288 1.37788264
48.89000000 0.97261449 1.37371390
48.90000000 0.97799176 1.36956510
48.91000000 0.98341504 1.36543621
48.92000000 0.98888469 1.36132718
48.93000000 0.99440106 1.35723797
48.94000000 0.99996452 1.35316854
48.95000000 1.00557544 1.34911885
48.96000000 1.01123418 1.34508886
48.97000000 1.01694112 1.34107853
48.98000000 1.02269663 1.33708781
48.99000000 1.02850109 1.33311668
49.00000000 1.03435488 1.32916509
49.01000000 1.04025840 1.32523300
49.02000000 1.04621202 1.32132038
49.03000000 1.05221614 1.31742719
49.04000000 1.05827116 1.31355339
49.05000000 1.06437748 1.30969894
49.06000000 1.07053549 1.30586381
49.07000000 1.07674561 1.30204797
49.08000000 1.08300823 1.29825137
49.09000000 1.08932379 1.29447398
49.10000000 1.09569269 1.29071577
49.11000000 1.10211535 1.28697670
49.12000000 1.10859219 1.28325674
49.13000000 1.11512365 1.27955585
49.14000000 1.12171015 1.27587400
49.15000000 1.12835213 1.27221117
49.16000000 1.13505003 1.26856731
49.17000000 1.14180428 1.26494239
49.18000000 1.14861534 1.26133639
49.19000000 1.15548365 1.25774927
49.20000000 1.16240966 1.25418101
49.21000000 1.16939384 1.25063156
49.22000000 1.17643663 1.24710090
49.23000000 1.18353852 1.24358901
49.24000000 1.19069995 1.24009585
49.25000000 1.19792142 1.23662140
49.26000000 1.20520338 1.23316562
49.27000000 1.21254633 1.22972850
49.28000000 1.21995074 1.22630999
49.29000000 1.22741711 1.22291008
49.30000000 1.23494592 1.21952874
49.31000000 1.24253767 1.21616595
49.32000000 1.25019286 1.21282167
49.33000000 1.25791199 1.20949589
49.34000000 1.26569557 1.20618858
49.35000000 1.27354412 1.20289971
49.36000000 1.28145815 1.19962926
49.37000000 1.28943818 1.19637722
49.38000000 1.29748473 1.19314355
49.39000000 1.30559834 1.18992823
49.40000000 1.31377953 1.18673125
49.41000000 1.32202884 1.18355258
49.42000000 1.33034682 1.18039220
49.43000000 1.33873400 1.17725010
49.44000000 1.34719095 1.17412625
49.45000000 1.35571821 1.17102063
49.46000000 1.36431635 1.16793322
49.47000000 1.37298592 1.16486402
49.48000000 1.38172749 1.16181299
49.49000000 1.39054164 1.15878012
49.50000000 1.39942894 1.15576541
49.51000000 1.40838998 1.15276882
49.52000000 1.41742533 1.14979035
49.53000000 1.42653560 1.14682998
49.54000000 1.43572137 1.14388769
49.55000000 1.44498324 1.14096348
49.56000000 1.45432182 1.13805732
49.57000000 1.46373771 1.13516922
49.58000000 1.47323153 1.13229915
49.59000000 1.48280390 1.12944710
49.60000000 1.49245544 1.12661306
49.61000000 1.50218677 1.12379703
49.62000000 1.51199853 1.12099899
49.63000000 1.52189136 1.11821893
49.64000000 1.53186589 1.11545685
49.65000000 1.54192278 1.11271274
49.66000000 1.55206268 1.10998658
49.67000000 1.56228623 1.10727838
49.68000000 1.57259411 1.10458812
49.69000000 1.58298697 1.10191581
49.70000000 1.59346550 1.09926143
49.71000000 1.60403036 1.09662499
49.72000000 1.61468224 1.09400647
49.73000000 1.62542182 1.09140588
49.74000000 1.63624979 1.08882321
49.75000000 1.64716685 1.08625847
49.76000000 1.65817370 1.08371164
49.77000000 1.66927105 1.08118274
49.78000000 1.68045961 1.07867176
49.79000000 1.69174009 1.07617869
49.80000000 1.70311321 1.07370356
49.81000000 1.71457971 1.07124634
49.82000000 1.72614031 1.06880706
49.83000000 1.73779576 1.06638571
49.84000000 1.74954678 1.06398230
49.85000000 1.76139414 1.06159683
49.86000000 1.77333858 1.05922931
49.87000000 1.78538087 1.05687974
49.88000000 1.79752176 1.05454814
49.89000000 1.80976202 1.05223450
49.90000000 1.82210243 1.04993885
49.91000000 1.83454376 1.04766119
49.92000000 1.84708681 1.04540153
49.93000000 1.85973236 1.04315988
49.94000000 1.87248120 1.04093625
49.95000000 1.88533414 1.03873066
49.96000000 1.89829199 1.03654312
49.97000000 1.91135555 1.03437364
49.98000000 1.92452564 1.03222224
49.99000000 1.93780308 1.03008894
50.00000000 1.95118870 1.02797376
50.01000000 1.96468334 1.02587670
50.02000000 1.97828784 1.02379780
50.03000000 1.99200302 1.02173706
50.04000000 2.00582976 1.01969451
50.05000000 2.01976890 1.01767018
50.06000000 2.03382129 1.01566408
50.07000000 2.04798782 1.01367623
50.08000000 2.06226935 1.01170667
50.09000000 2.07666675 1.00975541
50.10000000 2.09118090 1.00782248
50.11000000 2.10581271 1.00590792
50.12000000 2.12056305 1.00401174
50.13000000 2.13543284 1.00213397
50.14000000 2.15042296 1.00027466
50.15000000 2.16553434 0.99843381
50.16000000 2.18076788 0.99661148
50.17000000 2.19612451 0.99480769
50.18000000 2.21160516 0.99302248
50.19000000 2.22721075 0.99125587
50.20000000 2.24294222 0.98950791
50.21000000 2.25880052 0.98777864
50.22000000 2.27478659 0.98606809
50.23000000 2.29090139 0.98437630
50.24000000 2.30714587 0.98270331
50.25000000 2.32352100 0.98104916
50.26000000 2.34002775 0.97941390
50.27000000 2.35666709 0.97779758
50.28000000 2.37344000 0.97620023
50.29000000 2.39034748 0.97462190
50.30000000 2.40739050 0.97306264
50.31000000 2.42457007 0.97152250
50.32000000 2.44188718 0.97000152
50.33000000 2.45934285 0.96849977
50.34000000 2.47693808 0.96701729
50.35000000 2.49467389 0.96555413
50.36000000 2.51255130 0.96411036
50.37000000 2.53057135 0.96268602
50.38000000 2.54873505 0.96128118
50.39000000 2.56704346 0.95989590
50.40000000 2.58549760 0.95853022
50.41000000 2.60409853 0.95718423
50.42000000 2.62284730 0.95585798
50.43000000 2.64174497 0.95455153
50.44000000 2.66079259 0.95326495
50.45000000 2.67999124 0.95199831
50.46000000 2.69934198 0.95075168
50.47000000 2.71884589 0.94952513
50.48000000 2.73850405 0.94831873
50.49000000 2.75831755 0.94713255
50.50000000 2.77828746 0.94596668
50.51000000 2.79841490 0.94482118
50.52000000 2.81870094 0.94369614
50.53000000 2.83914671 0.94259163
50.54000000 2.85975329 0.94150774
50.55000000 2.88052181 0.94044456
50.56000000 2.90145338 0.93940216
50.57000000 2.92254911 0.93838063
50.58000000 2.94381012 0.93738007
50.59000000 2.96523755 0.93640056
50.60000000 2.98683253 0.93544220
50.61000000 3.00859617 0.93450507
50.62000000 3.03052963 0.93358929
50.63000000 3.05263405 0.93269493
50.64000000 3.07491055 0.93182211
50.65000000 3.09736030 0.93097093
50.66000000 3.11998445 0.93014149
50.67000000 3.14278413 0.92933389
50.68000000 3.16576052 0.92854824
50.69000000 3.18891476 0.92778466
50.70000000 3.21224802 0.92704325
50.71000000 3.23576146 0.92632414
50.72000000 3.25945625 0.92562743
50.73000000 3.28333355 0.92495324
50.74000000 3.30739454 0.92430170
50.75000000 3.33164038 0.92367293
50.76000000 3.35607225 0.92306705
50.77000000 3.38069132 0.92248420
50.78000000 3.40549877 0.92192449
50.79000000 3.43049578 0.92138807
50.80000000 3.45568353 0.92087507
50.81000000 3.48106319 0.92038562
50.82000000 3.50663595 0.91991987
50.83000000 3.53240299 0.91947796
50.84000000 3.55836548 0.91906003
50.85000000 3.58452461 0.91866623
50.86000000 3.61088156 0.91829672
50.87000000 3.63743751 0.91795163
50.88000000 3.66419364 0.91763114
50.89000000 3.69115114 0.91733539
50.90000000 3.71831117 0.91706456
50.91000000 3.74567492 0.91681879
50.92000000 3.77324357 0.91659827
50.93000000 3.80101829 0.91640316
50.94000000 3.82900024 0.91623364
50.95000000 3.85719061 0.91608987
50.96000000 3.88559056 0.91597204
50.97000000 3.91420125 0.91588034
50.98000000 3.94302385 0.91581494
50.99000000 3.97205952 0.91577604
51.00000000 4.00130941 0.91576383
51.01000000 4.03077468 0.91577851
51.02000000 4.06045646 0.91582027
51.03000000 4.09035591 0.91588931
51.04000000 4.12047416 0.91598585
51.05000000 4.15081235 0.91611009
51.06000000 4.18137160 0.91626224
51.07000000 4.21215304 0.91644253
51.08000000 4.24315777 0.91665117
51.09000000 4.27438691 0.91688838
51.10000000 4.30584156 0.91715441
51.11000000 4.33752282 0.91744947
51.12000000 4.36943176 0.91777381
51.13000000 4.40156947 0.91812766
51.14000000 4.43393702 0.91851127
51.15000000 4.46653547 0.91892490
51.16000000 4.49936587 0.91936878
51.17000000 4.53242925 0.91984319
51.18000000 4.56572666 0.92034837
51.19000000 4.59925911 0.92088461
51.20000000 4.63302760 0.92145216
51.21000000 4.66703314 0.92205131
51.22000000 4.70127670 0.92268233
51.23000000 4.73575927 0.92334552
51.24000000 4.77048179 0.92404115
51.25000000 4.80544521 0.92476953
51.26000000 4.84065045 0.92553095
51.27000000 4.87609844 0.92632573
51.28000000 4.91179007 0.92715416
51.29000000 4.94772622 0.92801657
51.30000000 4.98390776 0.92891328
51.31000000 5.02033553 0.92984461
51.32000000 5.05701036 0.93081090
51.33000000 5.09393306 0.93181248
51.34000000 5.13110442 0.93284970
51.35000000 5.16852522 0.93392290
51.36000000 5.20619619 0.93503244
51.37000000 5.24411807 0.93617868
51.38000000 5.28229157 0.93736200
51.39000000 5.32071736 0.93858275
51.40000000 5.35939610 0.93984133
51.41000000 5.39832842 0.94113812
51.42000000 5.43751494 0.94247350
51.43000000 5.47695623 0.94384789
51.44000000 5.51665285 0.94526168
51.45000000 5.55660532 0.94671530
51.46000000 5.59681414 0.94820915
51.47000000 5.63727978 0.94974367
51.48000000 5.67800267 0.95131929
51.49000000 5.71898322 0.95293645
51.50000000 5.76022180 0.95459560
51.51000000 5.80171874 0.95629720
51.52000000 5.84347436 0.95804171
51.53000000 5.88548893 0.95982961
51.54000000 5.92776266 0.96166137
51.55000000 5.97029576 0.96353748
51.56000000 6.01308838 0.96545845
51.57000000 6.05614064 0.96742476
51.58000000 6.09945261 0.96943694
51.59000000 6.14302432 0.97149551
51.60000000 6.18685577 0.97360100
51.61000000 6.23094689 0.97575394
51.62000000 6.27529759 0.97795489
51.63000000 6.31990772 0.98020441
51.64000000 6.36477708 0.98250305
51.65000000 6.40990542 0.98485140
51.66000000 6.45529245 0.98725004
51.67000000 6.50093783 0.98969958
51.68000000 6.54684114 0.99220060
51.69000000 6.59300193 0.99475374
51.70000000 6.63941970 0.99735961
51.71000000 6.68609385 1.00001885
51.72000000 6.73302378 1.00273212
51.73000000 6.78020878 1.00550006
51.74000000 6.82764811 1.00832334
51.75000000 6.87534094 1.01120265
51.76000000 6.92328640 1.01413868
51.77000000 6.97148354 1.01713212
51.78000000 7.01993133 1.02018370
51.79000000 7.06862870 1.02329414
51.80000000 7.11757447 1.02646417
51.81000000 7.16676743 1.02969454
51.82000000 7.21620626 1.03298603
51.83000000 7.26588957 1.03633940
51.84000000 7.31581590 1.03975543
51.85000000 7.36598372 1.04323494
51.86000000 7.41639138 1.04677873
51.87000000 7.46703718 1.05038763
51.88000000 7.51791931 1.05406248
51.89000000 7.56903590 1.05780413
51.90000000 7.62038497 1.06161345
51.91000000 7.67196444 1.06549133
51.92000000 7.72377216 1.06943865
51.93000000 7.77580586 1.07345632
51.94000000 7.82806318 1.07754528
51.95000000 7.88054167 1.08170646
51.96000000 7.93323876 1.08594082
51.97000000 7.98615179 1.09024932
51.98000000 8.03927799 1.09463295
51.99000000 8.09261446 1.09909271
52.00000000 8.14615822 1.10362961
52.01000000 8.19990615 1.10824470
52.02000000 8.25385504 1.11293901
52.03000000 8.30800153 1.11771362
52.04000000 8.36234217 1.12256960
52.05000000 8.41687335 1.12750805
52.06000000 8.47159138 1.13253010
52.07000000 8.52649241 1.13763686
52.08000000 8.58157245 1.14282949
52.09000000 8.63682742 1.14810916
52.10000000 8.69225305 1.15347706
52.11000000 8.74784498 1.15893438
52.12000000 8.80359868 1.16448235
52.13000000 8.85950949 1.17012221
52.14000000 8.91557259 1.17585521
52.15000000 8.97178303 1.18168264
52.16000000 9.02813569 1.18760579
52.17000000 9.08462531 1.19362597
52.18000000 9.14124646 1.19974451
52.19000000 9.19799356 1.20596279
52.20000000 9.25486087 1.21228215
52.21000000 9.31184248 1.21870400
52.22000000 9.36893231 1.22522975
52.23000000 9.42612412 1.23186083
52.24000000 9.48341149 1.23859870
52.25000000 9.54078782 1.24544482
52.26000000 9.59824634 1.25240069
52.27000000 9.65578009 1.25946782
52.28000000 9.71338193 1.26664775
52.29000000 9.77104455 1.27394203
52.30000000 9.82876042 1.28135223
52.31000000 9.88652184 1.28887995
52.32000000 9.94432092 1.29652681
52.33000000 10.00214954 1.30429445
52.34000000 10.05999942 1.31218451
52.35000000 10.11786206 1.32019868
52.36000000 10.17572875 1.32833867
52.37000000 10.23359057 1.33660618
52.38000000 10.29143842 1.34500296
52.39000000 10.34926295 1.35353078
52.40000000 10.40705462 1.36219141
52.41000000 10.46480366 1.37098665
52.42000000 10.52250009 1.37991834
52.43000000 10.58013370 1.38898830
52.44000000 10.63769406 1.39819842
52.45000000 10.69517052 1.40755056
52.46000000 10.75255220 1.41704664
52.47000000 10.80982798 1.42668857
52.48000000 10.86698653 1.43647829
52.49000000 10.92401627 1.44641778
52.50000000 10.98090538 1.45650900
52.51000000 11.03764183 1.46675395
52.52000000 11.09421333 1.47715465
52.53000000 11.15060736 1.48771313
52.54000000 11.20681116 1.49843144
52.55000000 11.26281173 1.50931165
52.56000000 11.31859582 1.52035583
52.57000000 11.37414995 1.53156609
52.58000000 11.42946040 1.54294453
52.59000000 11.48451320 1.55449329
52.60000000 11.53929413 1.56621450
52.61000000 11.59378873 1.57811031
52.62000000 11.64798232 1.59018290
52.63000000 11.70185994 1.60243442
52.64000000 11.75540643 1.61486708
52.65000000 11.80860636 1.62748305
52.66000000 11.86144406 1.64028456
52.67000000 11.91390364 1.65327380
52.68000000 11.96596896 1.66645300
52.69000000 12.01762366 1.67982437
52.70000000 12.06885113 1.69339014
52.71000000 12.11963455 1.70715254
52.72000000 12.16995685 1.72111379
52.73000000 12.21980076 1.73527613
52.74000000 12.26914877 1.74964178
52.75000000 12.31798317 1.76421297
52.76000000 12.36628602 1.77899191
52.77000000 12.41403920 1.79398082
52.78000000 12.46122435 1.80918189
52.79000000 12.50782295 1.82459733
52.80000000 12.55381626 1.84022932
52.81000000 12.59918537 1.85608002
52.82000000 12.64391117 1.87215159
52.83000000 12.68797441 1.88844615
52.84000000 12.73135565 1.90496583
52.85000000 12.77403530 1.92171271
52.86000000 12.81599362 1.93868887
52.87000000 12.85721072 1.95589633
52.88000000 12.89766659 1.97333710
52.89000000 12.93734110 1.99101317
52.90000000 12.97621400 2.00892647
52.91000000 13.01426493 2.02707890
52.92000000 13.05147346 2.04547234
52.93000000 13.08781907 2.06410858
52.94000000 13.12328117 2.08298941
52.95000000 13.15783912 2.10211654
52.96000000 13.19147224 2.12149165
52.97000000 13.22415982 2.14111633
52.98000000 13.25588113 2.16099215
52.99000000 13.28661546 2.18112059
53.00000000 13.31634209 2.20150307
53.01000000 13.34504036 2.22214094
53.02000000 13.37268963 2.24303547
53.03000000 13.39926935 2.26418787
53.04000000 13.42475904 2.28559926
53.05000000 13.44913832 2.30727065
53.06000000 13.47238694 2.32920299
53.07000000 13.49448476 2.35139714
53.08000000 13.51541183 2.37385384
53.09000000 13.53514836 2.39657373
53.10000000 13.55367475 2.41955737
53.11000000 13.57097163 2.44280519
53.12000000 13.58701987 2.46631750
53.13000000 13.60180059 2.49009450
53.14000000 13.61529518 2.51413628
53.15000000 13.62748537 2.53844279
53.16000000 13.63835319 2.56301384
53.17000000 13.64788103 2.58784913
53.18000000 13.65605164 2.61294819
53.19000000 13.66284818 2.63831043
53.20000000 13.66825422 2.66393510
53.21000000 13.67225378 2.68982131
53.22000000 13.67483135 2.71596799
53.23000000 13.67597191 2.74237394
53.24000000 13.67566096 2.76903777
53.25000000 13.67388452 2.79595794
53.26000000 13.67062920 2.82313272
53.27000000 13.66588219 2.85056021
53.28000000 13.65963129 2.87823835
53.29000000 13.65186493 2.90616487
53.30000000 13.64257223 2.93433733
53.31000000 13.63174296 2.96275308
53.32000000 13.61936762 2.99140930
53.33000000 13.60543742 3.02030297
53.34000000 13.58994435 3.04943086
53.35000000 13.57288115 3.07878954
53.36000000 13.55424136 3.10837539
53.37000000 13.53401936 3.13818456
53.38000000 13.51221033 3.16821303
53.39000000 13.48881033 3.19845653
53.40000000 13.46381629 3.22891060
53.41000000 13.43722604 3.25957057
53.42000000 13.40903830 3.29043154
53.43000000 13.37925274 3.32148842
53.44000000 13.34786995 3.35273589
53.45000000 13.31489150 3.38416842
53.46000000 13.28031989 3.41578027
53.47000000 13.24415863 3.44756547
53.48000000 13.20641221 3.47951786
53.49000000 13.16708612 3.51163106
53.50000000 13.12618685 3.54389848
53.51000000 13.08372191 3.57631332
53.52000000 13.03969983 3.60886858
53.53000000 12.99413016 3.64155706
53.54000000 12.94702346 3.67437136
53.55000000 12.89839133 3.70730387
53.56000000 12.84824639 3.74034681
53.57000000 12.79660229 3.77349220
53.58000000 12.74347367 3.80673188
53.59000000 12.68887620 3.84005751
53.60000000 12.63282655 3.87346058
53.61000000 12.57534239 3.90693242
53.62000000 12.51644236 3.94046418
53.63000000 12.45614608 3.97404687
53.64000000 12.39447412 4.00767135
53.65000000 12.33144801 4.04132834
53.66000000 12.26709017 4.07500842
53.67000000 12.20142395 4.10870206
53.68000000 12.13447359 4.14239960
53.69000000 12.06626417 4.17609127
53.70000000 11.99682162 4.20976721
53.71000000 11.92617268 4.24341745
53.72000000 11.85434489 4.27703197
53.73000000 11.78136653 4.31060064
53.74000000 11.70726662 4.34411329
53.75000000 11.63207487 4.37755970
53.76000000 11.55582168 4.41092959
53.77000000 11.47853807 4.44421265
53.78000000 11.40025564 4.47739857
53.79000000 11.32100660 4.51047699
53.80000000 11.24082366 4.54343759
53.81000000 11.15974003 4.57627001
53.82000000 11.07778937 4.60896396
53.83000000 10.99500576 4.64150914
53.84000000 10.91142368 4.67389532
53.85000000 10.82707792 4.70611230
53.86000000 10.74200359 4.73814995
53.87000000 10.65623604 4.76999821
53.88000000 10.56981086 4.80164710
53.89000000 10.48276381 4.83308675
53.90000000 10.39513079 4.86430738
53.91000000 10.30694781 4.89529932
53.92000000 10.21825091 4.92605302
53.93000000 10.12907619 4.95655907
53.94000000 10.03945968 4.98680821
53.95000000 9.94943740 5.01679131
53.96000000 9.85904524 5.04649942
53.97000000 9.76831897 5.07592375
53.98000000 9.67729415 5.10505567
53.99000000 9.58600619 5.13388677
54.00000000 9.49449019 5.16240881
54.01000000 9.40278102 5.19061374
54.02000000 9.31091319 5.21849373
54.03000000 9.21892090 5.24604117
54.04000000 9.12683795 5.27324865
54.05000000 9.03469771 5.30010900
54.06000000 8.94253314 5.32661526
54.07000000 8.85037671 5.35276074
54.08000000 8.75826041 5.37853896
54.09000000 8.66621568 5.40394369
54.10000000 8.57427343 5.42896894
54.11000000 8.48246400 5.45360899
54.12000000 8.39081711 5.47785837
54.13000000 8.29936191 5.50171185
54.14000000 8.20812688 5.52516446
54.15000000 8.11713987 5.54821151
54.16000000 8.02642804 5.57084855
54.17000000 7.93601788 5.59307140
54.18000000 7.84593519 5.61487614
54.19000000 7.75620506 5.63625912
54.20000000 7.66685185 5.65721695
54.21000000 7.57789921 5.67774648
54.22000000 7.48937002 5.69784484
54.23000000 7.40128646 5.71750942
54.24000000 7.31366994 5.73673787
54.25000000 7.22654110 5.75552808
54.26000000 7.13991987 5.77387819
54.27000000 7.05382538 5.79178661
54.28000000 6.96827602 5.80925199
54.29000000 6.88328943 5.82627321
54.30000000 6.79888249 5.84284940
54.31000000 6.71507132 5.85897994
54.32000000 6.63187132 5.87466441
54.33000000 6.54929710 5.88990264
54.34000000 6.46736258 5.90469468
54.35000000 6.38608094 5.91904081
54.36000000 6.30546461 5.93294150
54.37000000 6.22552533 5.94639745
54.38000000 6.14627414 5.95940955
54.39000000 6.06772137 5.97197890
54.40000000 5.98987668 5.98410679
54.41000000 5.91274905 5.99579469
54.42000000 5.83634679 6.00704427
54.43000000 5.76067758 6.01785737
54.44000000 5.68574845 6.02823598
54.45000000 5.61156581 6.03818230
54.46000000 5.53813547 6.04769864
54.47000000 5.46546264 6.05678751
54.48000000 5.39355193 6.06545154
54.49000000 5.32240742 6.07369350
54.50000000 5.25203260 6.08151633
54.51000000 5.18243046 6.08892306
54.52000000 5.11360344 6.09591686
54.53000000 5.04555349 6.10250104
54.54000000 4.97828206 6.10867900
54.55000000 4.91179013 6.11445425
54.56000000 4.84607821 6.11983042
54.57000000 4.78114639 6.12481122
54.58000000 4.71699429 6.12940045
54.59000000 4.65362116 6.13360202
54.60000000 4.59102582 6.13741989
54.61000000 4.52920672 6.14085813
54.62000000 4.46816194 6.14392085
54.63000000 4.40788920 6.14661224
54.64000000 4.34838589 6.14893655
54.65000000 4.28964907 6.15089809
54.66000000 4.23167548 6.15250121
54.67000000 4.17446159 6.15375033
54.68000000 4.11800356 6.15464989
54.69000000 4.06229730 6.15520437
54.70000000 4.00733845 6.15541830
54.71000000 3.95312242 6.15529624
54.72000000 3.89964438 6.15484274
54.73000000 3.84689930 6.15406243
54.74000000 3.79488192 6.15295990
54.75000000 3.74358680 6.15153981
54.76000000 3.69300834 6.14980678
54.77000000 3.64314073 6.14776548
54.78000000 3.59397803 6.14542056
54.79000000 3.54551414 6.14277668
54.80000000 3.49774283 6.13983850
54.81000000 3.45065773 6.13661068
54.82000000 3.40425237 6.13309785
54.83000000 3.35852017 6.12930466
54.84000000 3.31345443 6.12523574
54.85000000 3.26904838 6.12089569
54.86000000 3.22529516 6.11628911
54.87000000 3.18218785 6.11142057
54.88000000 3.13971944 6.10629464
54.89000000 3.09788290 6.10091583
54.90000000 3.05667111 6.09528865
54.91000000 3.01607693 6.08941759
54.92000000 2.97609319 6.08330709
54.93000000 2.93671267 6.07696158
54.94000000 2.89792813 6.07038544
54.95000000 2.85973234 6.06358302
54.96000000 2.82211803 6.05655866
54.97000000 2.78507793 6.04931662
54.98000000 2.74860477 6.04186117
54.99000000 2.71269131 6.03419651
55.00000000 2.67733027 6.02632681
55.01000000 2.64251442 6.01825620
55.02000000 2.60823655 6.00998877
55.03000000 2.57448945 6.00152858
55.04000000 2.54126596 5.99287962
55.05000000 2.50855892 5.98404585
55.06000000 2.47636124 5.97503121
55.07000000 2.44466583 5.96583956
55.08000000 2.41346568 5.95647473
55.09000000 2.38275378 5.94694051
55.10000000 2.35252319 5.93724064
55.11000000 2.32276703 5.92737880
55.12000000 2.29347843 5.91735865
55.13000000 2.26465062 5.90718379
55.14000000 2.23627685 5.89685778
55.15000000 2.20835044 5.88638411
55.16000000 2.18086477 5.87576625
55.17000000 2.15381328 5.86500761
55.18000000 2.12718946 5.85411156
55.19000000 2.10098687 5.84308142
55.20000000 2.07519916 5.83192047
55.21000000 2.04981999 5.82063192
55.22000000 2.02484315 5.80921896
55.23000000 2.00026244 5.79768472
55.24000000 1.97607177 5.78603229
55.25000000 1.95226510 5.77426470
55.26000000 1.92883646 5.76238495
55.27000000 1.90577996 5.75039599
55.28000000 1.88308977 5.73830072
55.29000000 1.86076015 5.72610200
55.30000000 1.83878539 5.71380264
55.31000000 1.81715991 5.70140541
55.32000000 1.79587816 5.68891303
55.33000000 1.77493466 5.67632818
55.34000000 1.75432404 5.66365350
55.35000000 1.73404096 5.65089157
55.36000000 1.71408018 5.63804496
55.37000000 1.69443652 5.62511617
55.38000000 1.67510488 5.61210765
55.39000000 1.65608021 5.59902184
55.40000000 1.63735757 5.58586112
55.41000000 1.61893205 5.57262783
55.42000000 1.60079883 5.55932427
55.43000000 1.58295317 5.54595270
55.44000000 1.56539038 5.53251535
55.45000000 1.54810586 5.51901440
55.46000000 1.53109506 5.50545198
55.47000000 1.51435351 5.49183022
55.48000000 1.49787680 5.47815117
55.49000000 1.48166060 5.46441687
55.50000000 1.46570063 5.45062931
55.51000000 1.44999270 5.43679046
55.52000000 1.43453265 5.42290224
55.53000000 1.41931643 5.40896653
55.54000000 1.40434001 5.39498519
55.55000000 1.38959945 5.38096004
55.56000000 1.37509088 5.36689286
55.57000000 1.36081047 5.35278540
55.58000000 1.34675446 5.33863939
55.59000000 1.33291915 5.32445652
55.60000000 1.31930092 5.31023843
55.61000000 1.30589617 5.29598675
55.62000000 1.29270140 5.28170308
55.63000000 1.27971314 5.26738897
55.64000000 1.26692799 5.25304597
55.65000000 1.25434260 5.23867556
55.66000000 1.24195368 5.22427924
55.67000000 1.22975801 5.20985843
55.68000000 1.21775239 5.19541457
55.69000000 1.20593370 5.18094903
55.70000000 1.19429887 5.16646319
55.71000000 1.18284487 5.15195837
55.72000000 1.17156873 5.13743589
55.73000000 1.16046754 5.12289702
55.74000000 1.14953842 5.10834304
55.75000000 1.13877856 5.09377516
55.76000000 1.12818518 5.07919460
55.77000000 1.11775556 5.06460254
55.78000000 1.10748702 5.05000013
55.79000000 1.09737693 5.03538853
55.80000000 1.08742270 5.02076883
55.81000000 1.07762180 5.00614213
55.82000000 1.06797173 4.99150950
55.83000000 1.05847004 4.97687199
55.84000000 1.04911432 4.96223060
55.85000000 1.03990220 4.94758637
55.86000000 1.03083135 4.93294025
55.87000000 1.02189950 4.91829322
55.88000000 1.01310439 4.90364622
55.89000000 1.00444382 4.88900017
55.90000000 0.99591563 4.87435597
55.91000000 0.98751768 4.85971450
55.92000000 0.97924789 4.84507664
55.93000000 0.97110421 4.83044323
55.94000000 0.96308461 4.81581510
55.95000000 0.95518712 4.80119305
55.96000000 0.94740978 4.78657789
55.97000000 0.93975070 4.77197039
55.98000000 0.93220798 4.75737130
55.99000000 0.92477979 4.74278138
56.00000000 0.91746431 4.72820135
56.01000000 0.91025976 4.71363192
56.02000000 0.90316441 4.69907378
56.03000000 0.89617653 4.68452762
56.04000000 0.88929443 4.66999411
56.05000000 0.88251646 4.65547388
56.06000000 0.87584099 4.64096759
56.07000000 0.86926644 4.62647585
56.08000000 0.86279122 4.61199926
56.09000000 0.85641379 4.59753843
56.10000000 0.85013266 4.58309394
56.11000000 0.84394632 4.56866635
56.12000000 0.83785332 4.55425621
56.13000000 0.83185223 4.53986407
56.14000000 0.82594164 4.52549046
56.15000000 0.82012016 4.51113590
56.16000000 0.81438644 4.49680089
56.17000000 0.80873915 4.48248592
56.18000000 0.80317698 4.46819149
56.19000000 0.79769863 4.45391804
56.20000000 0.79230285 4.43966606
56.21000000 0.78698840 4.42543598
56.22000000 0.78175406 4.41122825
56.23000000 0.77659863 4.39704329
56.24000000 0.77152094 4.38288152
56.25000000 0.76651983 4.36874334
56.26000000 0.76159418 4.35462916
56.27000000 0.75674286 4.34053936
56.28000000 0.75196478 4.32647431
56.29000000 0.74725888 4.31243440
56.30000000 0.74262409 4.29841997
56.31000000 0.73805938 4.28443137
56.32000000 0.73356374 4.27046896
56.33000000 0.72913617 4.25653305
56.34000000 0.72477568 4.24262398
56.35000000 0.72048131 4.22874207
56.36000000 0.71625212 4.21488761
56.37000000 0.71208717 4.20106091
56.38000000 0.70798556 4.18726226
56.39000000 0.70394639 4.17349194
56.40000000 0.69996877 4.15975024
56.41000000 0.69605185 4.14603742
56.42000000 0.69219478 4.13235374
56.43000000 0.68839671 4.11869946
56.44000000 0.68465684 4.10507483
56.45000000 0.68097436 4.09148008
56.46000000 0.67734847 4.07791545
56.47000000 0.67377841 4.06438117
56.48000000 0.67026341 4.05087746
56.49000000 0.66680272 4.03740453
56.50000000 0.66339560 4.02396259
56.51000000 0.66004135 4.01055185
56.52000000 0.65673924 3.99717250
56.53000000 0.65348858 3.98382474
56.54000000 0.65028869 3.97050874
56.55000000 0.64713890 3.95722468
56.56000000 0.64403854 3.94397274
56.57000000 0.64098697 3.93075309
56.58000000 0.63798355 3.91756589
56.59000000 0.63502766 3.90441130
56.60000000 0.63211868 3.89128947
56.61000000 0.62925601 3.87820055
56.62000000 0.62643907 3.86514468
56.63000000 0.62366726 3.85212199
56.64000000 0.62094002 3.83913263
56.65000000 0.61825679 3.82617672
56.66000000 0.61561701 3.81325438
56.67000000 0.61302015 3.80036573
56.68000000 0.61046567 3.78751089
56.69000000 0.60795306 3.77468997
56.70000000 0.60548180 3.76190307
56.71000000 0.60305138 3.74915030
56.72000000 0.60066132 3.73643176
56.73000000 0.59831113 3.72374754
56.74000000 0.59600033 3.71109773
56.75000000 0.59372846 3.69848242
56.76000000 0.59149505 3.68590169
56.77000000 0.58929966 3.67335562
56.78000000 0.58714184 3.66084428
56.79000000 0.58502116 3.64836776
56.80000000 0.58293719 3.63592611
56.81000000 0.58088951 3.62351940
56.82000000 0.57887770 3.61114770
56.83000000 0.57690138 3.59881106
56.84000000 0.57496013 3.58650955
56.85000000 0.57305357 3.57424320
56.86000000 0.57118132 3.56201208
56.87000000 0.56934300 3.54981623
56.88000000 0.56753824 3.53765569
56.89000000 0.56576668 3.52553051
56.90000000 0.56402797 3.51344072
56.91000000 0.56232175 3.50138635
56.92000000 0.56064769 3.48936745
56.93000000 0.55900544 3.47738404
56.94000000 0.55739469 3.46543614
56.95000000 0.55581509 3.45352379
56.96000000 0.55426635 3.44164700
56.97000000 0.55274814 3.42980579
56.98000000 0.55126016 3.41800019
56.99000000 0.54980210 3.40623021
57.00000000 0.54837369 3.39449586
57.01000000 0.54697461 3.38279715
57.02000000 0.54560460 3.37113409
57.03000000 0.54426337 3.35950669
57.04000000 0.54295065 3.34791496
57.05000000 0.54166618 3.33635888
57.06000000 0.54040968 3.32483847
57.07000000 0.53918090 3.31335372
57.08000000 0.53797960 3.30190463
57.09000000 0.53680552 3.29049120
57.10000000 0.53565841 3.27911341
57.11000000 0.53453804 3.26777126
57.12000000 0.53344419 3.25646473
57.13000000 0.53237660 3.24519382
57.14000000 0.53133507 3.23395850
57.15000000 0.53031938 3.22275877
57.16000000 0.52932930 3.21159461
57.17000000 0.52836462 3.20046599
57.18000000 0.52742515 3.18937290
57.19000000 0.52651067 3.17831531
57.20000000 0.52562098 3.16729321
57.21000000 0.52475590 3.15630655
57.22000000 0.52391522 3.14535532
57.23000000 0.52309877 3.13443950
57.24000000 0.52230637 3.12355904
57.25000000 0.52153782 3.11271392
57.26000000 0.52079296 3.10190412
57.27000000 0.52007161 3.09112958
57.28000000 0.51937361 3.08039028
57.29000000 0.51869879 3.06968619
57.30000000 0.51804699 3.05901727
57.31000000 0.51741805 3.04838347
57.32000000 0.51681182 3.03778476
57.33000000 0.51622816 3.02722111
57.34000000 0.51566690 3.01669245
57.35000000 0.51512791 3.00619877
57.36000000 0.51461105 2.99574000
57.37000000 0.51411618 2.98531611
57.38000000 0.51364317 2.97492706
57.39000000 0.51319188 2.96457278
57.40000000 0.51276219 2.95425325
57.41000000 0.51235397 2.94396840
57.42000000 0.51196711 2.93371819
57.43000000 0.51160147 2.92350257
57.44000000 0.51125696 2.91332149
57.45000000 0.51093344 2.90317490
57.46000000 0.51063082 2.89306273
57.47000000 0.51034899 2.88298495
57.48000000 0.51008784 2.87294149
57.49000000 0.50984727 2.86293230
57.50000000 0.50962718 2.85295733
57.51000000 0.50942748 2.84301652
57.52000000 0.50924807 2.83310980
57.53000000 0.50908886 2.82323713
57.54000000 0.50894977 2.81339844
57.55000000 0.50883070 2.80359368
57.56000000 0.50873158 2.79382278
57.57000000 0.50865232 2.78408569
57.58000000 0.50859285 2.77438234
57.59000000 0.50855309 2.76471267
57.60000000 0.50853297 2.75507662
57.61000000 0.50853241 2.74547413
57.62000000 0.50855136 2.73590513
57.63000000 0.50858974 2.72636957
57.64000000 0.50864748 2.71686736
57.65000000 0.50872454 2.70739846
57.66000000 0.50882084 2.69796279
57.67000000 0.50893634 2.68856030
57.68000000 0.50907098 2.67919090
57.69000000 0.50922470 2.66985454
57.70000000 0.50939746 2.66055115
57.71000000 0.50958920 2.65128067
57.72000000 0.50979989 2.64204301
57.73000000 0.51002948 2.63283813
57.74000000 0.51027793 2.62366594
57.75000000 0.51054519 2.61452637
57.76000000 0.51083124 2.60541937
57.77000000 0.51113603 2.59634485
57.78000000 0.51145954 2.58730276
57.79000000 0.51180173 2.57829301
57.80000000 0.51216257 2.56931554
57.81000000 0.51254204 2.56037028
57.82000000 0.51294010 2.55145715
57.83000000 0.51335675 2.54257608
57.84000000 0.51379196 2.53372701
57.85000000 0.51424570 2.52490986
57.86000000 0.51471797 2.51612456
57.87000000 0.51520874 2.50737103
57.88000000 0.51571800 2.49864920
57.89000000 0.51624574 2.48995901
57.90000000 0.51679196 2.48130037
57.91000000 0.51735663 2.47267321
57.92000000 0.51793977 2.46407747
57.93000000 0.51854136 2.45551306
57.94000000 0.51916140 2.44697991
57.95000000 0.51979989 2.43847795
57.96000000 0.52045683 2.43000710
57.97000000 0.52113223 2.42156729
57.98000000 0.52182609 2.41315845
57.99000000 0.52253841 2.40478050
58.00000000 0.52326921 2.39643336
58.01000000 0.52401850 2.38811697
58.02000000 0.52478629 2.37983124
58.03000000 0.52557258 2.37157610
58.04000000 0.52637741 2.36335147
58.05000000 0.52720077 2.35515729
58.06000000 0.52804270 2.34699347
58.07000000 0.52890322 2.33885994
58.08000000 0.52978234 2.33075663
58.09000000 0.53068009 2.32268345
58.10000000 0.53159649 2.31464034
58.11000000 0.53253158 2.30662721
58.12000000 0.53348538 2.29864400
58.13000000 0.53445793 2.29069062
58.14000000 0.53544925 2.28276701
58.15000000 0.53645938 2.27487307
58.16000000 0.53748835 2.26700875
58.17000000 0.53853621 2.25917396
58.18000000 0.53960298 2.25136863
58.19000000 0.54068872 2.24359268
58.20000000 0.54179347 2.23584603
58.21000000 0.54291726 2.22812862
58.22000000 0.54406015 2.22044036
58.23000000 0.54522217 2.21278117
58.24000000 0.54640339 2.20515100
58.25000000 0.54760385 2.19754974
58.26000000 0.54882360 2.18997735
58.27000000 0.55006270 2.18243372
58.28000000 0.55132120 2.17491880
58.29000000 0.55259915 2.16743251
58.30000000 0.55389663 2.15997476
58.31000000 0.55521368 2.15254549
58.32000000 0.55655037 2.14514462
58.33000000 0.55790676 2.13777207
58.34000000 0.55928292 2.13042777
58.35000000 0.56067891 2.12311164
58.36000000 0.56209480 2.11582362
58.37000000 0.56353067 2.10856362
58.38000000 0.56498658 2.10133157
58.39000000 0.56646261 2.09412739
58.40000000 0.56795883 2.08695101
58.41000000 0.56947531 2.07980236
58.42000000 0.57101214 2.07268136
58.43000000 0.57256939 2.06558794
58.44000000 0.57414715 2.05852202
58.45000000 0.57574550 2.05148352
58.46000000 0.57736452 2.04447239
58.47000000 0.57900430 2.03748853
58.48000000 0.58066493 2.03053188
58.49000000 0.58234649 2.02360237
58.50000000 0.58404908 2.01669992
58.51000000 0.58577279 2.00982445
58.52000000 0.58751771 2.00297590
58.53000000 0.58928394 1.99615419
58.54000000 0.59107158 1.98935924
58.55000000 0.59288072 1.98259100
58.56000000 0.59471147 1.97584937
58.57000000 0.59656392 1.96913430
58.58000000 0.59843819 1.96244570
58.59000000 0.60033438 1.95578351
58.60000000 0.60225259 1.94914766
58.61000000 0.60419294 1.94253807
58.62000000 0.60615553 1.93595466
58.63000000 0.60814048 1.92939738
58.64000000 0.61014790 1.92286615
58.65000000 0.61217791 1.91636090
58.66000000 0.61423063 1.90988155
58.67000000 0.61630617 1.90342804
58.68000000 0.61840465 1.89700029
58.69000000 0.62052620 1.89059824
58.70000000 0.62267094 1.88422181
58.71000000 0.62483900 1.87787094
58.72000000 0.62703051 1.87154555
58.73000000 0.62924559 1.86524559
58.74000000 0.63148437 1.85897096
58.75000000 0.63374700 1.85272162
58.76000000 0.63603360 1.84649748
58.77000000 0.63834431 1.84029848
58.78000000 0.64067927 1.83412456
58.79000000 0.64303861 1.82797563
58.80000000 0.64542249 1.82185165
58.81000000 0.64783104 1.81575253
58.82000000 0.65026442 1.80967821
58.83000000 0.65272276 1.80362862
58.84000000 0.65520621 1.79760369
58.85000000 0.65771493 1.79160337
58.86000000 0.66024908 1.78562757
58.87000000 0.66280879 1.77967624
58.88000000 0.66539424 1.77374931
58.89000000 0.66800558 1.76784671
58.90000000 0.67064297 1.76196838
58.91000000 0.67330657 1.75611425
58.92000000 0.67599654 1.75028425
58.93000000 0.67871306 1.74447832
58.94000000 0.68145628 1.73869640
58.95000000 0.68422639 1.73293842
58.96000000 0.68702354 1.72720432
58.97000000 0.68984792 1.72149403
58.98000000 0.69269970 1.71580748
58.99000000 0.69557906 1.71014462
59.00000000 0.69848618 1.70450539
59.01000000 0.70142123 1.69888971
59.02000000 0.70438441 1.69329752
59.03000000 0.70737589 1.68772877
59.04000000 0.71039587 1.68218339
59.05000000 0.71344453 1.67666131
59.06000000 0.71652208 1.67116249
59.07000000 0.71962869 1.66568684
59.08000000 0.72276456 1.66023432
59.09000000 0.72592990 1.65480487
59.10000000 0.72912491 1.64939841
59.11000000 0.73234978 1.64401489
59.12000000 0.73560472 1.63865426
59.13000000 0.73888994 1.63331644
59.14000000 0.74220564 1.62800139
59.15000000 0.74555204 1.62270904
59.16000000 0.74892935 1.61743932
59.17000000 0.75233777 1.61219220
59.18000000 0.75577754 1.60696759
59.19000000 0.75924887 1.60176546
59.20000000 0.76275199 1.59658573
59.21000000 0.76628710 1.59142835
59.22000000 0.76985445 1.58629326
59.23000000 0.77345426 1.58118041
59.24000000 0.77708675 1.57608974
59.25000000 0.78075218 1.57102119
59.26000000 0.78445076 1.56597471
59.27000000 0.78818273 1.56095024
59.28000000 0.79194834 1.55594772
59.29000000 0.79574783 1.55096710
59.30000000 0.79958145 1.54600832
59.31000000 0.80344943 1.54107133
59.32000000 0.80735204 1.53615608
59.33000000 0.81128951 1.53126250
59.34000000 0.81526211 1.52639055
59.35000000 0.81927010 1.52154018
59.36000000 0.82331372 1.51671132
59.37000000 0.82739325 1.51190393
59.38000000 0.83150895 1.50711795
59.39000000 0.83566108 1.50235333
59.40000000 0.83984992 1.49761002
59.41000000 0.84407573 1.49288797
59.42000000 0.84833879 1.48818712
59.43000000 0.85263938 1.48350743
59.44000000 0.85697778 1.47884884
59.45000000 0.86135426 1.47421130
59.46000000 0.86576912 1.46959477
59.47000000 0.87022264 1.46499919
59.48000000 0.87471511 1.46042451
59.49000000 0.87924683 1.45587069
59.50000000 0.88381808 1.45133767
59.51000000 0.88842918 1.44682541
59.52000000 0.89308041 1.44233385
59.53000000 0.89777209 1.43786296
59.54000000 0.90250451 1.43341268
59.55000000 0.90727800 1.42898296
59.56000000 0.91209286 1.42457377
59.57000000 0.91694940 1.42018505
59.58000000 0.92184795 1.41581675
59.59000000 0.92678882 1.41146883
59.60000000 0.93177234 1.40714125
59.61000000 0.93679884 1.40283396
59.62000000 0.94186864 1.39854691
59.63000000 0.94698208 1.39428006
59.64000000 0.95213949 1.39003337
59.65000000 0.95734122 1.38580679
59.66000000 0.96258759 1.38160028
59.67000000 0.96787897 1.37741380
59.68000000 0.97321569 1.37324730
59.69000000 0.97859811 1.36910074
59.70000000 0.98402657 1.36497408
59.71000000 0.98950144 1.36086727
59.72000000 0.99502308 1.35678029
59.73000000 1.00059185 1.35271307
59.74000000 1.00620812 1.34866559
59.75000000 1.01187225 1.34463781
59.76000000 1.01758462 1.34062968
59.77000000 1.02334560 1.33664117
59.78000000 1.02915558 1.33267223
59.79000000 1.03501494 1.32872283
59.80000000 1.04092405 1.32479293
59.81000000 1.04688332 1.32088249
59.82000000 1.05289314 1.31699148
59.83000000 1.05895390 1.31311985
59.84000000 1.06506599 1.30926758
59.85000000 1.07122983 1.30543461
59.86000000 1.07744582 1.30162093
59.87000000 1.08371437 1.29782649
59.88000000 1.09003589 1.29405125
59.89000000 1.09641080 1.29029519
59.90000000 1.10283952 1.28655827
59.91000000 1.10932247 1.28284045
59.92000000 1.11586009 1.27914170
59.93000000 1.12245279 1.27546199
59.94000000 1.12910103 1.27180128
59.95000000 1.13580523 1.26815955
59.96000000 1.14256583 1.26453676
59.97000000 1.14938329 1.26093288
59.98000000 1.15625805 1.25734788
59.99000000 1.16319057 1.25378172
60.00000000 1.17018130 1.25023439
60.01000000 1.17723071 1.24670584
60.02000000 1.18433925 1.24319605
60.03000000 1.19150740 1.23970499
60.04000000 1.19873563 1.23623264
60.05000000 1.20602441 1.23277896
60.06000000 1.21337423 1.22934392
60.07000000 1.22078558 1.22592750
60.08000000 1.22825892 1.22252968
60.09000000 1.23579477 1.21915042
60.10000000 1.24339362 1.21578971
60.11000000 1.25105596 1.21244751
60.12000000 1.25878230 1.20912380
60.13000000 1.26657315 1.20581856
60.14000000 1.27442902 1.20253176
60.15000000 1.28235043 1.19926338
60.16000000 1.29033790 1.19601340
60.17000000 1.29839195 1.19278179
60.18000000 1.30651311 1.18956853
60.19000000 1.31470192 1.18637361
60.20000000 1.32295891 1.18319699
60.21000000 1.33128463 1.18003866
60.22000000 1.33967962 1.17689861
60.23000000 1.34814443 1.17377680
60.24000000 1.35667962 1.17067323
60.25000000 1.36528574 1.16758787
60.26000000 1.37396336 1.16452070
60.27000000 1.38271305 1.16147171
60.28000000 1.39153538 1.15844089
60.29000000 1.40043093 1.15542821
60.30000000 1.40940028 1.15243365
60.31000000 1.41844401 1.14945721
60.32000000 1.42756272 1.14649887
60.33000000 1.43675700 1.14355861
60.34000000 1.44602745 1.14063643
60.35000000 1.45537467 1.13773230
60.36000000 1.46479928 1.13484622
60.37000000 1.47430189 1.13197817
60.38000000 1.48388311 1.12912815
60.39000000 1.49354357 1.12629613
60.40000000 1.50328390 1.12348212
60.41000000 1.51310473 1.12068610
60.42000000 1.52300669 1.11790806
60.43000000 1.53299044 1.11514799
60.44000000 1.54305661 1.11240589
60.45000000 1.55320586 1.10968175
60.46000000 1.56343884 1.10697557
60.47000000 1.57375623 1.10428732
60.48000000 1.58415867 1.10161702
60.49000000 1.59464685 1.09896466
60.50000000 1.60522144 1.09633023
60.51000000 1.61588313 1.09371372
60.52000000 1.62663259 1.09111514
60.53000000 1.63747053 1.08853449
60.54000000 1.64839763 1.08597175
60.55000000 1.65941461 1.08342694
60.56000000 1.67052216 1.08090005
60.57000000 1.68172099 1.07839107
60.58000000 1.69301183 1.07590002
60.59000000 1.70439540 1.07342690
60.60000000 1.71587243 1.07097170
60.61000000 1.72744363 1.06853443
60.62000000 1.73910977 1.06611509
60.63000000 1.75087157 1.06371369
60.64000000 1.76272978 1.06133023
60.65000000 1.77468517 1.05896473
60.66000000 1.78673848 1.05661718
60.67000000 1.79889048 1.05428759
60.68000000 1.81114194 1.05197597
60.69000000 1.82349364 1.04968234
60.70000000 1.83594635 1.04740670
60.71000000 1.84850086 1.04514906
60.72000000 1.86115797 1.04290943
60.73000000 1.87391845 1.04068782
60.74000000 1.88678313 1.03848426
60.75000000 1.89975279 1.03629874
60.76000000 1.91282827 1.03413129
60.77000000 1.92601036 1.03198193
60.78000000 1.93929991 1.02985066
60.79000000 1.95269773 1.02773751
60.80000000 1.96620465 1.02564249
60.81000000 1.97982152 1.02356562
60.82000000 1.99354919 1.02150692
60.83000000 2.00738850 1.01946642
60.84000000 2.02134030 1.01744413
60.85000000 2.03540546 1.01544008
60.86000000 2.04958485 1.01345428
60.87000000 2.06387934 1.01148677
60.88000000 2.07828980 1.00953757
60.89000000 2.09281712 1.00760670
60.90000000 2.10746218 1.00569420
60.91000000 2.12222588 1.00380008
60.92000000 2.13710913 1.00192439
60.93000000 2.15211281 1.00006714
60.94000000 2.16723785 0.99822838
60.95000000 2.18248516 0.99640812
60.96000000 2.19785567 0.99460641
60.97000000 2.21335029 0.99282329
60.98000000 2.22896996 0.99105877
60.99000000 2.24471562 0.98931291
61.00000000 2.26058821 0.98758573
61.01000000 2.27658868 0.98587729
61.02000000 2.29271798 0.98418760
61.03000000 2.30897708 0.98251673
61.04000000 2.32536693 0.98086470
61.05000000 2.34188851 0.97923156
61.06000000 2.35854280 0.97761736
61.07000000 2.37533076 0.97602215
61.08000000 2.39225340 0.97444595
61.09000000 2.40931170 0.97288884
61.10000000 2.42650665 0.97135085
61.11000000 2.44383926 0.96983203
61.12000000 2.46131054 0.96833243
61.13000000 2.47892150 0.96685212
61.14000000 2.49667315 0.96539114
61.15000000 2.51456652 0.96394954
61.16000000 2.53260263 0.96252739
61.17000000 2.55078253 0.96112474
61.18000000 2.56910724 0.95974165
61.19000000 2.58757780 0.95837819
61.20000000 2.60619527 0.95703440
61.21000000 2.62496070 0.95571037
61.22000000 2.64387514 0.95440615
61.23000000 2.66293966 0.95312180
61.24000000 2.68215533 0.95185741
61.25000000 2.70152320 0.95061303
61.26000000 2.72104437 0.94938873
61.27000000 2.74071991 0.94818460
61.28000000 2.76055090 0.94700070
61.29000000 2.78053844 0.94583711
61.30000000 2.80068362 0.94469390
61.31000000 2.82098754 0.94357116
61.32000000 2.84145130 0.94246896
61.33000000 2.86207600 0.94138739
61.34000000 2.88286276 0.94032654
61.35000000 2.90381270 0.93928647
61.36000000 2.92492692 0.93826730
61.37000000 2.94620656 0.93726909
61.38000000 2.96765273 0.93629195
61.39000000 2.98926658 0.93533597
61.40000000 3.01104923 0.93440123
61.41000000 3.03300182 0.93348785
61.42000000 3.05512549 0.93259590
61.43000000 3.07742138 0.93172551
61.44000000 3.09989064 0.93087676
61.45000000 3.12253443 0.93004976
61.46000000 3.14535389 0.92924462
61.47000000 3.16835017 0.92846145
61.48000000 3.19152445 0.92770035
61.49000000 3.21487787 0.92696144
61.50000000 3.23841161 0.92624483
61.51000000 3.26212682 0.92555064
61.52000000 3.28602468 0.92487899
61.53000000 3.31010635 0.92423000
61.54000000 3.33437301 0.92360379
61.55000000 3.35882583 0.92300049
61.56000000 3.38346599 0.92242023
61.57000000 3.40829466 0.92186313
61.58000000 3.43331301 0.92132933
61.59000000 3.45852224 0.92081896
61.60000000 3.48392351 0.92033217
61.61000000 3.50951802 0.91986909
61.62000000 3.53530693 0.91942986
61.63000000 3.56129143 0.91901463
61.64000000 3.58747270 0.91862355
61.65000000 3.61385193 0.91825677
61.66000000 3.64043028 0.91791444
61.67000000 3.66720896 0.91759671
61.68000000 3.69418912 0.91730375
61.69000000 3.72137196 0.91703572
61.70000000 3.74875865 0.91679279
61.71000000 3.77635037 0.91657511
61.72000000 3.80414828 0.91638286
61.73000000 3.83215357 0.91621621
61.74000000 3.86036740 0.91607535
61.75000000 3.88879094 0.91596045
61.76000000 3.91742536 0.91587169
61.77000000 3.94627181 0.91580925
61.78000000 3.97533147 0.91577334
61.79000000 4.00460547 0.91576414
61.80000000 4.03409498 0.91578184
61.81000000 4.06380113 0.91582665
61.82000000 4.09372508 0.91589877
61.83000000 4.12386796 0.91599841
61.84000000 4.15423090 0.91612577
61.85000000 4.18481503 0.91628107
61.86000000 4.21562147 0.91646453
61.87000000 4.24665133 0.91667636
61.88000000 4.27790573 0.91691680
61.89000000 4.30938576 0.91718607
61.90000000 4.34109251 0.91748441
61.91000000 4.37302707 0.91781204
61.92000000 4.40519053 0.91816923
61.93000000 4.43758394 0.91855619
61.94000000 4.47020836 0.91897320
61.95000000 4.50306486 0.91942050
61.96000000 4.53615445 0.91989834
61.97000000 4.56947819 0.92040700
61.98000000 4.60303707 0.92094674
61.99000000 4.63683212 0.92151782
62.00000000 4.67086432 0.92212053
62.01000000 4.70513466 0.92275515
62.02000000 4.73964411 0.92342196
62.03000000 4.77439362 0.92412126
62.04000000 4.80938413 0.92485333
62.05000000 4.84461658 0.92561848
62.06000000 4.88009186 0.92641702
62.07000000 4.91581089 0.92724925
62.08000000 4.95177454 0.92811549
62.09000000 4.98798367 0.92901607
62.10000000 5.02443912 0.92995131
62.11000000 5.06114173 0.93092154
62.12000000 5.09809230 0.93192710
62.13000000 5.13529162 0.93296834
62.14000000 5.17274045 0.93404560
62.15000000 5.21043955 0.93515925
62.16000000 5.24838963 0.93630963
62.17000000 5.28659141 0.93749713
62.18000000 5.32504555 0.93872211
62.19000000 5.36375272 0.93998495
62.20000000 5.40271354 0.94128605
62.21000000 5.44192862 0.94262580
62.22000000 5.48139854 0.94400459
62.23000000 5.52112385 0.94542283
62.24000000 5.56110506 0.94688093
62.25000000 5.60134268 0.94837933
62.26000000 5.64183717 0.94991844
62.27000000 5.68258896 0.95149870
62.28000000 5.72359845 0.95312055
62.29000000 5.76486601 0.95478444
62.30000000 5.80639197 0.95649084
62.31000000 5.84817664 0.95824020
62.32000000 5.89022028 0.96003299
62.33000000 5.93252311 0.96186970
62.34000000 5.97508533 0.96375083
62.35000000 6.01790708 0.96567685
62.36000000 6.06098849 0.96764829
62.37000000 6.10432961 0.96966565
62.38000000 6.14793047 0.97172946
62.39000000 6.19179106 0.97384024
62.40000000 6.23591132 0.97599855
62.41000000 6.28029114 0.97820492
62.42000000 6.32493038 0.98045992
62.43000000 6.36982881 0.98276411
62.44000000 6.41498620 0.98511808
62.45000000 6.46040225 0.98752240
62.46000000 6.50607659 0.98997768
62.47000000 6.55200882 0.99248453
62.48000000 6.59819848 0.99504355
62.49000000 6.64464505 0.99765538
62.50000000 6.69134794 1.00032065
62.51000000 6.73830653 1.00304002
62.52000000 6.78552012 1.00581414
62.53000000 6.83298793 1.00864367
62.54000000 6.88070916 1.01152931
62.55000000 6.92868292 1.01447175
62.56000000 6.97690823 1.01747168
62.57000000 7.02538409 1.02052983
62.58000000 7.07410939 1.02364692
62.59000000 7.12308297 1.02682368
62.60000000 7.17230359 1.03006088
62.61000000 7.22176993 1.03335927
62.62000000 7.27148059 1.03671963
62.63000000 7.32143410 1.04014275
62.64000000 7.37162891 1.04362943
62.65000000 7.42206339 1.04718049
62.66000000 7.47273580 1.05079675
62.67000000 7.52364435 1.05447905
62.68000000 7.57478713 1.05822825
62.69000000 7.62616216 1.06204522
62.70000000 7.67776735 1.06593085
62.71000000 7.72960054 1.06988602
62.72000000 7.78165946 1.07391165
62.73000000 7.83394173 1.07800866
62.74000000 7.88644488 1.08217801
62.75000000 7.93916634 1.08642064
62.76000000 7.99210344 1.09073752
62.77000000 8.04525337 1.09512964
62.78000000 8.09861326 1.09959801
62.79000000 8.15218009 1.10414364
62.80000000 8.20595074 1.10876756
62.81000000 8.25992197 1.11347083
62.82000000 8.31409043 1.11825452
62.83000000 8.36845263 1.12311970
62.84000000 8.42300497 1.12806748
62.85000000 8.47774373 1.13309897
62.86000000 8.53266505 1.13821531
62.87000000 8.58776493 1.14341766
62.88000000 8.64303926 1.14870717
62.89000000 8.69848378 1.15408504
62.90000000 8.75409410 1.15955247
62.91000000 8.80986566 1.16511069
62.92000000 8.86579381 1.17076094
62.93000000 8.92187369 1.17650448
62.94000000 8.97810035 1.18234259
62.95000000 9.03446864 1.18827656
62.96000000 9.09097329 1.19430771
62.97000000 9.14760886 1.20043738
62.98000000 9.20436974 1.20666693
62.99000000 9.26125018 1.21299773
63.00000000 9.31824424 1.21943117
63.01000000 9.37534583 1.22596867
63.02000000 9.43254869 1.23261166
63.03000000 9.48984637 1.23936160
63.04000000 9.54723226 1.24621996
63.05000000 9.60469957 1.25318824
63.06000000 9.66224133 1.26026796
63.07000000 9.71985036 1.26746064
63.08000000 9.77751933 1.27476785
63.09000000 9.83524070 1.28219116
63.10000000 9.89300675 1.28973218
63.11000000 9.95080955 1.29739251
63.12000000 10.00864097 1.30517380
63.13000000 10.06649271 1.31307771
63.14000000 10.12435624 1.32110591
63.15000000 10.18222283 1.32926012
63.16000000 10.24008355 1.33754206
63.17000000 10.29792925 1.34595346
63.18000000 10.35575057 1.35449609
63.19000000 10.41353794 1.36317173
63.20000000 10.47128158 1.37198220
63.21000000 10.52897147 1.38092931
63.22000000 10.58659738 1.39001491
63.23000000 10.64414886 1.39924087
63.24000000 10.70161523 1.40860907
63.25000000 10.75898559 1.41812142
63.26000000 10.81624878 1.42777984
63.27000000 10.87339346 1.43758628
63.28000000 10.93040800 1.44754269
63.29000000 10.98728059 1.45765107
63.30000000 11.04399914 1.46791340
63.31000000 11.10055135 1.47833170
63.32000000 11.15692467 1.48890802
63.33000000 11.21310632 1.49964439
63.34000000 11.26908325 1.51054290
63.35000000 11.32484222 1.52160562
63.36000000 11.38036969 1.53283464
63.37000000 11.43565192 1.54423209
63.38000000 11.49067492 1.55580010
63.39000000 11.54542444 1.56754080
63.40000000 11.59988600 1.57945634
63.41000000 11.65404488 1.59154890
63.42000000 11.70788610 1.60382064
63.43000000 11.76139447 1.61627376
63.44000000 11.81455452 1.62891045
63.45000000 11.86735059 1.64173292
63.46000000 11.91976673 1.65474337
63.47000000 11.97178679 1.66794402
63.48000000 12.02339437 1.68133709
63.49000000 12.07457285 1.69492482
63.50000000 12.12530537 1.70870943
63.51000000 12.17557485 1.72269314
63.52000000 12.22536398 1.73687818
63.53000000 12.27465524 1.75126679
63.54000000 12.32343088 1.76586118
63.55000000 12.37167295 1.78066357
63.56000000 12.41936330 1.79567618
63.57000000 12.46648355 1.81090121
63.58000000 12.51301515 1.82634084
63.59000000 12.55893936 1.84199727
63.60000000 12.60423722 1.85787265
63.61000000 12.64888963 1.87396913
63.62000000 12.69287731 1.89028886
63.63000000 12.73618079 1.90683393
63.64000000 12.77878047 1.92360644
63.65000000 12.82065659 1.94060845
63.66000000 12.86178926 1.95784200
63.67000000 12.90215845 1.97530908
63.68000000 12.94174401 1.99301168
63.69000000 12.98052567 2.01095172
63.70000000 13.01848309 2.02913111
63.71000000 13.05559580 2.04755170
63.72000000 13.09184328 2.06621531
63.73000000 13.12720494 2.08512369
63.74000000 13.16166013 2.10427857
63.75000000 13.19518817 2.12368161
63.76000000 13.22776834 2.14333440
63.77000000 13.25937991 2.16323850
63.78000000 13.29000218 2.18339538
63.79000000 13.31961443 2.20380645
63.80000000 13.34819600 2.22447307
63.81000000 13.37572626 2.24539648
63.82000000 13.40218467 2.26657790
63.83000000 13.42755075 2.28801841
63.84000000 13.45180415 2.30971904
63.85000000 13.47492461 2.33168073
63.86000000 13.49689204 2.35390430
63.87000000 13.51768648 2.37639051
63.88000000 13.53728817 2.39913998
63.89000000 13.55567754 2.42215324
63.90000000 13.57283524 2.44543073
63.91000000 13.58874216 2.46897274
63.92000000 13.60337946 2.49277946
63.93000000 13.61672857 2.51685095
63.94000000 13.62877124 2.54118716
63.95000000 13.63948955 2.56578788
63.96000000 13.64886592 2.59065280
63.97000000 13.65688315 2.61578143
63.98000000 13.66352445 2.64117316
63.99000000 13.66877343 2.66682723
64.00000000 13.67261417 2.69274272
64.01000000 13.67503121 2.71891857
64.02000000 13.67600959 2.74535353
64.03000000 13.67553485 2.77204621
64.04000000 13.67359310 2.79899504
64.05000000 13.67017099 2.82619828
64.06000000 13.66525580 2.85365401
64.07000000 13.65883539 2.88136014
64.08000000 13.65089827 2.90931439
64.09000000 13.64143362 2.93751428
64.10000000 13.63043130 2.96595716
64.11000000 13.61788188 2.99464019
64.12000000 13.60377667 3.02356031
64.13000000 13.58810774 3.05271427
64.14000000 13.57086791 3.08209863
64.15000000 13.55205082 3.11170974
64.16000000 13.53165093 3.14154373
64.17000000 13.50966353 3.17159654
64.18000000 13.48608477 3.20186390
64.19000000 13.46091168 3.23234132
64.20000000 13.43414220 3.26302409
64.21000000 13.40577514 3.29390731
64.22000000 13.37581028 3.32498585
64.23000000 13.34424832 3.35625437
64.24000000 13.31109093 3.38770731
64.25000000 13.27634072 3.41933891
64.26000000 13.24000132 3.45114319
64.27000000 13.20207733 3.48311395
64.28000000 13.16257434 3.51524478
64.29000000 13.12149897 3.54752909
64.30000000 13.07885883 3.57996004
64.31000000 13.03466258 3.61253062
64.32000000 12.98891986 3.64523359
64.33000000 12.94164137 3.67806154
64.34000000 12.89283882 3.71100683
64.35000000 12.84252494 3.74406167
64.36000000 12.79071348 3.77721805
64.37000000 12.73741921 3.81046780
64.38000000 12.68265792 3.84380255
64.39000000 12.62644638 3.87721377
64.40000000 12.56880238 3.91069278
64.41000000 12.50974465 3.94423070
64.42000000 12.44929294 3.97781854
64.43000000 12.38746792 4.01144713
64.44000000 12.32429122 4.04510719
64.45000000 12.25978536 4.07878927
64.46000000 12.19397381 4.11248383
64.47000000 12.12688088 4.14618120
64.48000000 12.05853176 4.17987160
64.49000000 11.98895247 4.21354515
64.50000000 11.91816985 4.24719188
64.51000000 11.84621151 4.28080176
64.52000000 11.77310582 4.31436465
64.53000000 11.69888188 4.34787038
64.54000000 11.62356949 4.38130871
64.55000000 11.54719910 4.41466937
64.56000000 11.46980181 4.44794205
64.57000000 11.39140929 4.48111642
64.58000000 11.31205380 4.51418213
64.59000000 11.23176811 4.54712886
64.60000000 11.15058549 4.57994626
64.61000000 11.06853965 4.61262402
64.62000000 10.98566471 4.64515187
64.63000000 10.90199518 4.67751956
64.64000000 10.81756590 4.70971692
64.65000000 10.73241200 4.74173381
64.66000000 10.64656887 4.77356019
64.67000000 10.56007212 4.80518610
64.68000000 10.47295752 4.83660165
64.69000000 10.38526098 4.86779709
64.70000000 10.29701853 4.89876276
64.71000000 10.20826621 4.92948914
64.72000000 10.11904011 4.95996682
64.73000000 10.02937628 4.99018655
64.74000000 9.93931070 5.02013923
64.75000000 9.84887926 5.04981593
64.76000000 9.75811771 5.07920787
64.77000000 9.66706161 5.10830645
64.78000000 9.57574631 5.13710327
64.79000000 9.48420690 5.16559011
64.80000000 9.39247821 5.19375896
64.81000000 9.30059472 5.22160201
64.82000000 9.20859058 5.24911166
64.83000000 9.11649954 5.27628053
64.84000000 9.02435494 5.30310149
64.85000000 8.93218967 5.32956759
64.86000000 8.84003617 5.35567217
64.87000000 8.74792634 5.38140878
64.88000000 8.65589158 5.40677121
64.89000000 8.56396273 5.43175352
64.90000000 8.47217007 5.45635000
64.91000000 8.38054326 5.48055520
64.92000000 8.28911136 5.50436393
64.93000000 8.19790279 5.52777125
64.94000000 8.10694532 5.55077251
64.95000000 8.01626604 5.57336327
64.96000000 7.92589136 5.59553938
64.97000000 7.83584700 5.61729697
64.98000000 7.74615797 5.63863240
64.99000000 7.65684855 5.65954231
65.00000000 7.56794230 5.68002359
65.01000000 7.47946204 5.70007340
65.02000000 7.39142984 5.71968915
65.03000000 7.30386703 5.73886851
65.04000000 7.21679419 5.75760942
65.05000000 7.13023113 5.77591004
65.06000000 7.04419691 5.79376880
65.07000000 6.95870985 5.81118438
65.08000000 6.87378749 5.82815570
65.09000000 6.78944662 5.84468190
65.10000000 6.70570329 5.86076239
65.11000000 6.62257280 5.87639678
65.12000000 6.54006970 5.89158493
65.13000000 6.45820781 5.90632692
65.14000000 6.37700022 5.92062302
65.15000000 6.29645930 5.93447376
65.16000000 6.21659671 5.94787985
65.17000000 6.13742340 5.96084221
65.18000000 6.05894963 5.97336194
65.19000000 5.98118498 5.98544038
65.20000000 5.90413835 5.99707900
65.21000000 5.82781799 6.00827950
65.22000000 5.75223150 6.01904373
65.23000000 5.67738583 6.02937372
65.24000000 5.60328735 6.03927166
65.25000000 5.52994177 6.04873991
65.26000000 5.45735425 6.05778096
65.27000000 5.38552934 6.06639748
65.28000000 5.31447104 6.07459226
65.29000000 5.24418280 6.08236823
65.30000000 5.17466754 6.08972846
65.31000000 5.10592764 6.09667613
65.32000000 5.03796500 6.10321455
65.33000000 4.97078101 6.10934713
65.34000000 4.90437660 6.11507742
65.35000000 4.83875223 6.12040903
65.36000000 4.77390794 6.12534569
65.37000000 4.70984331 6.12989122
65.38000000 4.64655753 6.13404953
65.39000000 4.58404939 6.13782459
65.40000000 4.52231730 6.14122048
65.41000000 4.46135928 6.14424131
65.42000000 4.40117303 6.14689129
65.43000000 4.34175589 6.14917468
65.44000000 4.28310489 6.15109577
65.45000000 4.22521675 6.15265895
65.46000000 4.16808788 6.15386861
65.47000000 4.11171443 6.15472922
65.48000000 4.05609227 6.15524526
65.49000000 4.00121701 6.15542126
65.50000000 3.94708405 6.15526177
65.51000000 3.89368853 6.15477137
65.52000000 3.84102537 6.15395466
65.53000000 3.78908933 6.15281626
65.54000000 3.73787493 6.15136082
65.55000000 3.68737653 6.14959296
65.56000000 3.63758833 6.14751735
65.57000000 3.58850436 6.14513865
65.58000000 3.54011851 6.14246151
65.59000000 3.49242453 6.13949059
65.60000000 3.44541604 6.13623055
65.61000000 3.39908656 6.13268603
65.62000000 3.35342949 6.12886167
65.63000000 3.30843812 6.12476209
65.64000000 3.26410568 6.12039190
65.65000000 3.22042530 6.11575569
65.66000000 3.17739004 6.11085804
65.67000000 3.13499290 6.10570350
65.68000000 3.09322682 6.10029659
65.69000000 3.05208470 6.09464183
65.70000000 3.01155939 6.08874367
65.71000000 2.97164370 6.08260658
65.72000000 2.93233043 6.07623497
65.73000000 2.89361233 6.06963321
65.74000000 2.85548216 6.06280568
65.75000000 2.81793265 6.05575667
65.76000000 2.78095654 6.04849047
65.77000000 2.74454656 6.04101133
65.78000000 2.70869545 6.03332345
65.79000000 2.67339596 6.02543100
65.80000000 2.63864085 6.01733810
65.81000000 2.60442290 6.00904884
65.82000000 2.57073492 6.00056726
65.83000000 2.53756974 5.99189736
65.84000000 2.50492022 5.98304310
65.85000000 2.47277926 5.97400840
65.86000000 2.44113978 5.96479713
65.87000000 2.40999477 5.95541310
65.88000000 2.37933723 5.94586010
65.89000000 2.34916023 5.93614187
65.90000000 2.31945688 5.92626209
65.91000000 2.29022034 5.91622440
65.92000000 2.26144382 5.90603240
65.93000000 2.23312058 5.89568963
65.94000000 2.20524397 5.88519961
65.95000000 2.17780735 5.87456578
65.96000000 2.15080417 5.86379156
65.97000000 2.12422795 5.85288030
65.98000000 2.09807224 5.84183532
65.99000000 2.07233068 5.83065988
66.00000000 2.04699698 5.81935721
66.01000000 2.02206490 5.80793049
66.02000000 1.99752827 5.79638283
66.03000000 1.97338099 5.78471732
66.04000000 1.94961704 5.77293700
66.05000000 1.92623046 5.76104485
66.06000000 1.90321536 5.74904381
66.07000000 1.88056592 5.73693679
66.08000000 1.85827640 5.72472664
66.09000000 1.83634113 5.71241616
66.10000000 1.81475450 5.70000811
66.11000000 1.79351097 5.68750522
66.12000000 1.77260511 5.67491016
66.13000000 1.75203151 5.66222556
66.14000000 1.73178486 5.64945401
66.15000000 1.71185993 5.63659805
66.16000000 1.69225154 5.62366018
66.17000000 1.67295459 5.61064287
66.18000000 1.65396407 5.59754854
66.19000000 1.63527501 5.58437956
66.20000000 1.61688253 5.57113827
66.21000000 1.59878182 5.55782696
66.22000000 1.58096814 5.54444790
66.23000000 1.56343681 5.53100330
66.24000000 1.54618323 5.51749534
66.25000000 1.52920287 5.50392617
66.26000000 1.51249126 5.49029787
66.27000000 1.49604401 5.47661252
66.28000000 1.47985677 5.46287215
66.29000000 1.46392530 5.44907874
66.30000000 1.44824539 5.43523425
66.31000000 1.43281291 5.42134060
66.32000000 1.41762379 5.40739968
66.33000000 1.40267404 5.39341333
66.34000000 1.38795971 5.37938338
66.35000000 1.37347693 5.36531159
66.36000000 1.35922189 5.35119972
66.37000000 1.34519083 5.33704949
66.38000000 1.33138007 5.32286258
66.39000000 1.31778597 5.30864064
66.40000000 1.30440496 5.29438530
66.41000000 1.29123354 5.28009813
66.42000000 1.27826824 5.26578071
66.43000000 1.26550567 5.25143455
66.44000000 1.25294250 5.23706117
66.45000000 1.24057543 5.22266202
66.46000000 1.22840124 5.20823856
66.47000000 1.21641675 5.19379219
66.48000000 1.20461885 5.17932431
66.49000000 1.19300446 5.16483627
66.50000000 1.18157057 5.15032940
66.51000000 1.17031421 5.13580502
66.52000000 1.15923248 5.12126440
66.53000000 1.14832249 5.10670879
66.54000000 1.13758145 5.09213943
66.55000000 1.12700658 5.07755752
66.56000000 1.11659517 5.06296424
66.57000000 1.10634454 5.04836075
66.58000000 1.09625207 5.03374818
66.59000000 1.08631518 5.01912765
66.60000000 1.07653133 5.00450023
66.61000000 1.06689804 4.98986700
66.62000000 1.05741285 4.97522900
66.63000000 1.04807336 4.96058725
66.64000000 1.03887721 4.94594275
66.65000000 1.02982207 4.93129648
66.66000000 1.02090567 4.91664941
66.67000000 1.01212577 4.90200247
66.68000000 1.00348017 4.88735658
66.69000000 0.99496670 4.87271264
66.70000000 0.98658324 4.85807154
66.71000000 0.97832771 4.84343414
66.72000000 0.97019805 4.82880128
66.73000000 0.96219225 4.81417379
66.74000000 0.95430834 4.79955248
66.75000000 0.94654437 4.78493813
66.76000000 0.93889843 4.77033154
66.77000000 0.93136866 4.75573345
66.78000000 0.92395321 4.74114460
66.79000000 0.91665027 4.72656572
66.80000000 0.90945807 4.71199752
66.81000000 0.90237486 4.69744070
66.82000000 0.89539893 4.68289592
66.83000000 0.88852860 4.66836387
66.84000000 0.88176221 4.65384518
66.85000000 0.87509815 4.63934049
66.86000000 0.86853482 4.62485041
66.87000000 0.86207065 4.61037557
66.88000000 0.85570411 4.59591654
66.89000000 0.84943369 4.58147392
66.90000000 0.84325789 4.56704826
66.91000000 0.83717528 4.55264011
66.92000000 0.83118442 4.53825003
66.93000000 0.82528389 4.52387853
66.94000000 0.81947233 4.50952614
66.95000000 0.81374838 4.49519335
66.96000000 0.80811071 4.48088067
66.97000000 0.80255800 4.46658856
66.98000000 0.79708899 4.45231751
66.99000000 0.79170240 4.43806796
67.00000000 0.78639700 4.42384037
67.01000000 0.78117157 4.40963517
67.02000000 0.77602493 4.39545279
67.03000000 0.77095589 4.38129365
67.04000000 0.76596330 4.36715814
67.05000000 0.76104604 4.35304668
67.06000000 0.75620300 4.33895963
67.07000000 0.75143308 4.32489739
67.08000000 0.74673520 4.31086032
67.09000000 0.74210833 4.29684877
67.10000000 0.73755143 4.28286310
67.11000000 0.73306347 4.26890364
67.12000000 0.72864348 4.25497073
67.13000000 0.72429045 4.24106469
67.14000000 0.72000345 4.22718584
67.15000000 0.71578151 4.21333449
67.16000000 0.71162372 4.19951092
67.17000000 0.70752916 4.18571544
67.18000000 0.70349694 4.17194832
67.19000000 0.69952618 4.15820985
67.20000000 0.69561602 4.14450028
67.21000000 0.69176561 4.13081989
67.22000000 0.68797411 4.11716893
67.23000000 0.68424072 4.10354763
67.24000000 0.68056463 4.08995625
67.25000000 0.67694505 4.07639502
67.26000000 0.67338120 4.06286416
67.27000000 0.66987233 4.04936389
67.28000000 0.66641769 4.03589443
67.29000000 0.66301655 4.02245599
67.30000000 0.65966818 4.00904876
67.31000000 0.65637188 3.99567294
67.32000000 0.65312695 3.98232873
67.33000000 0.64993271 3.96901631
67.34000000 0.64678850 3.95573585
67.35000000 0.64369365 3.94248753
67.36000000 0.64064751 3.92927151
67.37000000 0.63764946 3.91608796
67.38000000 0.63469886 3.90293704
67.39000000 0.63179512 3.88981890
67.40000000 0.62893761 3.87673368
67.41000000 0.62612576 3.86368152
67.42000000 0.62335898 3.85066257
67.43000000 0.62063671 3.83767695
67.44000000 0.61795838 3.82472480
67.45000000 0.61532344 3.81180624
67.46000000 0.61273137 3.79892138
67.47000000 0.61018161 3.78607034
67.48000000 0.60767367 3.77325323
67.49000000 0.60520701 3.76047016
67.50000000 0.60278115 3.74772123
67.51000000 0.60039559 3.73500654
67.52000000 0.59804984 3.72232617
67.53000000 0.59574344 3.70968023
67.54000000 0.59347590 3.69706879
67.55000000 0.59124678 3.68449195
67.56000000 0.58905563 3.67194977
67.57000000 0.58690200 3.65944234
67.58000000 0.58478546 3.64696972
67.59000000 0.58270558 3.63453199
67.60000000 0.58066195 3.62212921
67.61000000 0.57865415 3.60976145
67.62000000 0.57668178 3.59742875
67.63000000 0.57474444 3.58513118
67.64000000 0.57284175 3.57286878
67.65000000 0.57097333 3.56064162
67.66000000 0.56913879 3.54844973
67.67000000 0.56733778 3.53629316
67.68000000 0.56556992 3.52417194
67.69000000 0.56383487 3.51208612
67.70000000 0.56213228 3.50003574
67.71000000 0.56046181 3.48802081
67.72000000 0.55882311 3.47604139
67.73000000 0.55721587 3.46409748
67.74000000 0.55563975 3.45218911
67.75000000 0.55409445 3.44031632
67.76000000 0.55257965 3.42847911
67.77000000 0.55109504 3.41667751
67.78000000 0.54964033 3.40491152
67.79000000 0.54821521 3.39318117
67.80000000 0.54681942 3.38148646
67.81000000 0.54545265 3.36982741
67.82000000 0.54411463 3.35820401
67.83000000 0.54280510 3.34661627
67.84000000 0.54152377 3.33506420
67.85000000 0.54027040 3.32354779
67.86000000 0.53904472 3.31206704
67.87000000 0.53784648 3.30062196
67.88000000 0.53667544 3.28921252
67.89000000 0.53553135 3.27783873
67.90000000 0.53441397 3.26650058
67.91000000 0.53332307 3.25519805
67.92000000 0.53225842 3.24393114
67.93000000 0.53121980 3.23269982
67.94000000 0.53020699 3.22150408
67.95000000 0.52921977 3.21034391
67.96000000 0.52825794 3.19921928
67.97000000 0.52732128 3.18813017
67.98000000 0.52640959 3.17707657
67.99000000 0.52552267 3.16605844
68.00000000 0.52466034 3.15507576
68.01000000 0.52382239 3.14412851
68.02000000 0.52300865 3.13321665
68.03000000 0.52221893 3.12234016
68.04000000 0.52145305 3.11149901
68.05000000 0.52071083 3.10069316
68.06000000 0.51999211 3.08992258
68.07000000 0.51929672 3.07918724
68.08000000 0.51862449 3.06848710
68.09000000 0.51797527 3.05782212
68.10000000 0.51734889 3.04719226
68.11000000 0.51674520 3.03659749
68.12000000 0.51616405 3.02603776
68.13000000 0.51560530 3.01551303
68.14000000 0.51506881 3.00502327
68.15000000 0.51455442 2.99456842
68.16000000 0.51406201 2.98414844
68.17000000 0.51359144 2.97376329
68.18000000 0.51314259 2.96341292
68.19000000 0.51271531 2.95309728
68.20000000 0.51230950 2.94281632
68.21000000 0.51192502 2.93257000
68.22000000 0.51156176 2.92235826
68.23000000 0.51121960 2.91218105
68.24000000 0.51089844 2.90203832
68.25000000 0.51059816 2.89193002
68.26000000 0.51031865 2.88185609
68.27000000 0.51005982 2.87181648
68.28000000 0.50982155 2.86181114
68.29000000 0.50960375 2.85184000
68.30000000 0.50940633 2.84190301
68.31000000 0.50922920 2.83200012
68.32000000 0.50907225 2.82213127
68.33000000 0.50893541 2.81229639
68.34000000 0.50881858 2.80249543
68.35000000 0.50872169 2.79272833
68.36000000 0.50864466 2.78299503
68.37000000 0.50858741 2.77329546
68.38000000 0.50854985 2.76362957
68.39000000 0.50853193 2.75399729
68.40000000 0.50853357 2.74439856
68.41000000 0.50855470 2.73483332
68.42000000 0.50859525 2.72530150
68.43000000 0.50865517 2.71580304
68.44000000 0.50873439 2.70633787
68.45000000 0.50883285 2.69690593
68.46000000 0.50895050 2.68750715
68.47000000 0.50908728 2.67814146
68.48000000 0.50924314 2.66880881
68.49000000 0.50941803 2.65950911
68.50000000 0.50961191 2.65024232
68.51000000 0.50982472 2.64100834
68.52000000 0.51005642 2.63180713
68.53000000 0.51030698 2.62263860
68.54000000 0.51057636 2.61350270
68.55000000 0.51086451 2.60439934
68.56000000 0.51117141 2.59532847
68.57000000 0.51149701 2.58629001
68.58000000 0.51184129 2.57728389
68.59000000 0.51220423 2.56831003
68.60000000 0.51258578 2.55936838
68.61000000 0.51298594 2.55045885
68.62000000 0.51340467 2.54158139
68.63000000 0.51384196 2.53273590
68.64000000 0.51429778 2.52392233
68.65000000 0.51477212 2.51514059
68.66000000 0.51526497 2.50639063
68.67000000 0.51577630 2.49767235
68.68000000 0.51630612 2.48898570
68.69000000 0.51685441 2.48033060
68.70000000 0.51742116 2.47170697
68.71000000 0.51800636 2.46311475
68.72000000 0.51861002 2.45455385
68.73000000 0.51923213 2.44602420
68.74000000 0.51987270 2.43752574
68.75000000 0.52053171 2.42905838
68.76000000 0.52120918 2.42062205
68.77000000 0.52190511 2.41221668
68.78000000 0.52261951 2.40384219
68.79000000 0.52335238 2.39549851
68.80000000 0.52410375 2.38718556
68.81000000 0.52487361 2.37890326
68.82000000 0.52566198 2.37065155
68.83000000 0.52646889 2.36243035
68.84000000 0.52729434 2.35423958
68.85000000 0.52813835 2.34607916
68.86000000 0.52900095 2.33794903
68.87000000 0.52988216 2.32984910
68.88000000 0.53078200 2.32177930
68.89000000 0.53170050 2.31373956
68.90000000 0.53263769 2.30572979
68.91000000 0.53359360 2.29774993
68.92000000 0.53456824 2.28979990
68.93000000 0.53556167 2.28187961
68.94000000 0.53657392 2.27398901
68.95000000 0.53760501 2.26612800
68.96000000 0.53865498 2.25829652
68.97000000 0.53972389 2.25049449
68.98000000 0.54081176 2.24272183
68.99000000 0.54191864 2.23497847
69.00000000 0.54304457 2.22726433
69.01000000 0.54418960 2.21957934
69.02000000 0.54535378 2.21192342
69.03000000 0.54653716 2.20429649
69.04000000 0.54773978 2.19669848
69.05000000 0.54896170 2.18912931
69.06000000 0.55020297 2.18158892
69.07000000 0.55146365 2.17407721
69.08000000 0.55274379 2.16659412
69.09000000 0.55404346 2.15913957
69.10000000 0.55536271 2.15171349
69.11000000 0.55670161 2.14431580
69.12000000 0.55806021 2.13694643
69.13000000 0.55943860 2.12960530
69.14000000 0.56083682 2.12229233
69.15000000 0.56225495 2.11500745
69.16000000 0.56369306 2.10775059
69.17000000 0.56515123 2.10052167
69.18000000 0.56662952 2.09332062
69.19000000 0.56812801 2.08614736
69.20000000 0.56964677 2.07900181
69.21000000 0.57118589 2.07188391
69.22000000 0.57274544 2.06479358
69.23000000 0.57432551 2.05773074
69.24000000 0.57592617 2.05069532
69.25000000 0.57754752 2.04368725
69.26000000 0.57918963 2.03670645
69.27000000 0.58085260 2.02975285
69.28000000 0.58253652 2.02282638
69.29000000 0.58424148 2.01592696
69.30000000 0.58596756 2.00905452
69.31000000 0.58771487 2.00220898
69.32000000 0.58948350 1.99539028
69.33000000 0.59127354 1.98859833
69.34000000 0.59308510 1.98183308
69.35000000 0.59491828 1.97509444
69.36000000 0.59677318 1.96838234
69.37000000 0.59864990 1.96169671
69.38000000 0.60054856 1.95503748
69.39000000 0.60246925 1.94840457
69.40000000 0.60441209 1.94179792
69.41000000 0.60637718 1.93521746
69.42000000 0.60836465 1.92866310
69.43000000 0.61037460 1.92213479
69.44000000 0.61240715 1.91563245
69.45000000 0.61446242 1.90915600
69.46000000 0.61654053 1.90270539
69.47000000 0.61864159 1.89628053
69.48000000 0.62076574 1.88988135
69.49000000 0.62291309 1.88350780
69.50000000 0.62508378 1.87715979
69.51000000 0.62727792 1.87083726
69.52000000 0.62949566 1.86454014
69.53000000 0.63173711 1.85826836
69.54000000 0.63400242 1.85202184
69.55000000 0.63629172 1.84580053
69.56000000 0.63860514 1.83960435
69.57000000 0.64094283 1.83343324
69.58000000 0.64330493 1.82728712
69.59000000 0.64569157 1.82116592
69.60000000 0.64810290 1.81506959
69.61000000 0.65053906 1.80899805
69.62000000 0.65300021 1.80295123
69.63000000 0.65548650 1.79692907
69.64000000 0.65799807 1.79093150
69.65000000 0.66053507 1.78495845
69.66000000 0.66309767 1.77900987
69.67000000 0.66568601 1.77308567
69.68000000 0.66830027 1.76718579
69.69000000 0.67094059 1.76131018
69.70000000 0.67360714 1.75545876
69.71000000 0.67630008 1.74963147
69.72000000 0.67901959 1.74382824
69.73000000 0.68176582 1.73804901
69.74000000 0.68453895 1.73229371
69.75000000 0.68733916 1.72656228
69.76000000 0.69016660 1.72085466
69.77000000 0.69302147 1.71517078
69.78000000 0.69590393 1.70951057
69.79000000 0.69881417 1.70387398
69.80000000 0.70175238 1.69826094
69.81000000 0.70471872 1.69267139
69.82000000 0.70771339 1.68710526
69.83000000 0.71073658 1.68156250
69.84000000 0.71378848 1.67604304
69.85000000 0.71686927 1.67054682
69.86000000 0.71997916 1.66507377
69.87000000 0.72311833 1.65962384
69.88000000 0.72628699 1.65419697
69.89000000 0.72948534 1.64879309
69.90000000 0.73271357 1.64341214
69.91000000 0.73597190 1.63805407
69.92000000 0.73926053 1.63271882
69.93000000 0.74257967 1.62740631
69.94000000 0.74592952 1.62211650
69.95000000 0.74931031 1.61684933
69.96000000 0.75272225 1.61160473
69.97000000 0.75616555 1.60638265
69.98000000 0.75964043 1.60118303
69.99000000 0.76314712 1.59600582
70.00000000 0.76668585 1.59085094
70.01000000 0.77025682 1.58571836
70.02000000 0.77386029 1.58060800
70.03000000 0.77749647 1.57551981
70.04000000 0.78116560 1.57045374
70.05000000 0.78486792 1.56540973
70.06000000 0.78860366 1.56038773
70.07000000 0.79237306 1.55538767
70.08000000 0.79617637 1.55040950
70.09000000 0.80001382 1.54545317
70.10000000 0.80388568 1.54051863
70.11000000 0.80779219 1.53560581
70.12000000 0.81173359 1.53071466
70.13000000 0.81571015 1.52584514
70.14000000 0.81972212 1.52099718
70.15000000 0.82376976 1.51617073
70.16000000 0.82785334 1.51136575
70.17000000 0.83197311 1.50658217
70.18000000 0.83612935 1.50181994
70.19000000 0.84032232 1.49707902
70.20000000 0.84455230 1.49235935
70.21000000 0.84881956 1.48766088
70.22000000 0.85312438 1.48298356
70.23000000 0.85746704 1.47832733
70.24000000 0.86184781 1.47369216
70.25000000 0.86626700 1.46907798
70.26000000 0.87072487 1.46448474
70.27000000 0.87522173 1.45991241
70.28000000 0.87975787 1.45536092
70.29000000 0.88433359 1.45083024
70.30000000 0.88894917 1.44632030
70.31000000 0.89360493 1.44183107
70.32000000 0.89830116 1.43736249
70.33000000 0.90303818 1.43291452
70.34000000 0.90781629 1.42848711
70.35000000 0.91263581 1.42408022
70.36000000 0.91749705 1.41969379
70.37000000 0.92240033 1.41532778
70.38000000 0.92734598 1.41098215
70.39000000 0.93233430 1.40665685
70.40000000 0.93736565 1.40235183
70.41000000 0.94244033 1.39806705
70.42000000 0.94755869 1.39380247
70.43000000 0.95272105 1.38955803
70.44000000 0.95792777 1.38533371
70.45000000 0.96317918 1.38112945
70.46000000 0.96847563 1.37694521
70.47000000 0.97381746 1.37278095
70.48000000 0.97920503 1.36863662
70.49000000 0.98463868 1.36451219
70.50000000 0.99011879 1.36040762
70.51000000 0.99564570 1.35632285
70.52000000 1.00121978 1.35225785
70.53000000 1.00684139 1.34821259
70.54000000 1.01251092 1.34418701
70.55000000 1.01822873 1.34018109
70.56000000 1.02399519 1.33619477
70.57000000 1.02981069 1.33222803
70.58000000 1.03567561 1.32828082
70.59000000 1.04159034 1.32435311
70.60000000 1.04755526 1.32044485
70.61000000 1.05357078 1.31655601
70.62000000 1.05963728 1.31268656
70.63000000 1.06575516 1.30883645
70.64000000 1.07192483 1.30500565
70.65000000 1.07814670 1.30119413
70.66000000 1.08442117 1.29740185
70.67000000 1.09074866 1.29362876
70.68000000 1.09712959 1.28987485
70.69000000 1.10356437 1.28614007
70.70000000 1.11005344 1.28242440
70.71000000 1.11659722 1.27872779
70.72000000 1.12319613 1.27505021
70.73000000 1.12985062 1.27139164
70.74000000 1.13656113 1.26775203
70.75000000 1.14332810 1.26413137
70.76000000 1.15015196 1.26052960
70.77000000 1.15703319 1.25694672
70.78000000 1.16397221 1.25338268
70.79000000 1.17096951 1.24983745
70.80000000 1.17802552 1.24631101
70.81000000 1.18514073 1.24280333
70.82000000 1.19231560 1.23931437
70.83000000 1.19955060 1.23584411
70.84000000 1.20684622 1.23239252
70.85000000 1.21420292 1.22895958
70.86000000 1.22162119 1.22554525
70.87000000 1.22910153 1.22214951
70.88000000 1.23664442 1.21877234
70.89000000 1.24425037 1.21541370
70.90000000 1.25191987 1.21207358
70.91000000 1.25965342 1.20875194
70.92000000 1.26745154 1.20544877
70.93000000 1.27531475 1.20216404
70.94000000 1.28324354 1.19889773
70.95000000 1.29123846 1.19564981
70.96000000 1.29930001 1.19242026
70.97000000 1.30742874 1.18920906
70.98000000 1.31562517 1.18601619
70.99000000 1.32388985 1.18284163
71.00000000 1.33222332 1.17968535
71.01000000 1.34062611 1.17654735
71.02000000 1.34909879 1.17342759
71.03000000 1.35764191 1.17032606
71.04000000 1.36625603 1.16724274
71.05000000 1.37494172 1.16417762
71.06000000 1.38369953 1.16113067
71.07000000 1.39253005 1.15810188
71.08000000 1.40143385 1.15509123
71.09000000 1.41041152 1.15209871
71.10000000 1.41946363 1.14912430
71.11000000 1.42859079 1.14616799
71.12000000 1.43779359 1.14322977
71.13000000 1.44707263 1.14030961
71.14000000 1.45642851 1.13740751
71.15000000 1.46586184 1.13452345
71.16000000 1.47537323 1.13165742
71.17000000 1.48496332 1.12880942
71.18000000 1.49463271 1.12597943
71.19000000 1.50438204 1.12316743
71.20000000 1.51421194 1.12037343
71.21000000 1.52412306 1.11759741
71.22000000 1.53411602 1.11483936
71.23000000 1.54419148 1.11209928
71.24000000 1.55435010 1.10937715
71.25000000 1.56459252 1.10667298
71.26000000 1.57491941 1.10398675
71.27000000 1.58533145 1.10131846
71.28000000 1.59582929 1.09866811
71.29000000 1.60641363 1.09603569
71.30000000 1.61708513 1.09342120
71.31000000 1.62784449 1.09082463
71.32000000 1.63869240 1.08824599
71.33000000 1.64962955 1.08568526
71.34000000 1.66065665 1.08314246
71.35000000 1.67177441 1.08061758
71.36000000 1.68298354 1.07811062
71.37000000 1.69428475 1.07562158
71.38000000 1.70567877 1.07315046
71.39000000 1.71716633 1.07069728
71.40000000 1.72874815 1.06826202
71.41000000 1.74042498 1.06584469
71.42000000 1.75219757 1.06344531
71.43000000 1.76406665 1.06106387
71.44000000 1.77603299 1.05870037
71.45000000 1.78809734 1.05635484
71.46000000 1.80026046 1.05402727
71.47000000 1.81252314 1.05171767
71.48000000 1.82488613 1.04942605
71.49000000 1.83735023 1.04715243
71.50000000 1.84991621 1.04489681
71.51000000 1.86258488 1.04265920
71.52000000 1.87535701 1.04043962
71.53000000 1.88823343 1.03823808
71.54000000 1.90121493 1.03605460
71.55000000 1.91430233 1.03388918
71.56000000 1.92749645 1.03174184
71.57000000 1.94079810 1.02961260
71.58000000 1.95420812 1.02750149
71.59000000 1.96772734 1.02540850
71.60000000 1.98135661 1.02333367
71.61000000 1.99509676 1.02127702
71.62000000 2.00894865 1.01923856
71.63000000 2.02291313 1.01721831
71.64000000 2.03699107 1.01521631
71.65000000 2.05118333 1.01323256
71.66000000 2.06549079 1.01126711
71.67000000 2.07991432 1.00931996
71.68000000 2.09445481 1.00739115
71.69000000 2.10911314 1.00548071
71.70000000 2.12389022 1.00358866
71.71000000 2.13878693 1.00171504
71.72000000 2.15380419 0.99985986
71.73000000 2.16894291 0.99802317
71.74000000 2.18420400 0.99620500
71.75000000 2.19958839 0.99440537
71.76000000 2.21509700 0.99262433
71.77000000 2.23073076 0.99086191
71.78000000 2.24649062 0.98911814
71.79000000 2.26237751 0.98739307
71.80000000 2.27839239 0.98568672
71.81000000 2.29453621 0.98399915
71.82000000 2.31080994 0.98233039
71.83000000 2.32721452 0.98068048
71.84000000 2.34375095 0.97904946
71.85000000 2.36042019 0.97743739
71.86000000 2.37722322 0.97584431
71.87000000 2.39416103 0.97427025
71.88000000 2.41123461 0.97271528
71.89000000 2.42844497 0.97117944
71.90000000 2.44579309 0.96966277
71.91000000 2.46327999 0.96816534
71.92000000 2.48090669 0.96668719
71.93000000 2.49867420 0.96522838
71.94000000 2.51658353 0.96378897
71.95000000 2.53463573 0.96236900
71.96000000 2.55283183 0.96096854
71.97000000 2.57117285 0.95958765
71.98000000 2.58965985 0.95822639
71.99000000 2.60829388 0.95688483
72.00000000 2.62707597 0.95556301
72.01000000 2.64600721 0.95426102
72.02000000 2.66508864 0.95297891
72.03000000 2.68432133 0.95171675
72.04000000 2.70370635 0.95047462
72.05000000 2.72324479 0.94925259
72.06000000 2.74293772 0.94805072
72.07000000 2.76278623 0.94686910
72.08000000 2.78279141 0.94570779
72.09000000 2.80295435 0.94456688
72.10000000 2.82327615 0.94344644
72.11000000 2.84375791 0.94234655
72.12000000 2.86440075 0.94126730
72.13000000 2.88520577 0.94020877
72.14000000 2.90617408 0.93917105
72.15000000 2.92730681 0.93815423
72.16000000 2.94860509 0.93715838
72.17000000 2.97007002 0.93618361
72.18000000 2.99170276 0.93523000
72.19000000 3.01350442 0.93429766
72.20000000 3.03547615 0.93338668
72.21000000 3.05761909 0.93249715
72.22000000 3.07993439 0.93162917
72.23000000 3.10242318 0.93078286
72.24000000 3.12508662 0.92995831
72.25000000 3.14792587 0.92915563
72.26000000 3.17094207 0.92837493
72.27000000 3.19413639 0.92761631
72.28000000 3.21751000 0.92687990
72.29000000 3.24106404 0.92616580
72.30000000 3.26479969 0.92547414
72.31000000 3.28871812 0.92480503
72.32000000 3.31282050 0.92415859
72.33000000 3.33710799 0.92353494
72.34000000 3.36158178 0.92293422
72.35000000 3.38624303 0.92235655
72.36000000 3.41109293 0.92180206
72.37000000 3.43613265 0.92127088
72.38000000 3.46136337 0.92076316
72.39000000 3.48678627 0.92027902
72.40000000 3.51240253 0.91981860
72.41000000 3.53821333 0.91938206
72.42000000 3.56421986 0.91896954
72.43000000 3.59042329 0.91858117
72.44000000 3.61682480 0.91821713
72.45000000 3.64342558 0.91787755
72.46000000 3.67022681 0.91756260
72.47000000 3.69722966 0.91727243
72.48000000 3.72443532 0.91700721
72.49000000 3.75184496 0.91676709
72.50000000 3.77945976 0.91655226
72.51000000 3.80728089 0.91636288
72.52000000 3.83530952 0.91619912
72.53000000 3.86354683 0.91606116
72.54000000 3.89199398 0.91594918
72.55000000 3.92065213 0.91586336
72.56000000 3.94952246 0.91580390
72.57000000 3.97860611 0.91577097
72.58000000 4.00790424 0.91576478
72.59000000 4.03741800 0.91578552
72.60000000 4.06714855 0.91583338
72.61000000 4.09709701 0.91590858
72.62000000 4.12726453 0.91601131
72.63000000 4.15765224 0.91614180
72.64000000 4.18826126 0.91630025
72.65000000 4.21909272 0.91648688
72.66000000 4.25014773 0.91670192
72.67000000 4.28142739 0.91694558
72.68000000 4.31293281 0.91721810
72.69000000 4.34466507 0.91751971
72.70000000 4.37662527 0.91785065
72.71000000 4.40881448 0.91821117
72.72000000 4.44123376 0.91860149
72.73000000 4.47388418 0.91902189
72.74000000 4.50676678 0.91947260
72.75000000 4.53988261 0.91995389
72.76000000 4.57323268 0.92046602
72.77000000 4.60681802 0.92100926
72.78000000 4.64063963 0.92158388
72.79000000 4.67469851 0.92219016
72.80000000 4.70899564 0.92282838
72.81000000 4.74353198 0.92349882
72.82000000 4.77830849 0.92420178
72.83000000 4.81332610 0.92493755
72.84000000 4.84858576 0.92570643
72.85000000 4.88408836 0.92650873
72.86000000 4.91983479 0.92734477
72.87000000 4.95582595 0.92821485
72.88000000 4.99206268 0.92911930
72.89000000 5.02854583 0.93005845
72.90000000 5.06527623 0.93103263
72.91000000 5.10225467 0.93204217
72.92000000 5.13948196 0.93308744
72.93000000 5.17695884 0.93416876
72.94000000 5.21468607 0.93528651
72.95000000 5.25266437 0.93644105
72.96000000 5.29089443 0.93763273
72.97000000 5.32937694 0.93886194
72.98000000 5.36811254 0.94012906
72.99000000 5.40710187 0.94143448
73.00000000 5.44634552 0.94277858
73.01000000 5.48584408 0.94416178
73.02000000 5.52559808 0.94558447
73.03000000 5.56560804 0.94704708
73.04000000 5.60587447 0.94855002
73.05000000 5.64639781 0.95009373
73.06000000 5.68717850 0.95167863
73.07000000 5.72821693 0.95330518
73.08000000 5.76951348 0.95497382
73.09000000 5.81106846 0.95668501
73.10000000 5.85288218 0.95843922
73.11000000 5.89495489 0.96023692
73.12000000 5.93728683 0.96207860
73.13000000 5.97987817 0.96396473
73.14000000 6.02272906 0.96589583
73.15000000 6.06583960 0.96787239
73.16000000 6.10920987 0.96989494
73.17000000 6.15283989 0.97196399
73.18000000 6.19672963 0.97408009
73.19000000 6.24087902 0.97624376
73.20000000 6.28528797 0.97845556
73.21000000 6.32995630 0.98071605
73.22000000 6.37488381 0.98302580
73.23000000 6.42007025 0.98538539
73.24000000 6.46551530 0.98779540
73.25000000 6.51121860 0.99025644
73.26000000 6.55717975 0.99276911
73.27000000 6.60339827 0.99533403
73.28000000 6.64987363 0.99795182
73.29000000 6.69660526 1.00062313
73.30000000 6.74359250 1.00334861
73.31000000 6.79083465 1.00612891
73.32000000 6.83833095 1.00896471
73.33000000 6.88608057 1.01185669
73.34000000 6.93408260 1.01480555
73.35000000 6.98233609 1.01781198
73.36000000 7.03084000 1.02087670
73.37000000 7.07959322 1.02400045
73.38000000 7.12859459 1.02718396
73.39000000 7.17784285 1.03042799
73.40000000 7.22733668 1.03373329
73.41000000 7.27707467 1.03710066
73.42000000 7.32705534 1.04053087
73.43000000 7.37727713 1.04402474
73.44000000 7.42773840 1.04758307
73.45000000 7.47843740 1.05120670
73.46000000 7.52937233 1.05489647
73.47000000 7.58054128 1.05865323
73.48000000 7.63194224 1.06247786
73.49000000 7.68357314 1.06637124
73.50000000 7.73543177 1.07033428
73.51000000 7.78751588 1.07436787
73.52000000 7.83982306 1.07847296
73.53000000 7.89235084 1.08265048
73.54000000 7.94509664 1.08690139
73.55000000 7.99805776 1.09122667
73.56000000 8.05123141 1.09562730
73.57000000 8.10461467 1.10010428
73.58000000 8.15820453 1.10465865
73.59000000 8.21199786 1.10929143
73.60000000 8.26599139 1.11400367
73.61000000 8.32018177 1.11879645
73.62000000 8.37456549 1.12367084
73.63000000 8.42913894 1.12862796
73.64000000 8.48389838 1.13366892
73.65000000 8.53883994 1.13879485
73.66000000 8.59395961 1.14400692
73.67000000 8.64925325 1.14930629
73.68000000 8.70471660 1.15469415
73.69000000 8.76034524 1.16017171
73.70000000 8.81613462 1.16574020
73.71000000 8.87208003 1.17140085
73.72000000 8.92817664 1.17715494
73.73000000 8.98441945 1.18300374
73.74000000 9.04080331 1.18894855
73.75000000 9.09732293 1.19499069
73.76000000 9.15397284 1.20113151
73.77000000 9.21074743 1.20737235
73.78000000 9.26764092 1.21371459
73.79000000 9.32464735 1.22015964
73.80000000 9.38176063 1.22670891
73.81000000 9.43897445 1.23336383
73.82000000 9.49628236 1.24012587
73.83000000 9.55367774 1.24699649
73.84000000 9.61115375 1.25397720
73.85000000 9.66870342 1.26106952
73.86000000 9.72631955 1.26827498
73.87000000 9.78399478 1.27559514
73.88000000 9.84172155 1.28303158
73.89000000 9.89949212 1.29058590
73.90000000 9.95729854 1.29825972
73.91000000 10.01513266 1.30605469
73.92000000 10.07298615 1.31397247
73.93000000 10.13085046 1.32201473
73.94000000 10.18871684 1.33018319
73.95000000 10.24657633 1.33847956
73.96000000 10.30441977 1.34690560
73.97000000 10.36223776 1.35546307
73.98000000 10.42002072 1.36415376
73.99000000 10.47775883 1.37297947
74.00000000 10.53544205 1.38194203
74.01000000 10.59306013 1.39104329
74.02000000 10.65060260 1.40028512
74.03000000 10.70805874 1.40966940
74.04000000 10.76541763 1.41919805
74.05000000 10.82266809 1.42887298
74.06000000 10.87979874 1.43869615
74.07000000 10.93679795 1.44866952
74.08000000 10.99365386 1.45879507
74.09000000 11.05035436 1.46907481
74.10000000 11.10688713 1.47951074
74.11000000 11.16323958 1.49010492
74.12000000 11.21939890 1.50085939
74.13000000 11.27535204 1.51177622
74.14000000 11.33108570 1.52285750
74.15000000 11.38658634 1.53410532
74.16000000 11.44184018 1.54552181
74.17000000 11.49683320 1.55710908
74.18000000 11.55155113 1.56886930
74.19000000 11.60597946 1.58080460
74.20000000 11.66010343 1.59291715
74.21000000 11.71390806 1.60520915
74.22000000 11.76737811 1.61768276
74.23000000 11.82049811 1.63034019
74.24000000 11.87325233 1.64318364
74.25000000 11.92562483 1.65621532
74.26000000 11.97759942 1.66943746
74.27000000 12.02915968 1.68285227
74.28000000 12.08028896 1.69646198
74.29000000 12.13097036 1.71026882
74.30000000 12.18118680 1.72427502
74.31000000 12.23092093 1.73848279
74.32000000 12.28015521 1.75289439
74.33000000 12.32887187 1.76751201
74.34000000 12.37705293 1.78233789
74.35000000 12.42468022 1.79737422
74.36000000 12.47173534 1.81262322
74.37000000 12.51819971 1.82808708
74.38000000 12.56405457 1.84376797
74.39000000 12.60928095 1.85966806
74.40000000 12.65385972 1.87578949
74.41000000 12.69777158 1.89213440
74.42000000 12.74099706 1.90870490
74.43000000 12.78351652 1.92550306
74.44000000 12.82531021 1.94253096
74.45000000 12.86635819 1.95979061
74.46000000 12.90664044 1.97728403
74.47000000 12.94613679 1.99501318
74.48000000 12.98482697 2.01297999
74.49000000 13.02269060 2.03118635
74.50000000 13.05970724 2.04963413
74.51000000 13.09585633 2.06832512
74.52000000 13.13111729 2.08726108
74.53000000 13.16546946 2.10644373
74.54000000 13.19889215 2.12587472
74.55000000 13.23136465 2.14555564
74.56000000 13.26286623 2.16548803
74.57000000 13.29337618 2.18567337
74.58000000 13.32287379 2.20611306
74.59000000 13.35133840 2.22680843
74.60000000 13.37874939 2.24776074
74.61000000 13.40508623 2.26897118
74.62000000 13.43032845 2.29044083
74.63000000 13.45445571 2.31217072
74.64000000 13.47744777 2.33416176
74.65000000 13.49928454 2.35641477
74.66000000 13.51994610 2.37893049
74.67000000 13.53941271 2.40170954
74.68000000 13.55766481 2.42475244
74.69000000 13.57468309 2.44805960
74.70000000 13.59044845 2.47163131
74.71000000 13.60494210 2.49546775
74.72000000 13.61814550 2.51956895
74.73000000 13.63004043 2.54393486
74.74000000 13.64060901 2.56856525
74.75000000 13.64983369 2.59345979
74.76000000 13.65769734 2.61861798
74.77000000 13.66418318 2.64403919
74.78000000 13.66927491 2.66972265
74.79000000 13.67295663 2.69566742
74.80000000 13.67521295 2.72187241
74.81000000 13.67602896 2.74833637
74.82000000 13.67539026 2.77505787
74.83000000 13.67328303 2.80203534
74.84000000 13.66969398 2.82926702
74.85000000 13.66461046 2.85675096
74.86000000 13.65802039 2.88448505
74.87000000 13.64991236 2.91246699
74.88000000 13.64027564 2.94069429
74.89000000 13.62910015 2.96916428
74.90000000 13.61637655 2.99787406
74.91000000 13.60209623 3.02682059
74.92000000 13.58625134 3.05600059
74.93000000 13.56883480 3.08541058
74.94000000 13.54984033 3.11504690
74.95000000 13.52926250 3.14490565
74.96000000 13.50709668 3.17498276
74.97000000 13.48333913 3.20527392
74.98000000 13.45798697 3.23577462
74.99000000 13.43103823 3.26648014
75.00000000 13.40249186 3.29738554
75.01000000 13.37234770 3.32848567
75.02000000 13.34060659 3.35977516
75.03000000 13.30727029 3.39124845
75.04000000 13.27234154 3.42289973
75.05000000 13.23582406 3.45472300
75.06000000 13.19772256 3.48671205
75.07000000 13.15804276 3.51886044
75.08000000 13.11679138 3.55116155
75.09000000 13.07397616 3.58360853
75.10000000 13.02960584 3.61619433
75.11000000 12.98369022 3.64891170
75.12000000 12.93624009 3.68175320
75.13000000 12.88726727 3.71471118
75.14000000 12.83678461 3.74777782
75.15000000 12.78480599 3.78094509
75.16000000 12.73134628 3.81420479
75.17000000 12.67642138 3.84754855
75.18000000 12.62004817 3.88096782
75.19000000 12.56224456 3.91445388
75.20000000 12.50302939 3.94799786
75.21000000 12.44242251 3.98159073
75.22000000 12.38044470 4.01522332
75.23000000 12.31711768 4.04888631
75.24000000 12.25246411 4.08257028
75.25000000 12.18650752 4.11626564
75.26000000 12.11927235 4.14996271
75.27000000 12.05078386 4.18365171
75.28000000 11.98106817 4.21732275
75.29000000 11.91015221 4.25096585
75.30000000 11.83806368 4.28457096
75.31000000 11.76483103 4.31812795
75.32000000 11.69048344 4.35162662
75.33000000 11.61505078 4.38505675
75.34000000 11.53856359 4.41840805
75.35000000 11.46105301 4.45167021
75.36000000 11.38255081 4.48483290
75.37000000 11.30308928 4.51788577
75.38000000 11.22270127 4.55081850
75.39000000 11.14142008 4.58362074
75.40000000 11.05927948 4.61628219
75.41000000 10.97631364 4.64879257
75.42000000 10.89255711 4.68114166
75.43000000 10.80804475 4.71331926
75.44000000 10.72281174 4.74531527
75.45000000 10.63689348 4.77711965
75.46000000 10.55032560 4.80872244
75.47000000 10.46314390 4.84011378
75.48000000 10.37538430 4.87128391
75.49000000 10.28708283 4.90222320
75.50000000 10.19827554 4.93292213
75.51000000 10.10899852 4.96337131
75.52000000 10.01928781 4.99356153
75.53000000 9.92917939 5.02348368
75.54000000 9.83870912 5.05312885
75.55000000 9.74791275 5.08248829
75.56000000 9.65682580 5.11155342
75.57000000 9.56548360 5.14031586
75.58000000 9.47392123 5.16876741
75.59000000 9.38217345 5.19690008
75.60000000 9.29027472 5.22470609
75.61000000 9.19825916 5.25217786
75.62000000 9.10616045 5.27930804
75.63000000 9.01401190 5.30608951
75.64000000 8.92184635 5.33251537
75.65000000 8.82969617 5.35857897
75.66000000 8.73759321 5.38427389
75.67000000 8.64556881 5.40959395
75.68000000 8.55365375 5.43453324
75.69000000 8.46187824 5.45908607
75.70000000 8.37027187 5.48324703
75.71000000 8.27886363 5.50701095
75.72000000 8.18768187 5.53037294
75.73000000 8.09675427 5.55332833
75.74000000 8.00610787 5.57587276
75.75000000 7.91576900 5.59800210
75.76000000 7.82576329 5.61971248
75.77000000 7.73611566 5.64100032
75.78000000 7.64685033 5.66186228
75.79000000 7.55799077 5.68229527
75.80000000 7.46955970 5.70229649
75.81000000 7.38157913 5.72186338
75.82000000 7.29407030 5.74099363
75.83000000 7.20705369 5.75968521
75.84000000 7.12054905 5.77793632
75.85000000 7.03457534 5.79574540
75.86000000 6.94915079 5.81311118
75.87000000 6.86429287 5.83003257
75.88000000 6.78001827 5.84650878
75.89000000 6.69634297 5.86253922
75.90000000 6.61328218 5.87812354
75.91000000 6.53085036 5.89326161
75.92000000 6.44906127 5.90795353
75.93000000 6.36792789 5.92219963
75.94000000 6.28746253 5.93600043
75.95000000 6.20767677 5.94935667
75.96000000 6.12858147 5.96226929
75.97000000 6.05018682 5.97473943
75.98000000 5.97250231 5.98676843
75.99000000 5.89553679 5.99835780
76.00000000 5.81929843 6.00950924
76.01000000 5.74379474 6.02022463
76.02000000 5.66903263 6.03050602
76.03000000 5.59501836 6.04035562
76.04000000 5.52175762 6.04977580
76.05000000 5.44925546 6.05876907
76.06000000 5.37751640 6.06733812
76.07000000 5.30654436 6.07548575
76.08000000 5.23634274 6.08321491
76.09000000 5.16691438 6.09052867
76.10000000 5.09826162 6.09743024
76.11000000 5.03038631 6.10392294
76.12000000 4.96328977 6.11001020
76.13000000 4.89697289 6.11569556
76.14000000 4.83143607 6.12098266
76.15000000 4.76667931 6.12587523
76.16000000 4.70270214 6.13037711
76.17000000 4.63950370 6.13449221
76.18000000 4.57708274 6.13822452
76.19000000 4.51543762 6.14157811
76.20000000 4.45456634 6.14455711
76.21000000 4.39446654 6.14716573
76.22000000 4.33513554 6.14940824
76.23000000 4.27657032 6.15128895
76.24000000 4.21876757 6.15281224
76.25000000 4.16172368 6.15398250
76.26000000 4.10543475 6.15480422
76.27000000 4.04989664 6.15528187
76.28000000 3.99510493 6.15541999
76.29000000 3.94105497 6.15522313
76.30000000 3.88774189 6.15469588
76.31000000 3.83516061 6.15384284
76.32000000 3.78330583 6.15266863
76.33000000 3.73217206 6.15117789
76.34000000 3.68175366 6.14937527
76.35000000 3.63204480 6.14726541
76.36000000 3.58303948 6.14485298
76.37000000 3.53473159 6.14214264
76.38000000 3.48711486 6.13913905
76.39000000 3.44018290 6.13584685
76.40000000 3.39392922 6.13227069
76.41000000 3.34834719 6.12841521
76.42000000 3.30343011 6.12428503
76.43000000 3.25917119 6.11988476
76.44000000 3.21556355 6.11521898
76.45000000 3.17260026 6.11029227
76.46000000 3.13027430 6.10510919
76.47000000 3.08857860 6.09967424
76.48000000 3.04750606 6.09399193
76.49000000 3.00704952 6.08806674
76.50000000 2.96720180 6.08190311
76.51000000 2.92795568 6.07550545
76.52000000 2.88930393 6.06887815
76.53000000 2.85123928 6.06202554
76.54000000 2.81375449 6.05495194
76.55000000 2.77684227 6.04766164
76.56000000 2.74049538 6.04015886
76.57000000 2.70470653 6.03244782
76.58000000 2.66946850 6.02453266
76.59000000 2.63477403 6.01641752
76.60000000 2.60061592 6.00810648
76.61000000 2.56698697 5.99960356
76.62000000 2.53388002 5.99091278
76.63000000 2.50128792 5.98203808
76.64000000 2.46920359 5.97298337
76.65000000 2.43761996 5.96375252
76.66000000 2.40653000 5.95434934
76.67000000 2.37592674 5.94477761
76.68000000 2.34580324 5.93504107
76.69000000 2.31615261 5.92514338
76.70000000 2.28696803 5.91508820
76.71000000 2.25824272 5.90487910
76.72000000 2.22996994 5.89451964
76.73000000 2.20214303 5.88401331
76.74000000 2.17475538 5.87336355
76.75000000 2.14780044 5.86257378
76.76000000 2.12127173 5.85164735
76.77000000 2.09516282 5.84058757
76.78000000 2.06946735 5.82939769
76.79000000 2.04417903 5.81808095
76.80000000 2.01929163 5.80664049
76.81000000 1.99479900 5.79507946
76.82000000 1.97069504 5.78340091
76.83000000 1.94697374 5.77160789
76.84000000 1.92362914 5.75970337
76.85000000 1.90065537 5.74769030
76.86000000 1.87804661 5.73557156
76.87000000 1.85579712 5.72335001
76.88000000 1.83390125 5.71102844
76.89000000 1.81235340 5.69860962
76.90000000 1.79114804 5.68609625
76.91000000 1.77027973 5.67349101
76.92000000 1.74974309 5.66079653
76.93000000 1.72953281 5.64801537
76.94000000 1.70964365 5.63515010
76.95000000 1.69007047 5.62220320
76.96000000 1.67080816 5.60917712
76.97000000 1.65185172 5.59607429
76.98000000 1.63319619 5.58289708
76.99000000 1.61483669 5.56964782
77.00000000 1.59676843 5.55632880
77.01000000 1.57898667 5.54294228
77.02000000 1.56148674 5.52949046
77.03000000 1.54426405 5.51597552
77.04000000 1.52731407 5.50239960
77.05000000 1.51063234 5.48876480
77.06000000 1.49421448 5.47507318
77.07000000 1.47805616 5.46132675
77.08000000 1.46215313 5.44752752
77.09000000 1.44650119 5.43367742
77.10000000 1.43109622 5.41977837
77.11000000 1.41593417 5.40583226
77.12000000 1.40101103 5.39184093
77.13000000 1.38632288 5.37780619
77.14000000 1.37186585 5.36372982
77.15000000 1.35763613 5.34961356
77.16000000 1.34362998 5.33545913
77.17000000 1.32984371 5.32126821
77.18000000 1.31627370 5.30704244
77.19000000 1.30291639 5.29278344
77.20000000 1.28976827 5.27849280
77.21000000 1.27682589 5.26417208
77.22000000 1.26408587 5.24982279
77.23000000 1.25154487 5.23544644
77.24000000 1.23919960 5.22104450
77.25000000 1.22704686 5.20661840
77.26000000 1.21508347 5.19216955
77.27000000 1.20330631 5.17769933
77.28000000 1.19171233 5.16320912
77.29000000 1.18029851 5.14870022
77.30000000 1.16906189 5.13417395
77.31000000 1.15799957 5.11963158
77.32000000 1.14710869 5.10507437
77.33000000 1.13638644 5.09050355
77.34000000 1.12583005 5.07592030
77.35000000 1.11543681 5.06132582
77.36000000 1.10520406 5.04672125
77.37000000 1.09512918 5.03210774
77.38000000 1.08520959 5.01748637
77.39000000 1.07544276 5.00285825
77.40000000 1.06582621 4.98822443
77.41000000 1.05635749 4.97358596
77.42000000 1.04703420 4.95894385
77.43000000 1.03785399 4.94429911
77.44000000 1.02881454 4.92965270
77.45000000 1.01991357 4.91500560
77.46000000 1.01114885 4.90035873
77.47000000 1.00251818 4.88571301
77.48000000 0.99401941 4.87106935
77.49000000 0.98565041 4.85642862
77.50000000 0.97740910 4.84179169
77.51000000 0.96929344 4.82715939
77.52000000 0.96130142 4.81253255
77.53000000 0.95343107 4.79791199
77.54000000 0.94568044 4.78329848
77.55000000 0.93804764 4.76869280
77.56000000 0.93053078 4.75409570
77.57000000 0.92312805 4.73950794
77.58000000 0.91583762 4.72493022
77.59000000 0.90865774 4.71036327
77.60000000 0.90158665 4.69580776
77.61000000 0.89462266 4.68126438
77.62000000 0.88776408 4.66673380
77.63000000 0.88100925 4.65221664
77.64000000 0.87435658 4.63771356
77.65000000 0.86780445 4.62322517
77.66000000 0.86135132 4.60875207
77.67000000 0.85499564 4.59429486
77.68000000 0.84873591 4.57985411
77.69000000 0.84257064 4.56543039
77.70000000 0.83649840 4.55102424
77.71000000 0.83051774 4.53663622
77.72000000 0.82462727 4.52226684
77.73000000 0.81882561 4.50791662
77.74000000 0.81311141 4.49358607
77.75000000 0.80748333 4.47927567
77.76000000 0.80194009 4.46498590
77.77000000 0.79648038 4.45071724
77.78000000 0.79110297 4.43647013
77.79000000 0.78580660 4.42224503
77.80000000 0.78059008 4.40804237
77.81000000 0.77545220 4.39386258
77.82000000 0.77039180 4.37970607
77.83000000 0.76540772 4.36557325
77.84000000 0.76049885 4.35146450
77.85000000 0.75566406 4.33738022
77.86000000 0.75090228 4.32332079
77.87000000 0.74621243 4.30928656
77.88000000 0.74159346 4.29527790
77.89000000 0.73704434 4.28129515
77.90000000 0.73256406 4.26733866
77.91000000 0.72815163 4.25340875
77.92000000 0.72380606 4.23950575
77.93000000 0.71952641 4.22562997
77.94000000 0.71531172 4.21178171
77.95000000 0.71116106 4.19796128
77.96000000 0.70707355 4.18416897
77.97000000 0.70304827 4.17040506
77.98000000 0.69908435 4.15666981
77.99000000 0.69518093 4.14296351
78.00000000 0.69133718 4.12928641
78.01000000 0.68755224 4.11563876
78.02000000 0.68382532 4.10202081
78.03000000 0.68015561 4.08843281
78.04000000 0.67654232 4.07487497
78.05000000 0.67298468 4.06134753
78.06000000 0.66948194 4.04785071
78.07000000 0.66603334 4.03438472
78.08000000 0.66263815 4.02094977
78.09000000 0.65929566 4.00754606
78.10000000 0.65600516 3.99417378
78.11000000 0.65276596 3.98083313
78.12000000 0.64957737 3.96752428
78.13000000 0.64643873 3.95424742
78.14000000 0.64334937 3.94100272
78.15000000 0.64030867 3.92779034
78.16000000 0.63731597 3.91461044
78.17000000 0.63437066 3.90146319
78.18000000 0.63147213 3.88834873
78.19000000 0.62861978 3.87526722
78.20000000 0.62581302 3.86221878
78.21000000 0.62305126 3.84920356
78.22000000 0.62033395 3.83622170
78.23000000 0.61766051 3.82327331
78.24000000 0.61503042 3.81035852
78.25000000 0.61244312 3.79747745
78.26000000 0.60989808 3.78463022
78.27000000 0.60739479 3.77181692
78.28000000 0.60493274 3.75903768
78.29000000 0.60251143 3.74629259
78.30000000 0.60013036 3.73358174
78.31000000 0.59778905 3.72090523
78.32000000 0.59548703 3.70826316
78.33000000 0.59322383 3.69565560
78.34000000 0.59099899 3.68308264
78.35000000 0.58881207 3.67054436
78.36000000 0.58666263 3.65804084
78.37000000 0.58455022 3.64557213
78.38000000 0.58247443 3.63313832
78.39000000 0.58043484 3.62073947
78.40000000 0.57843104 3.60837563
78.41000000 0.57646262 3.59604687
78.42000000 0.57452919 3.58375325
78.43000000 0.57263037 3.57149481
78.44000000 0.57076576 3.55927160
78.45000000 0.56893501 3.54708367
78.46000000 0.56713773 3.53493106
78.47000000 0.56537357 3.52281382
78.48000000 0.56364218 3.51073198
78.49000000 0.56194321 3.49868557
78.50000000 0.56027632 3.48667463
78.51000000 0.55864117 3.47469918
78.52000000 0.55703744 3.46275926
78.53000000 0.55546480 3.45085489
78.54000000 0.55392293 3.43898609
78.55000000 0.55241153 3.42715287
78.56000000 0.55093030 3.41535527
78.57000000 0.54947892 3.40359328
78.58000000 0.54805711 3.39186693
78.59000000 0.54666459 3.38017622
78.60000000 0.54530106 3.36852117
78.61000000 0.54396625 3.35690177
78.62000000 0.54265990 3.34531804
78.63000000 0.54138172 3.33376997
78.64000000 0.54013147 3.32225756
78.65000000 0.53890888 3.31078082
78.66000000 0.53771371 3.29933973
78.67000000 0.53654570 3.28793430
78.68000000 0.53540462 3.27656451
78.69000000 0.53429022 3.26523035
78.70000000 0.53320228 3.25393182
78.71000000 0.53214057 3.24266890
78.72000000 0.53110486 3.23144158
78.73000000 0.53009493 3.22024983
78.74000000 0.52911057 3.20909365
78.75000000 0.52815157 3.19797301
78.76000000 0.52721772 3.18688789
78.77000000 0.52630882 3.17583826
78.78000000 0.52542468 3.16482411
78.79000000 0.52456509 3.15384541
78.80000000 0.52372987 3.14290214
78.81000000 0.52291883 3.13199425
78.82000000 0.52213179 3.12112173
78.83000000 0.52136857 3.11028454
78.84000000 0.52062900 3.09948265
78.85000000 0.51991291 3.08871603
78.86000000 0.51922013 3.07798464
78.87000000 0.51855049 3.06728844
78.88000000 0.51790383 3.05662741
78.89000000 0.51728001 3.04600149
78.90000000 0.51667886 3.03541065
78.91000000 0.51610023 3.02485486
78.92000000 0.51554399 3.01433406
78.93000000 0.51500998 3.00384821
78.94000000 0.51449807 2.99339728
78.95000000 0.51400812 2.98298121
78.96000000 0.51353999 2.97259997
78.97000000 0.51309356 2.96225350
78.98000000 0.51266870 2.95194175
78.99000000 0.51226529 2.94166468
79.00000000 0.51188320 2.93142224
79.01000000 0.51152231 2.92121438
79.02000000 0.51118252 2.91104104
79.03000000 0.51086370 2.90090218
79.04000000 0.51056576 2.89079774
79.05000000 0.51028858 2.88072766
79.06000000 0.51003205 2.87069190
79.07000000 0.50979609 2.86069040
79.08000000 0.50958059 2.85072310
79.09000000 0.50938545 2.84078994
79.10000000 0.50921058 2.83089087
79.11000000 0.50905589 2.82102583
79.12000000 0.50892130 2.81119477
79.13000000 0.50880672 2.80139761
79.14000000 0.50871206 2.79163431
79.15000000 0.50863725 2.78190479
79.16000000 0.50858221 2.77220901
79.17000000 0.50854687 2.76254689
79.18000000 0.50853114 2.75291838
79.19000000 0.50853497 2.74332341
79.20000000 0.50855828 2.73376192
79.21000000 0.50860101 2.72423385
79.22000000 0.50866310 2.71473913
79.23000000 0.50874448 2.70527769
79.24000000 0.50884510 2.69584947
79.25000000 0.50896490 2.68645441
79.26000000 0.50910382 2.67709244
79.27000000 0.50926182 2.66776349
79.28000000 0.50943884 2.65846749
79.29000000 0.50963485 2.64920438
79.30000000 0.50984978 2.63997408
79.31000000 0.51008361 2.63077654
79.32000000 0.51033628 2.62161168
79.33000000 0.51060776 2.61247943
79.34000000 0.51089802 2.60337973
79.35000000 0.51120702 2.59431249
79.36000000 0.51153472 2.58527767
79.37000000 0.51188110 2.57627517
79.38000000 0.51224612 2.56730493
79.39000000 0.51262977 2.55836689
79.40000000 0.51303201 2.54946096
79.41000000 0.51345282 2.54058709
79.42000000 0.51389219 2.53174519
79.43000000 0.51435009 2.52293519
79.44000000 0.51482651 2.51415703
79.45000000 0.51532143 2.50541062
79.46000000 0.51583484 2.49669590
79.47000000 0.51636673 2.48801279
79.48000000 0.51691709 2.47936123
79.49000000 0.51748591 2.47074113
79.50000000 0.51807319 2.46215242
79.51000000 0.51867892 2.45359503
79.52000000 0.51930310 2.44506889
79.53000000 0.51994574 2.43657392
79.54000000 0.52060682 2.42811005
79.55000000 0.52128636 2.41967720
79.56000000 0.52198437 2.41127530
79.57000000 0.52270084 2.40290427
79.58000000 0.52343579 2.39456404
79.59000000 0.52418922 2.38625453
79.60000000 0.52496116 2.37797567
79.61000000 0.52575162 2.36972739
79.62000000 0.52656060 2.36150960
79.63000000 0.52738813 2.35332224
79.64000000 0.52823423 2.34516523
79.65000000 0.52909892 2.33703849
79.66000000 0.52998222 2.32894195
79.67000000 0.53088415 2.32087552
79.68000000 0.53180475 2.31283915
79.69000000 0.53274404 2.30483274
79.70000000 0.53370204 2.29685623
79.71000000 0.53467880 2.28890954
79.72000000 0.53567434 2.28099259
79.73000000 0.53668869 2.27310531
79.74000000 0.53772190 2.26524763
79.75000000 0.53877400 2.25741945
79.76000000 0.53984503 2.24962072
79.77000000 0.54093503 2.24185136
79.78000000 0.54204405 2.23411128
79.79000000 0.54317212 2.22640042
79.80000000 0.54431930 2.21871869
79.81000000 0.54548563 2.21106602
79.82000000 0.54667116 2.20344234
79.83000000 0.54787595 2.19584758
79.84000000 0.54910004 2.18828164
79.85000000 0.55034348 2.18074447
79.86000000 0.55160634 2.17323598
79.87000000 0.55288868 2.16575610
79.88000000 0.55419054 2.15830475
79.89000000 0.55551199 2.15088186
79.90000000 0.55685310 2.14348735
79.91000000 0.55821392 2.13612115
79.92000000 0.55959453 2.12878318
79.93000000 0.56099498 2.12147337
79.94000000 0.56241535 2.11419164
79.95000000 0.56385571 2.10693792
79.96000000 0.56531613 2.09971213
79.97000000 0.56679668 2.09251420
79.98000000 0.56829744 2.08534405
79.99000000 0.56981848 2.07820161
80.00000000 0.57135989 2.07108681
80.01000000 0.57292174 2.06399957
80.02000000 0.57450412 2.05693981
80.03000000 0.57610710 2.04990746
80.04000000 0.57773077 2.04290246
80.05000000 0.57937522 2.03592472
80.06000000 0.58104054 2.02897416
80.07000000 0.58272681 2.02205073
80.08000000 0.58443414 2.01515434
80.09000000 0.58616260 2.00828492
80.10000000 0.58791229 2.00144240
80.11000000 0.58968332 1.99462670
80.12000000 0.59147577 1.98783776
80.13000000 0.59328976 1.98107549
80.14000000 0.59512537 1.97433983
80.15000000 0.59698271 1.96763071
80.16000000 0.59886189 1.96094805
80.17000000 0.60076301 1.95429177
80.18000000 0.60268618 1.94766182
80.19000000 0.60463151 1.94105811
80.20000000 0.60659911 1.93448058
80.21000000 0.60858910 1.92792915
80.22000000 0.61060158 1.92140376
80.23000000 0.61263667 1.91490432
80.24000000 0.61469450 1.90843078
80.25000000 0.61677518 1.90198306
80.26000000 0.61887883 1.89556109
80.27000000 0.62100557 1.88916479
80.28000000 0.62315554 1.88279411
80.29000000 0.62532885 1.87644896
80.30000000 0.62752563 1.87012929
80.31000000 0.62974602 1.86383501
80.32000000 0.63199015 1.85756607
80.33000000 0.63425814 1.85132239
80.34000000 0.63655014 1.84510390
80.35000000 0.63886628 1.83891054
80.36000000 0.64120670 1.83274223
80.37000000 0.64357155 1.82659891
80.38000000 0.64596095 1.82048051
80.39000000 0.64837506 1.81438696
80.40000000 0.65081402 1.80831820
80.41000000 0.65327799 1.80227415
80.42000000 0.65576710 1.79625475
80.43000000 0.65828152 1.79025994
80.44000000 0.66082139 1.78428964
80.45000000 0.66338687 1.77834379
80.46000000 0.66597811 1.77242233
80.47000000 0.66859528 1.76652518
80.48000000 0.67123854 1.76065229
80.49000000 0.67390804 1.75480358
80.50000000 0.67660396 1.74897899
80.51000000 0.67932646 1.74317846
80.52000000 0.68207570 1.73740192
80.53000000 0.68485186 1.73164930
80.54000000 0.68765511 1.72592055
80.55000000 0.69048563 1.72021559
80.56000000 0.69334358 1.71453437
80.57000000 0.69622915 1.70887682
80.58000000 0.69914253 1.70324287
80.59000000 0.70208388 1.69763247
80.60000000 0.70505339 1.69204555
80.61000000 0.70805125 1.68648205
80.62000000 0.71107765 1.68094191
80.63000000 0.71413278 1.67542506
80.64000000 0.71721683 1.66993144
80.65000000 0.72032999 1.66446099
80.66000000 0.72347247 1.65901365
80.67000000 0.72664445 1.65358936
80.68000000 0.72984614 1.64818806
80.69000000 0.73307774 1.64280968
80.70000000 0.73633946 1.63745418
80.71000000 0.73963150 1.63212148
80.72000000 0.74295408 1.62681152
80.73000000 0.74630739 1.62152426
80.74000000 0.74969167 1.61625962
80.75000000 0.75310711 1.61101755
80.76000000 0.75655395 1.60579800
80.77000000 0.76003239 1.60060089
80.78000000 0.76354267 1.59542619
80.79000000 0.76708500 1.59027382
80.80000000 0.77065961 1.58514373
80.81000000 0.77426673 1.58003586
80.82000000 0.77790660 1.57495016
80.83000000 0.78157944 1.56988657
80.84000000 0.78528550 1.56484503
80.85000000 0.78902500 1.55982549
80.86000000 0.79279820 1.55482789
80.87000000 0.79660533 1.54985218
80.88000000 0.80044664 1.54489830
80.89000000 0.80432237 1.53996619
80.90000000 0.80823278 1.53505581
80.91000000 0.81217811 1.53016709
80.92000000 0.81615863 1.52529999
80.93000000 0.82017460 1.52045445
80.94000000 0.82422626 1.51563041
80.95000000 0.82831388 1.51082783
80.96000000 0.83243773 1.50604665
80.97000000 0.83659808 1.50128682
80.98000000 0.84079519 1.49654829
80.99000000 0.84502934 1.49183100
81.00000000 0.84930080 1.48713490
81.01000000 0.85360985 1.48245995
81.02000000 0.85795677 1.47780609
81.03000000 0.86234185 1.47317327
81.04000000 0.86676536 1.46856145
81.05000000 0.87122760 1.46397056
81.06000000 0.87572885 1.45940057
81.07000000 0.88026942 1.45485142
81.08000000 0.88484959 1.45032306
81.09000000 0.88946967 1.44581546
81.10000000 0.89412995 1.44132854
81.11000000 0.89883075 1.43686228
81.12000000 0.90357236 1.43241662
81.13000000 0.90835511 1.42799152
81.14000000 0.91317929 1.42358692
81.15000000 0.91804523 1.41920279
81.16000000 0.92295325 1.41483907
81.17000000 0.92790367 1.41049572
81.18000000 0.93289681 1.40617269
81.19000000 0.93793300 1.40186995
81.20000000 0.94301257 1.39758744
81.21000000 0.94813585 1.39332512
81.22000000 0.95330318 1.38908295
81.23000000 0.95851489 1.38486088
81.24000000 0.96377134 1.38065887
81.25000000 0.96907286 1.37647687
81.26000000 0.97441981 1.37231485
81.27000000 0.97981253 1.36817276
81.28000000 0.98525138 1.36405056
81.29000000 0.99073672 1.35994821
81.30000000 0.99626890 1.35586566
81.31000000 1.00184830 1.35180288
81.32000000 1.00747528 1.34775983
81.33000000 1.01315020 1.34373646
81.34000000 1.01887345 1.33973274
81.35000000 1.02464540 1.33574862
81.36000000 1.03046643 1.33178407
81.37000000 1.03633692 1.32783905
81.38000000 1.04225726 1.32391352
81.39000000 1.04822784 1.32000745
81.40000000 1.05424906 1.31612079
81.41000000 1.06032130 1.31225351
81.42000000 1.06644498 1.30840557
81.43000000 1.07262049 1.30457694
81.44000000 1.07884824 1.30076757
81.45000000 1.08512864 1.29697745
81.46000000 1.09146211 1.29320652
81.47000000 1.09784906 1.28945475
81.48000000 1.10428991 1.28572212
81.49000000 1.11078510 1.28200859
81.50000000 1.11733504 1.27831411
81.51000000 1.12394017 1.27463867
81.52000000 1.13060093 1.27098223
81.53000000 1.13731775 1.26734475
81.54000000 1.14409108 1.26372621
81.55000000 1.15092136 1.26012657
81.56000000 1.15780905 1.25654580
81.57000000 1.16475459 1.25298387
81.58000000 1.17175845 1.24944076
81.59000000 1.17882109 1.24591642
81.60000000 1.18594297 1.24241084
81.61000000 1.19312456 1.23892398
81.62000000 1.20036634 1.23545582
81.63000000 1.20766879 1.23200632
81.64000000 1.21503237 1.22857547
81.65000000 1.22245759 1.22516323
81.66000000 1.22994492 1.22176958
81.67000000 1.23749487 1.21839448
81.68000000 1.24510792 1.21503793
81.69000000 1.25278458 1.21169988
81.70000000 1.26052536 1.20838032
81.71000000 1.26833076 1.20507922
81.72000000 1.27620130 1.20179655
81.73000000 1.28413749 1.19853230
81.74000000 1.29213985 1.19528645
81.75000000 1.30020892 1.19205896
81.76000000 1.30834522 1.18884982
81.77000000 1.31654929 1.18565901
81.78000000 1.32482166 1.18248650
81.79000000 1.33316288 1.17933228
81.80000000 1.34157349 1.17619632
81.81000000 1.35005405 1.17307861
81.82000000 1.35860511 1.16997912
81.83000000 1.36722723 1.16689785
81.84000000 1.37592098 1.16383476
81.85000000 1.38468692 1.16078985
81.86000000 1.39352564 1.15776310
81.87000000 1.40243770 1.15475449
81.88000000 1.41142369 1.15176400
81.89000000 1.42048420 1.14879162
81.90000000 1.42961982 1.14583734
81.91000000 1.43883114 1.14290114
81.92000000 1.44811877 1.13998301
81.93000000 1.45748331 1.13708294
81.94000000 1.46692537 1.13420090
81.95000000 1.47644557 1.13133690
81.96000000 1.48604453 1.12849092
81.97000000 1.49572286 1.12566295
81.98000000 1.50548120 1.12285297
81.99000000 1.51532018 1.12006099
82.00000000 1.52524045 1.11728698
82.01000000 1.53524264 1.11453095
82.02000000 1.54532740 1.11179288
82.03000000 1.55549539 1.10907278
82.04000000 1.56574726 1.10637062
82.05000000 1.57608368 1.10368640
82.06000000 1.58650531 1.10102013
82.07000000 1.59701282 1.09837179
82.08000000 1.60760691 1.09574138
82.09000000 1.61828823 1.09312890
82.10000000 1.62905750 1.09053434
82.11000000 1.63991538 1.08795771
82.12000000 1.65086260 1.08539900
82.13000000 1.66189984 1.08285821
82.14000000 1.67302782 1.08033534
82.15000000 1.68424724 1.07783039
82.16000000 1.69555883 1.07534336
82.17000000 1.70696331 1.07287426
82.18000000 1.71846141 1.07042308
82.19000000 1.73005386 1.06798983
82.20000000 1.74174141 1.06557452
82.21000000 1.75352478 1.06317715
82.22000000 1.76540474 1.06079772
82.23000000 1.77738204 1.05843625
82.24000000 1.78945744 1.05609273
82.25000000 1.80163170 1.05376717
82.26000000 1.81390559 1.05145959
82.27000000 1.82627989 1.04917000
82.28000000 1.83875538 1.04689839
82.29000000 1.85133285 1.04464479
82.30000000 1.86401309 1.04240921
82.31000000 1.87679689 1.04019165
82.32000000 1.88968506 1.03799214
82.33000000 1.90267841 1.03581068
82.34000000 1.91577774 1.03364729
82.35000000 1.92898388 1.03150198
82.36000000 1.94229766 1.02937478
82.37000000 1.95571989 1.02726569
82.38000000 1.96925142 1.02517474
82.39000000 1.98289309 1.02310195
82.40000000 1.99664574 1.02104734
82.41000000 2.01051022 1.01901092
82.42000000 2.02448740 1.01699272
82.43000000 2.03857812 1.01499277
82.44000000 2.05278327 1.01301107
82.45000000 2.06710371 1.01104767
82.46000000 2.08154032 1.00910258
82.47000000 2.09609399 1.00717583
82.48000000 2.11076560 1.00526745
82.49000000 2.12555606 1.00337747
82.50000000 2.14046626 1.00150591
82.51000000 2.15549710 0.99965281
82.52000000 2.17064951 0.99781820
82.53000000 2.18592439 0.99600211
82.54000000 2.20132267 0.99420457
82.55000000 2.21684528 0.99242561
82.56000000 2.23249315 0.99066528
82.57000000 2.24826721 0.98892361
82.58000000 2.26416843 0.98720063
82.59000000 2.28019773 0.98549639
82.60000000 2.29635608 0.98381093
82.61000000 2.31264444 0.98214428
82.62000000 2.32906378 0.98049649
82.63000000 2.34561506 0.97886760
82.64000000 2.36229926 0.97725766
82.65000000 2.37911737 0.97566670
82.66000000 2.39607037 0.97409479
82.67000000 2.41315925 0.97254196
82.68000000 2.43038502 0.97100827
82.69000000 2.44774867 0.96949376
82.70000000 2.46525121 0.96799849
82.71000000 2.48289366 0.96652251
82.72000000 2.50067703 0.96506587
82.73000000 2.51860235 0.96362864
82.74000000 2.53667065 0.96221086
82.75000000 2.55488295 0.96081259
82.76000000 2.57324031 0.95943391
82.77000000 2.59174376 0.95807485
82.78000000 2.61039434 0.95673550
82.79000000 2.62919313 0.95541590
82.80000000 2.64814116 0.95411614
82.81000000 2.66723952 0.95283626
82.82000000 2.68648925 0.95157636
82.83000000 2.70589144 0.95033648
82.84000000 2.72544716 0.94911670
82.85000000 2.74515750 0.94791710
82.86000000 2.76502354 0.94673775
82.87000000 2.78504636 0.94557873
82.88000000 2.80522708 0.94444011
82.89000000 2.82556677 0.94332197
82.90000000 2.84606656 0.94222440
82.91000000 2.86672754 0.94114747
82.92000000 2.88755083 0.94009128
82.93000000 2.90853754 0.93905589
82.94000000 2.92968880 0.93804142
82.95000000 2.95100572 0.93704793
82.96000000 2.97248943 0.93607553
82.97000000 2.99414106 0.93512431
82.98000000 3.01596176 0.93419436
82.99000000 3.03795265 0.93328578
83.00000000 3.06011487 0.93239866
83.01000000 3.08244958 0.93153311
83.02000000 3.10495791 0.93068924
83.03000000 3.12764103 0.92986714
83.04000000 3.15050008 0.92906692
83.05000000 3.17353621 0.92828869
83.06000000 3.19675060 0.92753256
83.07000000 3.22014439 0.92679865
83.08000000 3.24371876 0.92608706
83.09000000 3.26747487 0.92539792
83.10000000 3.29141388 0.92473135
83.11000000 3.31553697 0.92408746
83.12000000 3.33984532 0.92346638
83.13000000 3.36434008 0.92286824
83.14000000 3.38902245 0.92229316
83.15000000 3.41389359 0.92174128
83.16000000 3.43895469 0.92121273
83.17000000 3.46420692 0.92070765
83.18000000 3.48965146 0.92022616
83.19000000 3.51528949 0.91976842
83.20000000 3.54112220 0.91933457
83.21000000 3.56715077 0.91892474
83.22000000 3.59337637 0.91853910
83.23000000 3.61980019 0.91817780
83.24000000 3.64642341 0.91784097
83.25000000 3.67324720 0.91752879
83.26000000 3.70027276 0.91724142
83.27000000 3.72750125 0.91697900
83.28000000 3.75493385 0.91674172
83.29000000 3.78257175 0.91652974
83.30000000 3.81041611 0.91634322
83.31000000 3.83846810 0.91618235
83.32000000 3.86672890 0.91604729
83.33000000 3.89519967 0.91593824
83.34000000 3.92388158 0.91585538
83.35000000 3.95277579 0.91579888
83.36000000 3.98188345 0.91576894
83.37000000 4.01120573 0.91576576
83.38000000 4.04074376 0.91578953
83.39000000 4.07049871 0.91584046
83.40000000 4.10047170 0.91591873
83.41000000 4.13066387 0.91602457
83.42000000 4.16107636 0.91615819
83.43000000 4.19171029 0.91631979
83.44000000 4.22256678 0.91650960
83.45000000 4.25364695 0.91672783
83.46000000 4.28495189 0.91697472
83.47000000 4.31648271 0.91725050
83.48000000 4.34824051 0.91755539
83.49000000 4.38022635 0.91788964
83.50000000 4.41244133 0.91825348
83.51000000 4.44488650 0.91864717
83.52000000 4.47756292 0.91907095
83.53000000 4.51047165 0.91952508
83.54000000 4.54361371 0.92000982
83.55000000 4.57699013 0.92052543
83.56000000 4.61060194 0.92107218
83.57000000 4.64445013 0.92165034
83.58000000 4.67853570 0.92226019
83.59000000 4.71285962 0.92290201
83.60000000 4.74742287 0.92357609
83.61000000 4.78222639 0.92428271
83.62000000 4.81727113 0.92502218
83.63000000 4.85255800 0.92579480
83.64000000 4.88808792 0.92660087
83.65000000 4.92386178 0.92744071
83.66000000 4.95988045 0.92831463
83.67000000 4.99614479 0.92922296
83.68000000 5.03265565 0.93016602
83.69000000 5.06941385 0.93114416
83.70000000 5.10642018 0.93215770
83.71000000 5.14367544 0.93320699
83.72000000 5.18118038 0.93429239
83.73000000 5.21893575 0.93541424
83.74000000 5.25694227 0.93657293
83.75000000 5.29520063 0.93776880
83.76000000 5.33371151 0.93900225
83.77000000 5.37247556 0.94027365
83.78000000 5.41149340 0.94158339
83.79000000 5.45076563 0.94293186
83.80000000 5.49029283 0.94431947
83.81000000 5.53007553 0.94574662
83.82000000 5.57011425 0.94721374
83.83000000 5.61040949 0.94872123
83.84000000 5.65096169 0.95026954
83.85000000 5.69177129 0.95185910
83.86000000 5.73283867 0.95349034
83.87000000 5.77416420 0.95516374
83.88000000 5.81574821 0.95687973
83.89000000 5.85759098 0.95863880
83.90000000 5.89969278 0.96044141
83.91000000 5.94205382 0.96228805
83.92000000 5.98467428 0.96417921
83.93000000 6.02755430 0.96611538
83.94000000 6.07069400 0.96809708
83.95000000 6.11409342 0.97012482
83.96000000 6.15775258 0.97219912
83.97000000 6.20167146 0.97432053
83.98000000 6.24584999 0.97648957
83.99000000 6.29028806 0.97870681
84.00000000 6.33498549 0.98097280
84.01000000 6.37994207 0.98328812
84.02000000 6.42515755 0.98565334
84.03000000 6.47063160 0.98806905
84.04000000 6.51636386 0.99053585
84.05000000 6.56235392 0.99305435
84.06000000 6.60860129 0.99562517
84.07000000 6.65510544 0.99824894
84.08000000 6.70186579 1.00092630
84.09000000 6.74888167 1.00365789
84.10000000 6.79615239 1.00644439
84.11000000 6.84367716 1.00928646
84.12000000 6.89145515 1.01218479
84.13000000 6.93948545 1.01514007
84.14000000 6.98776710 1.01815301
84.15000000 7.03629904 1.02122432
84.16000000 7.08508018 1.02435474
84.17000000 7.13410932 1.02754500
84.18000000 7.18338520 1.03079587
84.19000000 7.23290650 1.03410810
84.20000000 7.28267180 1.03748248
84.21000000 7.33267962 1.04091979
84.22000000 7.38292837 1.04442085
84.23000000 7.43341640 1.04798647
84.24000000 7.48414198 1.05161748
84.25000000 7.53510326 1.05531472
84.26000000 7.58629835 1.05907906
84.27000000 7.63772522 1.06291136
84.28000000 7.68938179 1.06681252
84.29000000 7.74126585 1.07078342
84.30000000 7.79337510 1.07482500
84.31000000 7.84570717 1.07893816
84.32000000 7.89825955 1.08312387
84.33000000 7.95102965 1.08738308
84.34000000 8.00401476 1.09171677
84.35000000 8.05721208 1.09612592
84.36000000 8.11061868 1.10061154
84.37000000 8.16423154 1.10517465
84.38000000 8.21804750 1.10981629
84.39000000 8.27206329 1.11453752
84.40000000 8.32627554 1.11933940
84.41000000 8.38068074 1.12422302
84.42000000 8.43527525 1.12918949
84.43000000 8.49005533 1.13423993
84.44000000 8.54501707 1.13937548
84.45000000 8.60015648 1.14459728
84.46000000 8.65546938 1.14990652
84.47000000 8.71095151 1.15530439
84.48000000 8.76659841 1.16079210
84.49000000 8.82240554 1.16637086
84.50000000 8.87836816 1.17204194
84.51000000 8.93448143 1.17780659
84.52000000 8.99074033 1.18366610
84.53000000 9.04713970 1.18962177
84.54000000 9.10367421 1.19567492
84.55000000 9.16033840 1.20182689
84.56000000 9.21712662 1.20807904
84.57000000 9.27403308 1.21443276
84.58000000 9.33105182 1.22088943
84.59000000 9.38817669 1.22745048
84.60000000 9.44540140 1.23411735
84.61000000 9.50271946 1.24089150
84.62000000 9.56012423 1.24777441
84.63000000 9.61760886 1.25476757
84.64000000 9.67516634 1.26187250
84.65000000 9.73278948 1.26909076
84.66000000 9.79047087 1.27642389
84.67000000 9.84820295 1.28387348
84.68000000 9.90597794 1.29144113
84.69000000 9.96378788 1.29912847
84.70000000 10.02162460 1.30693713
84.71000000 10.07947973 1.31486880
84.72000000 10.13734471 1.32292514
84.73000000 10.19521077 1.33110786
84.74000000 10.25306892 1.33941870
84.75000000 10.31090997 1.34785940
84.76000000 10.36872451 1.35643173
84.77000000 10.42650293 1.36513748
84.78000000 10.48423538 1.37397846
84.79000000 10.54191181 1.38295650
84.80000000 10.59952193 1.39207344
84.81000000 10.65705525 1.40133116
84.82000000 10.71450103 1.41073155
84.83000000 10.77184830 1.42027652
84.84000000 10.82908590 1.42996799
84.85000000 10.88620238 1.43980792
84.86000000 10.94318610 1.44979827
84.87000000 11.00002517 1.45994102
84.88000000 11.05670747 1.47023819
84.89000000 11.11322063 1.48069178
84.90000000 11.16955205 1.49130384
84.91000000 11.22568889 1.50207643
84.92000000 11.28161806 1.51301161
84.93000000 11.33732625 1.52411147
84.94000000 11.39279988 1.53537812
84.95000000 11.44802516 1.54681367
84.96000000 11.50298802 1.55842025
84.97000000 11.55767417 1.57020000
84.98000000 11.61206908 1.58215509
84.99000000 11.66615797 1.59428767
85.00000000 11.71992582 1.60659994
85.01000000 11.77335736 1.61909407
85.02000000 11.82643709 1.63177227
85.03000000 11.87914927 1.64463673
85.04000000 11.93147792 1.65768968
85.05000000 11.98340684 1.67093333
85.06000000 12.03491956 1.68436990
85.07000000 12.08599942 1.69800163
85.08000000 12.13662950 1.71183073
85.09000000 12.18679268 1.72585943
85.10000000 12.23647159 1.74008998
85.11000000 12.28564867 1.75452458
85.12000000 12.33430612 1.76916546
85.13000000 12.38242594 1.78401485
85.14000000 12.42998993 1.79907494
85.15000000 12.47697968 1.81434795
85.16000000 12.52337659 1.82983605
85.17000000 12.56916186 1.84554144
85.18000000 12.61431652 1.86146626
85.19000000 12.65882142 1.87761267
85.20000000 12.70265722 1.89398279
85.21000000 12.74580444 1.91057873
85.22000000 12.78824344 1.92740258
85.23000000 12.82995443 1.94445638
85.24000000 12.87091748 1.96174217
85.25000000 12.91111253 1.97926194
85.26000000 12.95051942 1.99701767
85.27000000 12.98911785 2.01501127
85.28000000 13.02688745 2.03324464
85.29000000 13.06380775 2.05171962
85.30000000 13.09985820 2.07043802
85.31000000 13.13501820 2.08940158
85.32000000 13.16926709 2.10861202
85.33000000 13.20258417 2.12807098
85.34000000 13.23494874 2.14778004
85.35000000 13.26634007 2.16774075
85.36000000 13.29673743 2.18795457
85.37000000 13.32612014 2.20842288
85.38000000 13.35446752 2.22914703
85.39000000 13.38175899 2.25012826
85.40000000 13.40797400 2.27136773
85.41000000 13.43309210 2.29286654
85.42000000 13.45709297 2.31462569
85.43000000 13.47995637 2.33664609
85.44000000 13.50166224 2.35892855
85.45000000 13.52219068 2.38147380
85.46000000 13.54152195 2.40428243
85.47000000 13.55963654 2.42735497
85.48000000 13.57651515 2.45069181
85.49000000 13.59213873 2.47429322
85.50000000 13.60648850 2.49815937
85.51000000 13.61954595 2.52229029
85.52000000 13.63129291 2.54668589
85.53000000 13.64171153 2.57134595
85.54000000 13.65078432 2.59627010
85.55000000 13.65849417 2.62145784
85.56000000 13.66482436 2.64690853
85.57000000 13.66975863 2.67262136
85.58000000 13.67328114 2.69859539
85.59000000 13.67537655 2.72482951
85.60000000 13.67603000 2.75132245
85.61000000 13.67522718 2.77807276
85.62000000 13.67295429 2.80507885
85.63000000 13.66919815 2.83233894
85.64000000 13.66394614 2.85985106
85.65000000 13.65718627 2.88761309
85.66000000 13.64890721 2.91562269
85.67000000 13.63909827 2.94387737
85.68000000 13.62774950 2.97237441
85.69000000 13.61485161 3.00111092
85.70000000 13.60039608 3.03008382
85.71000000 13.58437514 3.05928980
85.72000000 13.56678181 3.08872538
85.73000000 13.54760991 3.11838686
85.74000000 13.52685407 3.14827033
85.75000000 13.50450979 3.17837168
85.76000000 13.48057340 3.20868658
85.77000000 13.45504215 3.23921051
85.78000000 13.42791415 3.26993871
85.79000000 13.39918844 3.30086622
85.80000000 13.36886501 3.33198787
85.81000000 13.33694477 3.36329828
85.82000000 13.30342960 3.39479183
85.83000000 13.26832234 3.42646272
85.84000000 13.23162684 3.45830491
85.85000000 13.19334791 3.49031216
85.86000000 13.15349138 3.52247803
85.87000000 13.11206409 3.55479585
85.88000000 13.06907389 3.58725876
85.89000000 13.02452964 3.61985969
85.90000000 12.97844125 3.65259137
85.91000000 12.93081962 3.68544632
85.92000000 12.88167670 3.71841689
85.93000000 12.83102545 3.75149523
85.94000000 12.77887984 3.78467328
85.95000000 12.72525489 3.81794284
85.96000000 12.67016659 3.85129550
85.97000000 12.61363194 3.88472270
85.98000000 12.55566895 3.91821571
85.99000000 12.49629659 3.95176563
86.00000000 12.43553480 3.98536342
86.01000000 12.37340448 4.01899988
86.02000000 12.30992744 4.05266571
86.03000000 12.24512645 4.08635143
86.04000000 12.17902513 4.12004746
86.05000000 12.11164802 4.15374412
86.06000000 12.04302049 4.18743160
86.07000000 11.97316875 4.22110000
86.08000000 11.90211980 4.25473934
86.09000000 11.82990144 4.28833956
86.10000000 11.75654219 4.32189051
86.11000000 11.68207133 4.35538200
86.12000000 11.60651879 4.38880379
86.13000000 11.52991518 4.42214560
86.14000000 11.45229172 4.45539712
86.15000000 11.37368024 4.48854800
86.16000000 11.29411309 4.52158790
86.17000000 11.21362317 4.55450650
86.18000000 11.13224384 4.58729345
86.19000000 11.05000892 4.61993846
86.20000000 10.96695262 4.65243125
86.21000000 10.88310952 4.68476159
86.22000000 10.79851452 4.71691932
86.23000000 10.71320284 4.74889433
86.24000000 10.62720989 4.78067657
86.25000000 10.54057134 4.81225612
86.26000000 10.45332299 4.84362312
86.27000000 10.36550079 4.87476782
86.28000000 10.27714075 4.90568060
86.29000000 10.18827895 4.93635197
86.30000000 10.09895146 4.96677255
86.31000000 10.00919433 4.99693313
86.32000000 9.91904351 5.02682464
86.33000000 9.82853487 5.05643818
86.34000000 9.73770412 5.08576501
86.35000000 9.64658677 5.11479659
86.36000000 9.55521812 5.14352454
86.37000000 9.46363321 5.17194070
86.38000000 9.37186678 5.20003709
86.39000000 9.27995326 5.22780596
86.40000000 9.18792668 5.25523976
86.41000000 9.09582074 5.28233115
86.42000000 9.00366865 5.30907305
86.43000000 8.91150322 5.33545859
86.44000000 8.81935676 5.36148113
86.45000000 8.72726107 5.38713428
86.46000000 8.63524742 5.41241190
86.47000000 8.54334653 5.43730809
86.48000000 8.45158853 5.46181721
86.49000000 8.36000296 5.48593386
86.50000000 8.26861874 5.50965292
86.51000000 8.17746414 5.53296950
86.52000000 8.08656677 5.55587899
86.53000000 7.99595358 5.57837703
86.54000000 7.90565083 5.60045954
86.55000000 7.81568408 5.62212268
86.56000000 7.72607817 5.64336288
86.57000000 7.63685722 5.66417684
86.58000000 7.54804462 5.68456151
86.59000000 7.45966304 5.70451411
86.60000000 7.37173436 5.72403211
86.61000000 7.28427977 5.74311323
86.62000000 7.19731965 5.76175546
86.63000000 7.11087366 5.77995703
86.64000000 7.02496068 5.79771642
86.65000000 6.93959887 5.81503237
86.66000000 6.85480559 5.83190385
86.67000000 6.77059747 5.84833005
86.68000000 6.68699039 5.86431044
86.69000000 6.60399948 5.87984467
86.70000000 6.52163913 5.89493267
86.71000000 6.43992298 5.90957454
86.72000000 6.35886398 5.92377063
86.73000000 6.27847433 5.93752149
86.74000000 6.19876552 5.95082790
86.75000000 6.11974836 5.96369080
86.76000000 6.04143294 5.97611136
86.77000000 5.96382870 5.98809094
86.78000000 5.88694439 5.99963108
86.79000000 5.81078812 6.01073349
86.80000000 5.73536732 6.02140007
86.81000000 5.66068884 6.03163289
86.82000000 5.58675887 6.04143417
86.83000000 5.51358301 6.05080631
86.84000000 5.44116628 6.05975184
86.85000000 5.36951312 6.06827344
86.86000000 5.29862738 6.07637396
86.87000000 5.22851241 6.08405635
86.88000000 5.15917099 6.09132369
86.89000000 5.09060540 6.09817921
86.90000000 5.02281742 6.10462623
86.91000000 4.95580835 6.11066821
86.92000000 4.88957900 6.11630869
86.93000000 4.82412974 6.12155132
86.94000000 4.75946050 6.12639986
86.95000000 4.69557077 6.13085813
86.96000000 4.63245966 6.13493007
86.97000000 4.57012586 6.13861967
86.98000000 4.50856769 6.14193101
86.99000000 4.44778311 6.14486824
87.00000000 4.38776973 6.14743556
87.01000000 4.32852483 6.14963725
87.02000000 4.27004535 6.15147763
87.03000000 4.21232795 6.15296107
87.04000000 4.15536899 6.15409200
87.05000000 4.09916454 6.15487488
87.06000000 4.04371041 6.15531420
87.07000000 3.98900218 6.15541450
87.08000000 3.93503517 6.15518033
87.09000000 3.88180448 6.15461629
87.10000000 3.82930499 6.15372697
87.11000000 3.77753140 6.15251701
87.12000000 3.72647821 6.15099104
87.13000000 3.67613973 6.14915370
87.14000000 3.62651012 6.14700966
87.15000000 3.57758339 6.14456356
87.16000000 3.52935338 6.14182008
87.17000000 3.48181382 6.13878386
87.18000000 3.43495831 6.13545956
87.19000000 3.38878033 6.13185183
87.20000000 3.34327326 6.12796529
87.21000000 3.29843039 6.12380457
87.22000000 3.25424490 6.11937427
87.23000000 3.21070993 6.11467898
87.24000000 3.16781851 6.10972328
87.25000000 3.12556363 6.10451170
87.26000000 3.08393823 6.09904877
87.27000000 3.04293518 6.09333898
87.28000000 3.00254732 6.08738681
87.29000000 2.96276748 6.08119670
87.30000000 2.92358842 6.07477305
87.31000000 2.88500292 6.06812024
87.32000000 2.84700371 6.06124262
87.33000000 2.80958354 6.05414449
87.34000000 2.77273513 6.04683013
87.35000000 2.73645122 6.03930377
87.36000000 2.70072456 6.03156961
87.37000000 2.66554788 6.02363181
87.38000000 2.63091397 6.01549448
87.39000000 2.59681560 6.00716170
87.40000000 2.56324559 5.99863751
87.41000000 2.53019677 5.98992589
87.42000000 2.49766202 5.98103079
87.43000000 2.46563423 5.97195612
87.44000000 2.43410635 5.96270574
87.45000000 2.40307136 5.95328346
87.46000000 2.37252228 5.94369305
87.47000000 2.34245220 5.93393824
87.48000000 2.31285421 5.92402270
87.49000000 2.28372151 5.91395006
87.50000000 2.25504732 5.90372391
87.51000000 2.22682491 5.89334779
87.52000000 2.19904763 5.88282519
87.53000000 2.17170887 5.87215956
87.54000000 2.14480208 5.86135428
87.55000000 2.11832080 5.85041272
87.56000000 2.09225861 5.83933818
87.57000000 2.06660914 5.82813391
87.58000000 2.04136612 5.81680312
87.59000000 2.01652334 5.80534898
87.60000000 1.99207463 5.79377460
87.61000000 1.96801391 5.78208306
87.62000000 1.94433518 5.77027738
87.63000000 1.92103249 5.75836053
87.64000000 1.89809997 5.74633546
87.65000000 1.87553181 5.73420504
87.66000000 1.85332230 5.72197213
87.67000000 1.83146576 5.70963951
87.68000000 1.80995662 5.69720994
87.69000000 1.78878936 5.68468613
87.70000000 1.76795854 5.67207074
87.71000000 1.74745878 5.65936640
87.72000000 1.72728480 5.64657568
87.73000000 1.70743136 5.63370112
87.74000000 1.68789332 5.62074521
87.75000000 1.66866559 5.60771041
87.76000000 1.64974316 5.59459911
87.77000000 1.63112109 5.58141370
87.78000000 1.61279452 5.56815650
87.79000000 1.59475864 5.55482979
87.80000000 1.57700874 5.54143583
87.81000000 1.55954015 5.52797682
87.82000000 1.54234829 5.51445493
87.83000000 1.52542864 5.50087230
87.84000000 1.50877675 5.48723102
87.85000000 1.49238823 5.47353315
87.86000000 1.47625877 5.45978070
87.87000000 1.46038412 5.44597565
87.88000000 1.44476010 5.43211997
87.89000000 1.42938260 5.41821555
87.90000000 1.41424756 5.40426427
87.91000000 1.39935099 5.39026797
87.92000000 1.38468897 5.37622847
87.93000000 1.37025763 5.36214754
87.94000000 1.35605319 5.34802692
87.95000000 1.34207190 5.33386831
87.96000000 1.32831008 5.31967339
87.97000000 1.31476412 5.30544382
87.98000000 1.30143046 5.29118119
87.99000000 1.28830560 5.27688710
88.00000000 1.27538610 5.26256309
88.01000000 1.26266857 5.24821069
88.02000000 1.25014970 5.23383140
88.03000000 1.23782620 5.21942667
88.04000000 1.22569487 5.20499795
88.05000000 1.21375253 5.19054663
88.06000000 1.20199608 5.17607411
88.07000000 1.19042247 5.16158173
88.08000000 1.17902868 5.14707082
88.09000000 1.16781177 5.13254268
88.10000000 1.15676883 5.11799858
88.11000000 1.14589701 5.10343978
88.12000000 1.13519351 5.08886750
88.13000000 1.12465556 5.07428294
88.14000000 1.11428047 5.05968727
88.15000000 1.10406557 5.04508164
88.16000000 1.09400824 5.03046719
88.17000000 1.08410592 5.01584501
88.18000000 1.07435608 5.00121620
88.19000000 1.06475624 4.98658181
88.20000000 1.05530396 4.97194288
88.21000000 1.04599685 4.95730042
88.22000000 1.03683255 4.94265544
88.23000000 1.02780875 4.92800891
88.24000000 1.01892318 4.91336179
88.25000000 1.01017362 4.89871500
88.26000000 1.00155786 4.88406948
88.27000000 0.99307375 4.86942610
88.28000000 0.98471919 4.85478575
88.29000000 0.97649208 4.84014930
88.30000000 0.96839040 4.82551757
88.31000000 0.96041213 4.81089140
88.32000000 0.95255531 4.79627158
88.33000000 0.94481800 4.78165891
88.34000000 0.93719830 4.76705416
88.35000000 0.92969434 4.75245808
88.36000000 0.92230430 4.73787141
88.37000000 0.91502637 4.72329486
88.38000000 0.90785878 4.70872916
88.39000000 0.90079980 4.69417498
88.40000000 0.89384772 4.67963301
88.41000000 0.88700086 4.66510389
88.42000000 0.88025758 4.65058829
88.43000000 0.87361627 4.63608683
88.44000000 0.86707533 4.62160012
88.45000000 0.86063321 4.60712878
88.46000000 0.85428837 4.59267338
88.47000000 0.84803932 4.57823451
88.48000000 0.84188457 4.56381274
88.49000000 0.83582267 4.54940860
88.50000000 0.82985220 4.53502264
88.51000000 0.82397177 4.52065539
88.52000000 0.81817999 4.50630735
88.53000000 0.81247552 4.49197904
88.54000000 0.80685703 4.47767093
88.55000000 0.80132322 4.46338351
88.56000000 0.79587281 4.44911724
88.57000000 0.79050456 4.43487258
88.58000000 0.78521721 4.42064998
88.59000000 0.78000957 4.40644987
88.60000000 0.77488044 4.39227267
88.61000000 0.76982867 4.37811879
88.62000000 0.76485309 4.36398865
88.63000000 0.75995258 4.34988263
88.64000000 0.75512604 4.33580113
88.65000000 0.75037238 4.32174450
88.66000000 0.74569054 4.30771313
88.67000000 0.74107946 4.29370736
88.68000000 0.73653812 4.27972754
88.69000000 0.73206551 4.26577401
88.70000000 0.72766063 4.25184711
88.71000000 0.72332250 4.23794714
88.72000000 0.71905018 4.22407444
88.73000000 0.71484273 4.21022929
88.74000000 0.71069920 4.19641200
88.75000000 0.70661872 4.18262286
88.76000000 0.70260037 4.16886215
88.77000000 0.69864328 4.15513015
88.78000000 0.69474660 4.14142711
88.79000000 0.69090949 4.12775330
88.80000000 0.68713111 4.11410897
88.81000000 0.68341065 4.10049437
88.82000000 0.67974731 4.08690974
88.83000000 0.67614030 4.07335530
88.84000000 0.67258886 4.05983129
88.85000000 0.66909223 4.04633792
88.86000000 0.66564966 4.03287540
88.87000000 0.66226042 4.01944395
88.88000000 0.65892380 4.00604375
88.89000000 0.65563909 3.99267502
88.90000000 0.65240560 3.97933792
88.91000000 0.64922265 3.96603266
88.92000000 0.64608957 3.95275940
88.93000000 0.64300571 3.93951831
88.94000000 0.63997042 3.92630957
88.95000000 0.63698308 3.91313333
88.96000000 0.63404305 3.89998975
88.97000000 0.63114973 3.88687899
88.98000000 0.62830252 3.87380117
88.99000000 0.62550084 3.86075646
89.00000000 0.62274410 3.84774498
89.01000000 0.62003174 3.83476687
89.02000000 0.61736320 3.82182224
89.03000000 0.61473793 3.80891123
89.04000000 0.61215540 3.79603395
89.05000000 0.60961507 3.78319052
89.06000000 0.60711644 3.77038105
89.07000000 0.60465898 3.75760563
89.08000000 0.60224221 3.74486437
89.09000000 0.59986563 3.73215738
89.10000000 0.59752875 3.71948473
89.11000000 0.59523111 3.70684653
89.12000000 0.59297224 3.69424285
89.13000000 0.59075168 3.68167378
89.14000000 0.58856899 3.66913939
89.15000000 0.58642372 3.65663977
89.16000000 0.58431544 3.64417498
89.17000000 0.58224374 3.63174509
89.18000000 0.58020818 3.61935016
89.19000000 0.57820837 3.60699026
89.20000000 0.57624390 3.59466544
89.21000000 0.57431437 3.58237576
89.22000000 0.57241941 3.57012127
89.23000000 0.57055862 3.55790202
89.24000000 0.56873164 3.54571805
89.25000000 0.56693810 3.53356941
89.26000000 0.56517764 3.52145614
89.27000000 0.56344991 3.50937827
89.28000000 0.56175455 3.49733584
89.29000000 0.56009124 3.48532889
89.30000000 0.55845963 3.47335743
89.31000000 0.55685940 3.46142149
89.32000000 0.55529023 3.44952111
89.33000000 0.55375180 3.43765630
89.34000000 0.55224380 3.42582708
89.35000000 0.55076593 3.41403347
89.36000000 0.54931789 3.40227549
89.37000000 0.54789938 3.39055314
89.38000000 0.54651012 3.37886643
89.39000000 0.54514983 3.36721538
89.40000000 0.54381823 3.35559998
89.41000000 0.54251505 3.34402025
89.42000000 0.54124003 3.33247618
89.43000000 0.53999289 3.32096778
89.44000000 0.53877339 3.30949504
89.45000000 0.53758128 3.29805795
89.46000000 0.53641631 3.28665652
89.47000000 0.53527823 3.27529073
89.48000000 0.53416681 3.26396057
89.49000000 0.53308183 3.25266604
89.50000000 0.53202304 3.24140712
89.51000000 0.53099023 3.23018378
89.52000000 0.52998319 3.21899603
89.53000000 0.52900168 3.20784384
89.54000000 0.52804552 3.19672718
89.55000000 0.52711448 3.18564605
89.56000000 0.52620837 3.17460041
89.57000000 0.52532699 3.16359024
89.58000000 0.52447014 3.15261552
89.59000000 0.52363765 3.14167621
89.60000000 0.52282931 3.13077230
89.61000000 0.52204495 3.11990374
89.62000000 0.52128440 3.10907052
89.63000000 0.52054747 3.09827259
89.64000000 0.51983400 3.08750992
89.65000000 0.51914383 3.07678248
89.66000000 0.51847677 3.06609023
89.67000000 0.51783269 3.05543314
89.68000000 0.51721142 3.04481116
89.69000000 0.51661280 3.03422426
89.70000000 0.51603670 3.02367239
89.71000000 0.51548295 3.01315552
89.72000000 0.51495143 3.00267359
89.73000000 0.51444199 2.99222658
89.74000000 0.51395449 2.98181442
89.75000000 0.51348881 2.97143708
89.76000000 0.51304481 2.96109451
89.77000000 0.51262236 2.95078665
89.78000000 0.51222135 2.94051348
89.79000000 0.51184164 2.93027492
89.80000000 0.51148313 2.92007093
89.81000000 0.51114570 2.90990147
89.82000000 0.51082923 2.89976647
89.83000000 0.51053362 2.88966589
89.84000000 0.51025876 2.87959967
89.85000000 0.51000455 2.86956775
89.86000000 0.50977089 2.85957009
89.87000000 0.50955767 2.84960663
89.88000000 0.50936481 2.83967730
89.89000000 0.50919221 2.82978205
89.90000000 0.50903979 2.81992083
89.91000000 0.50890745 2.81009357
89.92000000 0.50879510 2.80030022
89.93000000 0.50870268 2.79054071
89.94000000 0.50863009 2.78081498
89.95000000 0.50857727 2.77112298
89.96000000 0.50854413 2.76146464
89.97000000 0.50853060 2.75183989
89.98000000 0.50853662 2.74224869
89.99000000 0.50856211 2.73269095
90.00000000 0.50860702 2.72316662
90.01000000 0.50867127 2.71367564
90.02000000 0.50875482 2.70421793
90.03000000 0.50885759 2.69479344
90.04000000 0.50897954 2.68540210
90.05000000 0.50912060 2.67604383
90.06000000 0.50928074 2.66671858
90.07000000 0.50945990 2.65742628
90.08000000 0.50965803 2.64816685
90.09000000 0.50987508 2.63894024
90.10000000 0.51011102 2.62974637
90.11000000 0.51036581 2.62058517
90.12000000 0.51063940 2.61145658
90.13000000 0.51093177 2.60236052
90.14000000 0.51124286 2.59329693
90.15000000 0.51157266 2.58426573
90.16000000 0.51192113 2.57526686
90.17000000 0.51228825 2.56630024
90.18000000 0.51267398 2.55736580
90.19000000 0.51307831 2.54846348
90.20000000 0.51350121 2.53959319
90.21000000 0.51394266 2.53075488
90.22000000 0.51440264 2.52194846
90.23000000 0.51488113 2.51317386
90.24000000 0.51537813 2.50443101
90.25000000 0.51589362 2.49571984
90.26000000 0.51642758 2.48704028
90.27000000 0.51698001 2.47839225
90.28000000 0.51755090 2.46977568
90.29000000 0.51814025 2.46119049
90.30000000 0.51874805 2.45263661
90.31000000 0.51937431 2.44411397
90.32000000 0.52001901 2.43562250
90.33000000 0.52068217 2.42716211
90.34000000 0.52136378 2.41873273
90.35000000 0.52206385 2.41033430
90.36000000 0.52278240 2.40196673
90.37000000 0.52351942 2.39362995
90.38000000 0.52427494 2.38532389
90.39000000 0.52504895 2.37704847
90.40000000 0.52584148 2.36880361
90.41000000 0.52665255 2.36058924
90.42000000 0.52748216 2.35240529
90.43000000 0.52833035 2.34425168
90.44000000 0.52919712 2.33612833
90.45000000 0.53008251 2.32803517
90.46000000 0.53098654 2.31997213
90.47000000 0.53190923 2.31193912
90.48000000 0.53285062 2.30393607
90.49000000 0.53381073 2.29596291
90.50000000 0.53478959 2.28801956
90.51000000 0.53578724 2.28010595
90.52000000 0.53680371 2.27222199
90.53000000 0.53783903 2.26436762
90.54000000 0.53889326 2.25654276
90.55000000 0.53996641 2.24874733
90.56000000 0.54105855 2.24098125
90.57000000 0.54216970 2.23324446
90.58000000 0.54329992 2.22553687
90.59000000 0.54444924 2.21785840
90.60000000 0.54561772 2.21020900
90.61000000 0.54680541 2.20258856
90.62000000 0.54801236 2.19499704
90.63000000 0.54923862 2.18743433
90.64000000 0.55048424 2.17990038
90.65000000 0.55174929 2.17239511
90.66000000 0.55303381 2.16491843
90.67000000 0.55433786 2.15747028
90.68000000 0.55566152 2.15005058
90.69000000 0.55700484 2.14265925
90.70000000 0.55836788 2.13529622
90.71000000 0.55975071 2.12796142
90.72000000 0.56115339 2.12065476
90.73000000 0.56257600 2.11337618
90.74000000 0.56401861 2.10612560
90.75000000 0.56548128 2.09890294
90.76000000 0.56696410 2.09170813
90.77000000 0.56846713 2.08454110
90.78000000 0.56999046 2.07740176
90.79000000 0.57153415 2.07029006
90.80000000 0.57309830 2.06320590
90.81000000 0.57468299 2.05614922
90.82000000 0.57628829 2.04911995
90.83000000 0.57791429 2.04211801
90.84000000 0.57956108 2.03514332
90.85000000 0.58122874 2.02819582
90.86000000 0.58291737 2.02127542
90.87000000 0.58462706 2.01438206
90.88000000 0.58635790 2.00751566
90.89000000 0.58810999 2.00067616
90.90000000 0.58988341 1.99386347
90.91000000 0.59167828 1.98707752
90.92000000 0.59349468 1.98031824
90.93000000 0.59533273 1.97358557
90.94000000 0.59719252 1.96687941
90.95000000 0.59907415 1.96019972
90.96000000 0.60097774 1.95354640
90.97000000 0.60290340 1.94691940
90.98000000 0.60485122 1.94031863
90.99000000 0.60682133 1.93374403
91.00000000 0.60881383 1.92719553
91.01000000 0.61082884 1.92067305
91.02000000 0.61286648 1.91417653
91.03000000 0.61492687 1.90770589
91.04000000 0.61701012 1.90126106
91.05000000 0.61911635 1.89484197
91.06000000 0.62124570 1.88844855
91.07000000 0.62339828 1.88208074
91.08000000 0.62557422 1.87573845
91.09000000 0.62777364 1.86942163
91.10000000 0.62999669 1.86313021
91.11000000 0.63224349 1.85686410
91.12000000 0.63451417 1.85062325
91.13000000 0.63680887 1.84440759
91.14000000 0.63912773 1.83821704
91.15000000 0.64147089 1.83205154
91.16000000 0.64383848 1.82591102
91.17000000 0.64623065 1.81979541
91.18000000 0.64864754 1.81370465
91.19000000 0.65108930 1.80763866
91.20000000 0.65355608 1.80159738
91.21000000 0.65604802 1.79558075
91.22000000 0.65856529 1.78958869
91.23000000 0.66110802 1.78362114
91.24000000 0.66367639 1.77767803
91.25000000 0.66627053 1.77175930
91.26000000 0.66889062 1.76586488
91.27000000 0.67153682 1.75999470
91.28000000 0.67420928 1.75414870
91.29000000 0.67690817 1.74832681
91.30000000 0.67963366 1.74252898
91.31000000 0.68238592 1.73675512
91.32000000 0.68516511 1.73100519
91.33000000 0.68797141 1.72527911
91.34000000 0.69080500 1.71957682
91.35000000 0.69366604 1.71389826
91.36000000 0.69655473 1.70824336
91.37000000 0.69947123 1.70261206
91.38000000 0.70241573 1.69700430
91.39000000 0.70538842 1.69142001
91.40000000 0.70838947 1.68585913
91.41000000 0.71141909 1.68032161
91.42000000 0.71447745 1.67480737
91.43000000 0.71756476 1.66931635
91.44000000 0.72068120 1.66384850
91.45000000 0.72382698 1.65840375
91.46000000 0.72700228 1.65298204
91.47000000 0.73020732 1.64758332
91.48000000 0.73344229 1.64220751
91.49000000 0.73670740 1.63685457
91.50000000 0.74000286 1.63152442
91.51000000 0.74332888 1.62621702
91.52000000 0.74668566 1.62093229
91.53000000 0.75007342 1.61567019
91.54000000 0.75349237 1.61043066
91.55000000 0.75694274 1.60521362
91.56000000 0.76042475 1.60001904
91.57000000 0.76393861 1.59484684
91.58000000 0.76748455 1.58969697
91.59000000 0.77106280 1.58456938
91.60000000 0.77467359 1.57946400
91.61000000 0.77831715 1.57438079
91.62000000 0.78199371 1.56931967
91.63000000 0.78570350 1.56428061
91.64000000 0.78944678 1.55926353
91.65000000 0.79322377 1.55426839
91.66000000 0.79703472 1.54929513
91.67000000 0.80087988 1.54434370
91.68000000 0.80475949 1.53941403
91.69000000 0.80867381 1.53450608
91.70000000 0.81262308 1.52961979
91.71000000 0.81660757 1.52475511
91.72000000 0.82062752 1.51991199
91.73000000 0.82468321 1.51509036
91.74000000 0.82877488 1.51029019
91.75000000 0.83290282 1.50551141
91.76000000 0.83706728 1.50075397
91.77000000 0.84126853 1.49601782
91.78000000 0.84550685 1.49130291
91.79000000 0.84978252 1.48660919
91.80000000 0.85409581 1.48193661
91.81000000 0.85844699 1.47728512
91.82000000 0.86283637 1.47265466
91.83000000 0.86726421 1.46804518
91.84000000 0.87173081 1.46345664
91.85000000 0.87623646 1.45888899
91.86000000 0.88078146 1.45434218
91.87000000 0.88536609 1.44981616
91.88000000 0.88999067 1.44531087
91.89000000 0.89465548 1.44082628
91.90000000 0.89936085 1.43636233
91.91000000 0.90410706 1.43191898
91.92000000 0.90889444 1.42749618
91.93000000 0.91372330 1.42309388
91.94000000 0.91859395 1.41871204
91.95000000 0.92350671 1.41435061
91.96000000 0.92846190 1.41000955
91.97000000 0.93345986 1.40568880
91.98000000 0.93850090 1.40138833
91.99000000 0.94358535 1.39710809
92.00000000 0.94871356 1.39284803
92.01000000 0.95388586 1.38860812
92.02000000 0.95910258 1.38438830
92.03000000 0.96436406 1.38018854
92.04000000 0.96967067 1.37600878
92.05000000 0.97502273 1.37184900
92.06000000 0.98042061 1.36770915
92.07000000 0.98586466 1.36358918
92.08000000 0.99135524 1.35948905
92.09000000 0.99689271 1.35540872
92.10000000 1.00247742 1.35134816
92.11000000 1.00810976 1.34730732
92.12000000 1.01379009 1.34328615
92.13000000 1.01951879 1.33928463
92.14000000 1.02529623 1.33530272
92.15000000 1.03112279 1.33134036
92.16000000 1.03699885 1.32739753
92.17000000 1.04292481 1.32347419
92.18000000 1.04890106 1.31957029
92.19000000 1.05492798 1.31568581
92.20000000 1.06100598 1.31182070
92.21000000 1.06713545 1.30797493
92.22000000 1.07331680 1.30414846
92.23000000 1.07955044 1.30034126
92.24000000 1.08583678 1.29655329
92.25000000 1.09217622 1.29278451
92.26000000 1.09856920 1.28903490
92.27000000 1.10501614 1.28530441
92.28000000 1.11151744 1.28159302
92.29000000 1.11807356 1.27790068
92.30000000 1.12468491 1.27422737
92.31000000 1.13135194 1.27057306
92.32000000 1.13807508 1.26693771
92.33000000 1.14485478 1.26332129
92.34000000 1.15169148 1.25972377
92.35000000 1.15858564 1.25614511
92.36000000 1.16553770 1.25258530
92.37000000 1.17254814 1.24904429
92.38000000 1.17961740 1.24552207
92.39000000 1.18674596 1.24201859
92.40000000 1.19393428 1.23853383
92.41000000 1.20118285 1.23506776
92.42000000 1.20849213 1.23162036
92.43000000 1.21586261 1.22819160
92.44000000 1.22329477 1.22478144
92.45000000 1.23078911 1.22138987
92.46000000 1.23834611 1.21801686
92.47000000 1.24596627 1.21466238
92.48000000 1.25365011 1.21132641
92.49000000 1.26139811 1.20800892
92.50000000 1.26921079 1.20470989
92.51000000 1.27708867 1.20142930
92.52000000 1.28503226 1.19816711
92.53000000 1.29304209 1.19492332
92.54000000 1.30111868 1.19169789
92.55000000 1.30926256 1.18849081
92.56000000 1.31747426 1.18530205
92.57000000 1.32575433 1.18213160
92.58000000 1.33410331 1.17897943
92.59000000 1.34252174 1.17584552
92.60000000 1.35101019 1.17272985
92.61000000 1.35956919 1.16963241
92.62000000 1.36819933 1.16655318
92.63000000 1.37690115 1.16349213
92.64000000 1.38567523 1.16044926
92.65000000 1.39452215 1.15742455
92.66000000 1.40344248 1.15441797
92.67000000 1.41243681 1.15142952
92.68000000 1.42150572 1.14845917
92.69000000 1.43064980 1.14550692
92.70000000 1.43986966 1.14257275
92.71000000 1.44916589 1.13965665
92.72000000 1.45853910 1.13675860
92.73000000 1.46798990 1.13387859
92.74000000 1.47751890 1.13101661
92.75000000 1.48712673 1.12817265
92.76000000 1.49681401 1.12534669
92.77000000 1.50658138 1.12253874
92.78000000 1.51642945 1.11974877
92.79000000 1.52635888 1.11697679
92.80000000 1.53637030 1.11422277
92.81000000 1.54646437 1.11148672
92.82000000 1.55664174 1.10876862
92.83000000 1.56690306 1.10606848
92.84000000 1.57724901 1.10338628
92.85000000 1.58768025 1.10072202
92.86000000 1.59819745 1.09807569
92.87000000 1.60880128 1.09544729
92.88000000 1.61949245 1.09283683
92.89000000 1.63027162 1.09024428
92.90000000 1.64113950 1.08766966
92.91000000 1.65209678 1.08511296
92.92000000 1.66314417 1.08257418
92.93000000 1.67428237 1.08005332
92.94000000 1.68551211 1.07755038
92.95000000 1.69683409 1.07506537
92.96000000 1.70824904 1.07259827
92.97000000 1.71975769 1.07014911
92.98000000 1.73136078 1.06771788
92.99000000 1.74305904 1.06530458
93.00000000 1.75485321 1.06290922
93.01000000 1.76674406 1.06053181
93.02000000 1.77873233 1.05817234
93.03000000 1.79081878 1.05583084
93.04000000 1.80300419 1.05350730
93.05000000 1.81528931 1.05120174
93.06000000 1.82767493 1.04891416
93.07000000 1.84016183 1.04664458
93.08000000 1.85275079 1.04439300
93.09000000 1.86544261 1.04215944
93.10000000 1.87823808 1.03994391
93.11000000 1.89113802 1.03774642
93.12000000 1.90414322 1.03556698
93.13000000 1.91725450 1.03340562
93.14000000 1.93047268 1.03126235
93.15000000 1.94379858 1.02913718
93.16000000 1.95723304 1.02703013
93.17000000 1.97077689 1.02494122
93.18000000 1.98443097 1.02287046
93.19000000 1.99819613 1.02081789
93.20000000 2.01207321 1.01878352
93.21000000 2.02606309 1.01676736
93.22000000 2.04016661 1.01476946
93.23000000 2.05438465 1.01278981
93.24000000 2.06871809 1.01082847
93.25000000 2.08316779 1.00888543
93.26000000 2.09773465 1.00696075
93.27000000 2.11241956 1.00505443
93.28000000 2.12722341 1.00316651
93.29000000 2.14214710 1.00129703
93.30000000 2.15719155 0.99944600
93.31000000 2.17235765 0.99761346
93.32000000 2.18764633 0.99579945
93.33000000 2.20305852 0.99400399
93.34000000 2.21859514 0.99222713
93.35000000 2.23425713 0.99046889
93.36000000 2.25004541 0.98872931
93.37000000 2.26596095 0.98700844
93.38000000 2.28200469 0.98530630
93.39000000 2.29817759 0.98362295
93.40000000 2.31448060 0.98195841
93.41000000 2.33091469 0.98031274
93.42000000 2.34748084 0.97868598
93.43000000 2.36418003 0.97707816
93.44000000 2.38101322 0.97548934
93.45000000 2.39798142 0.97391957
93.46000000 2.41508562 0.97236889
93.47000000 2.43232681 0.97083734
93.48000000 2.44970599 0.96932499
93.49000000 2.46722419 0.96783188
93.50000000 2.48488240 0.96635807
93.51000000 2.50268165 0.96490361
93.52000000 2.52062297 0.96346855
93.53000000 2.53870737 0.96205296
93.54000000 2.55693591 0.96065689
93.55000000 2.57530960 0.95928040
93.56000000 2.59382951 0.95792356
93.57000000 2.61249668 0.95658642
93.58000000 2.63131216 0.95526905
93.59000000 2.65027701 0.95397151
93.60000000 2.66939230 0.95269387
93.61000000 2.68865909 0.95143621
93.62000000 2.70807846 0.95019858
93.63000000 2.72765148 0.94898107
93.64000000 2.74737924 0.94778374
93.65000000 2.76726281 0.94660667
93.66000000 2.78730331 0.94544993
93.67000000 2.80750181 0.94431360
93.68000000 2.82785942 0.94319777
93.69000000 2.84837724 0.94210251
93.70000000 2.86905638 0.94102791
93.71000000 2.88989795 0.93997404
93.72000000 2.91090307 0.93894100
93.73000000 2.93207286 0.93792887
93.74000000 2.95340845 0.93693775
93.75000000 2.97491095 0.93596772
93.76000000 2.99658150 0.93501888
93.77000000 3.01842124 0.93409132
93.78000000 3.04043130 0.93318515
93.79000000 3.06261282 0.93230045
93.80000000 3.08496696 0.93143733
93.81000000 3.10749485 0.93059589
93.82000000 3.13019766 0.92977624
93.83000000 3.15307652 0.92897848
93.84000000 3.17613260 0.92820273
93.85000000 3.19936706 0.92744909
93.86000000 3.22278107 0.92671767
93.87000000 3.24637577 0.92600860
93.88000000 3.27015235 0.92532199
93.89000000 3.29411196 0.92465795
93.90000000 3.31825579 0.92401662
93.91000000 3.34258499 0.92339811
93.92000000 3.36710075 0.92280255
93.93000000 3.39180425 0.92223007
93.94000000 3.41669665 0.92168080
93.95000000 3.44177914 0.92115488
93.96000000 3.46705289 0.92065243
93.97000000 3.49251909 0.92017360
93.98000000 3.51817891 0.91971854
93.99000000 3.54403354 0.91928737
94.00000000 3.57008416 0.91888026
94.01000000 3.59633195 0.91849734
94.02000000 3.62277809 0.91813877
94.03000000 3.64942376 0.91780471
94.04000000 3.67627014 0.91749530
94.05000000 3.70331841 0.91721072
94.06000000 3.73056975 0.91695112
94.07000000 3.75802533 0.91671667
94.08000000 3.78568634 0.91650753
94.09000000 3.81355394 0.91632389
94.10000000 3.84162931 0.91616590
94.11000000 3.86991362 0.91603376
94.12000000 3.89840803 0.91592764
94.13000000 3.92711371 0.91584772
94.14000000 3.95603181 0.91579419
94.15000000 3.98516350 0.91576725
94.16000000 4.01450994 0.91576708
94.17000000 4.04407226 0.91579389
94.18000000 4.07385161 0.91584787
94.19000000 4.10384914 0.91592923
94.20000000 4.13406599 0.91603818
94.21000000 4.16450327 0.91617492
94.22000000 4.19516213 0.91633968
94.23000000 4.22604366 0.91653267
94.24000000 4.25714900 0.91675411
94.25000000 4.28847924 0.91700423
94.26000000 4.32003548 0.91728326
94.27000000 4.35181881 0.91759143
94.28000000 4.38383032 0.91792899
94.29000000 4.41607108 0.91829617
94.30000000 4.44854215 0.91869323
94.31000000 4.48124459 0.91912040
94.32000000 4.51417945 0.91957796
94.33000000 4.54734776 0.92006615
94.34000000 4.58075055 0.92058524
94.35000000 4.61438884 0.92113550
94.36000000 4.64826362 0.92171720
94.37000000 4.68237589 0.92233062
94.38000000 4.71672663 0.92297605
94.39000000 4.75131679 0.92365376
94.40000000 4.78614734 0.92436406
94.41000000 4.82121920 0.92510723
94.42000000 4.85653331 0.92588359
94.43000000 4.89209056 0.92669344
94.44000000 4.92789185 0.92753709
94.45000000 4.96393805 0.92841485
94.46000000 5.00023002 0.92932706
94.47000000 5.03676859 0.93027404
94.48000000 5.07355460 0.93125613
94.49000000 5.11058883 0.93227367
94.50000000 5.14787207 0.93332699
94.51000000 5.18540508 0.93441647
94.52000000 5.22318860 0.93554244
94.53000000 5.26122335 0.93670528
94.54000000 5.29951001 0.93790535
94.55000000 5.33804928 0.93914304
94.56000000 5.37684178 0.94041872
94.57000000 5.41588814 0.94173279
94.58000000 5.45518895 0.94308563
94.59000000 5.49474480 0.94447766
94.60000000 5.53455621 0.94590927
94.61000000 5.57462369 0.94738090
94.62000000 5.61494775 0.94889295
94.63000000 5.65552882 0.95044587
94.64000000 5.69636732 0.95204008
94.65000000 5.73746366 0.95367604
94.66000000 5.77881819 0.95535419
94.67000000 5.82043122 0.95707499
94.68000000 5.86230305 0.95883892
94.69000000 5.90443393 0.96064645
94.70000000 5.94682407 0.96249806
94.71000000 5.98947366 0.96439425
94.72000000 6.03238282 0.96633550
94.73000000 6.07555166 0.96832234
94.74000000 6.11898023 0.97035528
94.75000000 6.16266854 0.97243485
94.76000000 6.20661657 0.97456157
94.77000000 6.25082423 0.97673600
94.78000000 6.29529141 0.97895868
94.79000000 6.34001794 0.98123018
94.80000000 6.38500359 0.98355106
94.81000000 6.43024810 0.98592192
94.82000000 6.47575116 0.98834333
94.83000000 6.52151237 0.99081590
94.84000000 6.56753133 0.99334025
94.85000000 6.61380755 0.99591698
94.86000000 6.66034048 0.99854673
94.87000000 6.70712954 1.00123014
94.88000000 6.75417406 1.00396787
94.89000000 6.80147333 1.00676057
94.90000000 6.84902656 1.00960892
94.91000000 6.89683291 1.01251360
94.92000000 6.94489147 1.01547532
94.93000000 6.99320126 1.01849477
94.94000000 7.04176123 1.02157268
94.95000000 7.09057026 1.02470978
94.96000000 7.13962715 1.02790680
94.97000000 7.18893065 1.03116452
94.98000000 7.23847940 1.03448369
94.99000000 7.28827200 1.03786509
95.00000000 7.33830693 1.04130952
95.01000000 7.38858262 1.04481778
95.02000000 7.43909740 1.04839070
95.03000000 7.48984952 1.05202910
95.04000000 7.54083714 1.05573383
95.05000000 7.59205834 1.05950575
95.06000000 7.64351110 1.06334573
95.07000000 7.69519331 1.06725467
95.08000000 7.74710276 1.07123346
95.09000000 7.79923714 1.07528302
95.10000000 7.85159406 1.07940428
95.11000000 7.90417100 1.08359819
95.12000000 7.95696537 1.08786571
95.13000000 8.00997444 1.09220782
95.14000000 8.06319539 1.09662550
95.15000000 8.11662530 1.10111976
95.16000000 8.17026110 1.10569164
95.17000000 8.22409965 1.11034216
95.18000000 8.27813767 1.11507238
95.19000000 8.33237175 1.11988338
95.20000000 8.38679837 1.12477625
95.21000000 8.44141390 1.12975209
95.22000000 8.49621456 1.13481202
95.23000000 8.55119645 1.13995719
95.24000000 8.60635553 1.14518875
95.25000000 8.66168765 1.15050788
95.26000000 8.71718849 1.15591577
95.27000000 8.77285360 1.16141363
95.28000000 8.82867842 1.16700269
95.29000000 8.88465820 1.17268421
95.30000000 8.94078806 1.17845944
95.31000000 8.99706298 1.18432968
95.32000000 9.05347778 1.19029622
95.33000000 9.11002713 1.19636039
95.34000000 9.16670552 1.20252354
95.35000000 9.22350730 1.20878702
95.36000000 9.28042666 1.21515222
95.37000000 9.33745762 1.22162053
95.38000000 9.39459401 1.22819339
95.39000000 9.45182952 1.23487223
95.40000000 9.50915765 1.24165851
95.41000000 9.56657173 1.24855371
95.42000000 9.62406489 1.25555934
95.43000000 9.68163010 1.26267692
95.44000000 9.73926014 1.26990798
95.45000000 9.79694761 1.27725410
95.46000000 9.85468489 1.28471686
95.47000000 9.91246421 1.29229787
95.48000000 9.97027756 1.29999874
95.49000000 10.02811677 1.30782113
95.50000000 10.08597344 1.31576670
95.51000000 10.14383898 1.32383713
95.52000000 10.20170460 1.33203415
95.53000000 10.25956129 1.34035948
95.54000000 10.31739984 1.34881486
95.55000000 10.37521081 1.35740208
95.56000000 10.43298456 1.36612291
95.57000000 10.49071123 1.37497918
95.58000000 10.54838074 1.38397271
95.59000000 10.60598277 1.39310536
95.60000000 10.66350680 1.40237900
95.61000000 10.72094207 1.41179552
95.62000000 10.77827760 1.42135683
95.63000000 10.83550217 1.43106487
95.64000000 10.89260434 1.44092158
95.65000000 10.94957243 1.45092893
95.66000000 11.00639451 1.46108892
95.67000000 11.06305845 1.47140354
95.68000000 11.11955184 1.48187481
95.69000000 11.17586207 1.49250479
95.70000000 11.23197626 1.50329552
95.71000000 11.28788130 1.51424908
95.72000000 11.34356385 1.52536755
95.73000000 11.39901030 1.53665305
95.74000000 11.45420683 1.54810768
95.75000000 11.50913935 1.55973359
95.76000000 11.56379355 1.57153291
95.77000000 11.61815486 1.58350781
95.78000000 11.67220847 1.59566046
95.79000000 11.72593934 1.60799302
95.80000000 11.77933217 1.62050770
95.81000000 11.83237144 1.63320669
95.82000000 11.88504138 1.64609220
95.83000000 11.93732598 1.65916644
95.84000000 11.98920901 1.67243163
95.85000000 12.04067399 1.68588999
95.86000000 12.09170422 1.69954376
95.87000000 12.14228276 1.71339515
95.88000000 12.19239246 1.72744639
95.89000000 12.24201593 1.74169973
95.90000000 12.29113558 1.75615737
95.91000000 12.33973359 1.77082154
95.92000000 12.38779195 1.78569447
95.93000000 12.43529241 1.80077835
95.94000000 12.48221656 1.81607538
95.95000000 12.52854577 1.83158776
95.96000000 12.57426122 1.84731767
95.97000000 12.61934391 1.86326725
95.98000000 12.66377468 1.87943866
95.99000000 12.70753418 1.89583402
96.00000000 12.75060290 1.91245544
96.01000000 12.79296119 1.92930499
96.02000000 12.83458923 1.94638472
96.03000000 12.87546709 1.96369667
96.04000000 12.91557470 1.98124283
96.05000000 12.95489187 1.99902516
96.06000000 12.99339830 2.01704558
96.07000000 13.03107361 2.03530597
96.08000000 13.06789731 2.05380818
96.09000000 13.10384885 2.07255400
96.10000000 13.13890763 2.09154519
96.11000000 13.17305297 2.11078344
96.12000000 13.20626419 2.13027038
96.13000000 13.23852057 2.15000762
96.14000000 13.26980138 2.16999666
96.15000000 13.30008590 2.19023897
96.16000000 13.32935344 2.21073593
96.17000000 13.35758336 2.23148887
96.18000000 13.38475503 2.25249902
96.19000000 13.41084796 2.27376755
96.20000000 13.43584169 2.29529553
96.21000000 13.45971590 2.31708395
96.22000000 13.48245039 2.33913372
96.23000000 13.50402512 2.36144564
96.24000000 13.52442018 2.38402042
96.25000000 13.54361587 2.40685865
96.26000000 13.56159271 2.42996083
96.27000000 13.57833142 2.45332735
96.28000000 13.59381297 2.47695847
96.29000000 13.60801862 2.50085433
96.30000000 13.62092990 2.52501496
96.31000000 13.63252867 2.54944026
96.32000000 13.64279711 2.57412997
96.33000000 13.65171779 2.59908373
96.34000000 13.65927362 2.62430102
96.35000000 13.66544796 2.64978117
96.36000000 13.67022457 2.67552337
96.37000000 13.67358767 2.70152665
96.38000000 13.67552199 2.72778988
96.39000000 13.67601271 2.75431177
96.40000000 13.67504558 2.78109088
96.41000000 13.67260688 2.80812556
96.42000000 13.66868347 2.83541404
96.43000000 13.66326282 2.86295432
96.44000000 13.65633301 2.89074425
96.45000000 13.64788278 2.91878148
96.46000000 13.63790152 2.94706349
96.47000000 13.62637933 2.97558756
96.48000000 13.61330704 3.00435076
96.49000000 13.59867621 3.03334998
96.50000000 13.58247914 3.06258191
96.51000000 13.56470894 3.09204303
96.52000000 13.54535953 3.12172962
96.53000000 13.52442564 3.15163775
96.54000000 13.50190284 3.18176328
96.55000000 13.47778759 3.21210187
96.56000000 13.45207721 3.24264896
96.57000000 13.42476994 3.27339978
96.58000000 13.39586491 3.30434935
96.59000000 13.36536221 3.33549246
96.60000000 13.33326286 3.36682370
96.61000000 13.29956885 3.39833745
96.62000000 13.26428314 3.43002786
96.63000000 13.22740967 3.46188889
96.64000000 13.18895339 3.49391427
96.65000000 13.14892022 3.52609753
96.66000000 13.10731711 3.55843198
96.67000000 13.06415205 3.59091074
96.68000000 13.01943399 3.62352670
96.69000000 12.97317297 3.65627259
96.70000000 12.92537999 3.68914091
96.71000000 12.87606713 3.72212397
96.72000000 12.82524746 3.75521390
96.73000000 12.77293506 3.78840263
96.74000000 12.71914506 3.82168194
96.75000000 12.66389358 3.85504340
96.76000000 12.60719772 3.88847842
96.77000000 12.54907560 3.92197826
96.78000000 12.48954629 3.95553400
96.79000000 12.42862986 3.98913659
96.80000000 12.36634729 4.02277682
96.81000000 12.30272052 4.05644535
96.82000000 12.23777240 4.09013271
96.83000000 12.17152667 4.12382930
96.84000000 12.10400795 4.15752542
96.85000000 12.03524171 4.19121125
96.86000000 11.96525424 4.22487689
96.87000000 11.89407266 4.25851234
96.88000000 11.82172482 4.29210753
96.89000000 11.74823935 4.32565232
96.90000000 11.67364559 4.35913650
96.91000000 11.59797356 4.39254983
96.92000000 11.52125392 4.42588202
96.93000000 11.44351799 4.45912276
96.94000000 11.36479763 4.49226170
96.95000000 11.28512527 4.52528850
96.96000000 11.20453387 4.55819284
96.97000000 11.12305683 4.59096437
96.98000000 11.04072801 4.62359281
96.99000000 10.95758168 4.65606788
97.00000000 10.87365245 4.68837936
97.01000000 10.78897527 4.72051708
97.02000000 10.70358535 4.75247095
97.03000000 10.61751818 4.78423094
97.04000000 10.53080940 4.81578712
97.05000000 10.44349486 4.84712966
97.06000000 10.35561050 4.87824881
97.07000000 10.26719235 4.90913497
97.08000000 10.17827649 4.93977866
97.09000000 10.08889899 4.97017052
97.10000000 9.99909589 5.00030135
97.11000000 9.90890313 5.03016210
97.12000000 9.81835657 5.05974389
97.13000000 9.72749188 5.08903801
97.14000000 9.63634458 5.11803593
97.15000000 9.54494992 5.14672929
97.16000000 9.45334291 5.17510996
97.17000000 9.36155827 5.20316998
97.18000000 9.26963036 5.23090161
97.19000000 9.17759321 5.25829734
97.20000000 9.08548044 5.28534987
97.21000000 8.99332523 5.31205211
97.22000000 8.90116033 5.33839723
97.23000000 8.80901799 5.36437863
97.24000000 8.71692996 5.38998994
97.25000000 8.62492744 5.41522504
97.26000000 8.53304110 5.44007807
97.27000000 8.44130099 5.46454341
97.28000000 8.34973659 5.48861569
97.29000000 8.25837674 5.51228981
97.30000000 8.16724964 5.53556093
97.31000000 8.07638284 5.55842446
97.32000000 7.98580320 5.58087606
97.33000000 7.89553690 5.60291169
97.34000000 7.80560942 5.62452754
97.35000000 7.71604552 5.64572007
97.36000000 7.62686925 5.66648600
97.37000000 7.53810391 5.68682231
97.38000000 7.44977207 5.70672626
97.39000000 7.36189556 5.72619533
97.40000000 7.27449546 5.74522729
97.41000000 7.18759207 5.76382015
97.42000000 7.10120497 5.78197217
97.43000000 7.01535297 5.79968186
97.44000000 6.93005411 5.81694797
97.45000000 6.84532568 5.83376951
97.46000000 6.76118424 5.85014571
97.47000000 6.67764557 5.86607603
97.48000000 6.59472472 5.88156019
97.49000000 6.51243600 5.89659810
97.50000000 6.43079298 5.91118993
97.51000000 6.34980850 5.92533602
97.52000000 6.26949470 5.93903696
97.53000000 6.18986299 5.95229354
97.54000000 6.11092409 5.96510674
97.55000000 6.03268803 5.97747774
97.56000000 5.95516416 5.98940792
97.57000000 5.87836116 6.00089884
97.58000000 5.80228707 6.01195224
97.59000000 5.72694925 6.02257004
97.60000000 5.65235448 6.03275431
97.61000000 5.57850887 6.04250731
97.62000000 5.50541797 6.05183144
97.63000000 5.43308672 6.06072926
97.64000000 5.36151950 6.06920347
97.65000000 5.29072011 6.07725691
97.66000000 5.22069182 6.08489256
97.67000000 5.15143736 6.09211352
97.68000000 5.08295897 6.09892303
97.69000000 5.01525835 6.10532442
97.70000000 4.94833675 6.11132116
97.71000000 4.88219494 6.11691681
97.72000000 4.81683323 6.12211502
97.73000000 4.75225150 6.12691957
97.74000000 4.68844921 6.13133429
97.75000000 4.62542540 6.13536312
97.76000000 4.56317874 6.13901006
97.77000000 4.50170750 6.14227921
97.78000000 4.44100960 6.14517471
97.79000000 4.38108261 6.14770079
97.80000000 4.32192376 6.14986171
97.81000000 4.26352998 6.15166181
97.82000000 4.20589789 6.15310547
97.83000000 4.14902380 6.15419712
97.84000000 4.09290377 6.15494121
97.85000000 4.03753358 6.15534226
97.86000000 3.98290877 6.15540479
97.87000000 3.92902464 6.15513338
97.88000000 3.87587627 6.15453260
97.89000000 3.82345852 6.15360707
97.90000000 3.77176605 6.15236141
97.91000000 3.72079336 6.15080026
97.92000000 3.67053473 6.14892827
97.93000000 3.62098430 6.14675010
97.94000000 3.57213607 6.14427040
97.95000000 3.52398386 6.14149383
97.96000000 3.47652139 6.13842505
97.97000000 3.42974224 6.13506871
97.98000000 3.38363989 6.13142945
97.99000000 3.33820770 6.12751191
98.00000000 3.29343894 6.12332071
98.01000000 3.24932681 6.11886045
98.02000000 3.20586441 6.11413571
98.03000000 3.16304478 6.10915106
98.04000000 3.12086090 6.10391105
98.05000000 3.07930569 6.09842019
98.06000000 3.03837204 6.09268298
98.07000000 2.99805278 6.08670388
98.08000000 2.95834072 6.08048734
98.09000000 2.91922864 6.07403775
98.10000000 2.88070930 6.06735950
98.11000000 2.84277543 6.06045692
98.12000000 2.80541979 6.05333431
98.13000000 2.76863510 6.04599595
98.14000000 2.73241409 6.03844606
98.15000000 2.69674951 6.03068884
98.16000000 2.66163411 6.02272844
98.17000000 2.62706065 6.01456897
98.18000000 2.59302194 6.00621451
98.19000000 2.55951078 5.99766909
98.20000000 2.52652001 5.98893668
98.21000000 2.49404250 5.98002124
98.22000000 2.46207117 5.97092666
98.23000000 2.43059895 5.96165679
98.24000000 2.39961884 5.95221546
98.25000000 2.36912386 5.94260641
98.26000000 2.33910710 5.93283338
98.27000000 2.30956168 5.92290003
98.28000000 2.28048077 5.91280999
98.29000000 2.25185761 5.90256683
98.30000000 2.22368549 5.89217410
98.31000000 2.19595775 5.88163528
98.32000000 2.16866779 5.87095380
98.33000000 2.14180908 5.86013307
98.34000000 2.11537515 5.84917642
98.35000000 2.08935959 5.83808715
98.36000000 2.06375605 5.82686852
98.37000000 2.03855826 5.81552374
98.38000000 2.01376000 5.80405595
98.39000000 1.98935514 5.79246827
98.40000000 1.96533759 5.78076377
98.41000000 1.94170136 5.76894546
98.42000000 1.91844050 5.75701633
98.43000000 1.89554916 5.74497929
98.44000000 1.87302154 5.73283723
98.45000000 1.85085192 5.72059298
98.46000000 1.82903464 5.70824935
98.47000000 1.80756414 5.69580907
98.48000000 1.78643491 5.68327485
98.49000000 1.76564151 5.67064935
98.50000000 1.74517858 5.65793519
98.51000000 1.72504083 5.64513493
98.52000000 1.70522304 5.63225112
98.53000000 1.68572008 5.61928624
98.54000000 1.66652686 5.60624273
98.55000000 1.64763838 5.59312300
98.56000000 1.62904972 5.57992941
98.57000000 1.61075601 5.56666429
98.58000000 1.59275246 5.55332993
98.59000000 1.57503436 5.53992856
98.60000000 1.55759705 5.52646238
98.61000000 1.54043597 5.51293358
98.62000000 1.52354658 5.49934426
98.63000000 1.50692447 5.48569653
98.64000000 1.49056523 5.47199243
98.65000000 1.47446458 5.45823398
98.66000000 1.45861827 5.44442315
98.67000000 1.44302212 5.43056190
98.68000000 1.42767203 5.41665213
98.69000000 1.41256395 5.40269571
98.70000000 1.39769390 5.38869448
98.71000000 1.38305796 5.37465024
98.72000000 1.36865227 5.36056477
98.73000000 1.35447306 5.34643979
98.74000000 1.34051658 5.33227703
98.75000000 1.32677916 5.31807814
98.76000000 1.31325720 5.30384478
98.77000000 1.29994715 5.28957854
98.78000000 1.28684551 5.27528101
98.79000000 1.27394884 5.26095375
98.80000000 1.26125378 5.24659826
98.81000000 1.24875699 5.23221604
98.82000000 1.23645522 5.21780854
98.83000000 1.22434525 5.20337721
98.84000000 1.21242393 5.18892345
98.85000000 1.20068815 5.17444863
98.86000000 1.18913487 5.15995410
98.87000000 1.17776108 5.14544120
98.88000000 1.16656384 5.13091120
98.89000000 1.15554024 5.11636540
98.90000000 1.14468745 5.10180502
98.91000000 1.13400266 5.08723130
98.92000000 1.12348313 5.07264544
98.93000000 1.11312615 5.05804859
98.94000000 1.10292906 5.04344192
98.95000000 1.09288926 5.02882654
98.96000000 1.08300417 5.01420357
98.97000000 1.07327129 4.99957408
98.98000000 1.06368813 4.98493913
98.99000000 1.05425226 4.97029975
99.00000000 1.04496129 4.95565696
99.01000000 1.03581287 4.94101176
99.02000000 1.02680470 4.92636512
99.03000000 1.01793451 4.91171798
99.04000000 1.00920007 4.89707130
99.05000000 1.00059919 4.88242596
99.06000000 0.99212973 4.86778289
99.07000000 0.98378957 4.85314293
99.08000000 0.97557664 4.83850697
99.09000000 0.96748891 4.82387582
99.10000000 0.95952437 4.80925032
99.11000000 0.95168105 4.79463127
99.12000000 0.94395703 4.78001945
99.13000000 0.93635042 4.76541564
99.14000000 0.92885934 4.75082057
99.15000000 0.92148197 4.73623500
99.16000000 0.91421651 4.72165964
99.17000000 0.90706119 4.70709520
99.18000000 0.90001429 4.69254235
99.19000000 0.89307410 4.67800179
99.20000000 0.88623895 4.66347416
99.21000000 0.87950720 4.64896011
99.22000000 0.87287723 4.63446028
99.23000000 0.86634745 4.61997526
99.24000000 0.85991633 4.60550568
99.25000000 0.85358231 4.59105211
99.26000000 0.84734391 4.57661513
99.27000000 0.84119966 4.56219531
99.28000000 0.83514809 4.54779319
99.29000000 0.82918780 4.53340930
99.30000000 0.82331738 4.51904418
99.31000000 0.81753547 4.50469833
99.32000000 0.81184071 4.49037226
99.33000000 0.80623179 4.47606645
99.34000000 0.80070740 4.46178138
99.35000000 0.79526628 4.44751751
99.36000000 0.78990716 4.43327531
99.37000000 0.78462882 4.41905521
99.38000000 0.77943005 4.40485765
99.39000000 0.77430966 4.39068304
99.40000000 0.76926649 4.37653181
99.41000000 0.76429940 4.36240436
99.42000000 0.75940725 4.34830108
99.43000000 0.75458894 4.33422234
99.44000000 0.74984339 4.32016853
99.45000000 0.74516954 4.30614001
99.46000000 0.74056634 4.29213714
99.47000000 0.73603277 4.27816025
99.48000000 0.73156780 4.26420970
99.49000000 0.72717046 4.25028580
99.50000000 0.72283977 4.23638888
99.51000000 0.71857478 4.22251925
99.52000000 0.71437454 4.20867722
99.53000000 0.71023814 4.19486308
99.54000000 0.70616467 4.18107711
99.55000000 0.70215324 4.16731961
99.56000000 0.69820297 4.15359084
99.57000000 0.69431302 4.13989107
99.58000000 0.69048254 4.12622056
99.59000000 0.68671070 4.11257956
99.60000000 0.68299669 4.09896831
99.61000000 0.67933971 4.08538705
99.62000000 0.67573898 4.07183602
99.63000000 0.67219373 4.05831543
99.64000000 0.66870320 4.04482551
99.65000000 0.66526665 4.03136647
99.66000000 0.66188335 4.01793852
99.67000000 0.65855259 4.00454184
99.68000000 0.65527367 3.99117665
99.69000000 0.65204588 3.97784312
99.70000000 0.64886856 3.96454144
99.71000000 0.64574104 3.95127178
99.72000000 0.64266266 3.93803431
99.73000000 0.63963279 3.92482921
99.74000000 0.63665078 3.91165663
99.75000000 0.63371602 3.89851673
99.76000000 0.63082791 3.88540965
99.77000000 0.62798584 3.87233555
99.78000000 0.62518923 3.85929456
99.79000000 0.62243750 3.84628682
99.80000000 0.61973008 3.83331245
99.81000000 0.61706643 3.82037160
99.82000000 0.61444598 3.80746437
99.83000000 0.61186821 3.79459088
99.84000000 0.60933259 3.78175126
99.85000000 0.60683860 3.76894560
99.86000000 0.60438574 3.75617401
99.87000000 0.60197350 3.74343659
99.88000000 0.59960140 3.73073345
99.89000000 0.59726895 3.71806466
99.90000000 0.59497568 3.70543033
99.91000000 0.59272113 3.69283053
99.92000000 0.59050485 3.68026535
99.93000000 0.58832637 3.66773486
99.94000000 0.58618528 3.65523914
99.95000000 0.58408113 3.64277826
99.96000000 0.58201350 3.63035229
99.97000000 0.57998198 3.61796130
99.98000000 0.57798615 3.60560533
99.99000000 0.57602562 3.59328445
100.00000000 0.57409999 3.58099872
