# t x y
0.00000000 7.00000000 8.00000000
0.01000000 6.85420878 8.02344952
0.02000000 6.71083921 8.04580443
0.03000000 6.56989529 8.06707475
0.04000000 6.43137815 8.08727118
0.05000000 6.29528627 8.10640505
0.06000000 6.16161554 8.12448828
0.07000000 6.03035945 8.14153333
0.08000000 5.90150916 8.15755316
0.09000000 5.77505363 8.17256121
0.10000000 5.65097981 8.18657132
0.11000000 5.52927268 8.19959774
0.12000000 5.40991542 8.21165508
0.13000000 5.29288950 8.22275824
0.14000000 5.17817483 8.23292242
0.15000000 5.06574983 8.24216307
0.16000000 4.95559158 8.25049584
0.17000000 4.84767589 8.25793659
0.18000000 4.74197742 8.26450131
0.19000000 4.63846980 8.27020613
0.20000000 4.53712568 8.27506729
0.21000000 4.43791687 8.27910108
0.22000000 4.34081438 8.28232386
0.23000000 4.24578854 8.28475201
0.24000000 4.15280910 8.28640191
0.25000000 4.06184523 8.28728994
0.26000000 3.97286569 8.28743241
0.27000000 3.88583883 8.28684560
0.28000000 3.80073267 8.28554572
0.29000000 3.71751501 8.28354888
0.30000000 3.63615343 8.28087108
0.31000000 3.55661538 8.27752822
0.32000000 3.47886821 8.27353605
0.33000000 3.40287926 8.26891020
0.34000000 3.32861585 8.26366611
0.35000000 3.25604539 8.25781908
0.36000000 3.18513536 8.25138423
0.37000000 3.11585340 8.24437650
0.38000000 3.04816729 8.23681064
0.39000000 2.98204503 8.22870119
0.40000000 2.91745487 8.22006249
0.41000000 2.85436530 8.21090868
0.42000000 2.79274509 8.20125369
0.43000000 2.73256335 8.19111121
0.44000000 2.67378951 8.18049472
0.45000000 2.61639334 8.16941747
0.46000000 2.56034500 8.15789250
0.47000000 2.50561502 8.14593260
0.48000000 2.45217434 8.13355033
0.49000000 2.39999431 8.12075803
0.50000000 2.34904669 8.10756781
0.51000000 2.29930370 8.09399152
0.52000000 2.25073797 8.08004080
0.53000000 2.20332261 8.06572706
0.54000000 2.15703114 8.05106147
0.55000000 2.11183758 8.03605496
0.56000000 2.06771639 8.02071825
0.57000000 2.02464250 8.00506181
0.58000000 1.98259129 7.98909591
0.59000000 1.94153864 7.97283058
0.60000000 1.90146086 7.95627562
0.61000000 1.86233475 7.93944063
0.62000000 1.82413755 7.92233497
0.63000000 1.78684699 7.90496782
0.64000000 1.75044124 7.88734811
0.65000000 1.71489894 7.86948459
0.66000000 1.68019916 7.85138579
0.67000000 1.64632143 7.83306003
0.68000000 1.61324575 7.81451545
0.69000000 1.58095252 7.79575999
0.70000000 1.54942258 7.77680138
0.71000000 1.51863723 7.75764717
0.72000000 1.48857816 7.73830473
0.73000000 1.45922749 7.71878124
0.74000000 1.43056774 7.69908370
0.75000000 1.40258187 7.67921893
0.76000000 1.37525319 7.65919360
0.77000000 1.34856543 7.63901418
0.78000000 1.32250271 7.61868699
0.79000000 1.29704951 7.59821818
0.80000000 1.27219070 7.57761374
0.81000000 1.24791149 7.55687953
0.82000000 1.22419747 7.53602121
0.83000000 1.20103457 7.51504433
0.84000000 1.17840909 7.49395428
0.85000000 1.15630762 7.47275631
0.86000000 1.13471712 7.45145552
0.87000000 1.11362485 7.43005689
0.88000000 1.09301841 7.40856525
0.89000000 1.07288569 7.38698531
0.90000000 1.05321489 7.36532166
0.91000000 1.03399450 7.34357874
0.92000000 1.01521331 7.32176089
0.93000000 0.99686040 7.29987233
0.94000000 0.97892511 7.27791717
0.95000000 0.96139705 7.25589938
0.96000000 0.94426611 7.23382285
0.97000000 0.92752243 7.21169134
0.98000000 0.91115640 7.18950853
0.99000000 0.89515866 7.16727798
1.00000000 0.87952008 7.14500315
1.01000000 0.86423179 7.12268741
1.02000000 0.84928511 7.10033403
1.03000000 0.83467162 7.07794620
1.04000000 0.82038310 7.05552700
1.05000000 0.80641153 7.03307944
1.06000000 0.79274913 7.01060644
1.07000000 0.77938830 6.98811082
1.08000000 0.76632163 6.96559536
1.09000000 0.75354191 6.94306271
1.10000000 0.74104213 6.92051549
1.11000000 0.72881544 6.89795620
1.12000000 0.71685518 6.87538732
1.13000000 0.70515486 6.85281120
1.14000000 0.69370816 6.83023017
1.15000000 0.68250892 6.80764647
1.16000000 0.67155115 6.78506227
1.17000000 0.66082900 6.76247970
1.18000000 0.65033677 6.73990080
1.19000000 0.64006894 6.71732756
1.20000000 0.63002009 6.69476192
1.21000000 0.62018498 6.67220575
1.22000000 0.61055846 6.64966087
1.23000000 0.60113557 6.62712905
1.24000000 0.59191142 6.60461201
1.25000000 0.58288130 6.58211139
1.26000000 0.57404058 6.55962882
1.27000000 0.56538477 6.53716586
1.28000000 0.55690949 6.51472402
1.29000000 0.54861048 6.49230477
1.30000000 0.54048358 6.46990954
1.31000000 0.53252475 6.44753971
1.32000000 0.52473003 6.42519661
1.33000000 0.51709559 6.40288155
1.34000000 0.50961769 6.38059578
1.35000000 0.50229267 6.35834051
1.36000000 0.49511697 6.33611694
1.37000000 0.48808715 6.31392619
1.38000000 0.48119981 6.29176938
1.39000000 0.47445168 6.26964758
1.40000000 0.46783954 6.24756183
1.41000000 0.46136027 6.22551313
1.42000000 0.45501082 6.20350245
1.43000000 0.44878824 6.18153074
1.44000000 0.44268963 6.15959890
1.45000000 0.43671216 6.13770782
1.46000000 0.43085310 6.11585834
1.47000000 0.42510976 6.09405130
1.48000000 0.41947953 6.07228747
1.49000000 0.41395987 6.05056765
1.50000000 0.40854829 6.02889256
1.51000000 0.40324238 6.00726293
1.52000000 0.39803978 5.98567945
1.53000000 0.39293819 5.96414279
1.54000000 0.38793537 5.94265360
1.55000000 0.38302913 5.92121250
1.56000000 0.37821733 5.89982009
1.57000000 0.37349791 5.87847696
1.58000000 0.36886883 5.85718366
1.59000000 0.36432811 5.83594073
1.60000000 0.35987383 5.81474869
1.61000000 0.35550411 5.79360805
1.62000000 0.35121711 5.77251929
1.63000000 0.34701104 5.75148287
1.64000000 0.34288415 5.73049923
1.65000000 0.33883475 5.70956881
1.66000000 0.33486117 5.68869201
1.67000000 0.33096179 5.66786925
1.68000000 0.32713502 5.64710088
1.69000000 0.32337933 5.62638729
1.70000000 0.31969321 5.60572881
1.71000000 0.31607519 5.58512579
1.72000000 0.31252384 5.56457855
1.73000000 0.30903775 5.54408739
1.74000000 0.30561556 5.52365261
1.75000000 0.30225594 5.50327449
1.76000000 0.29895758 5.48295330
1.77000000 0.29571922 5.46268929
1.78000000 0.29253962 5.44248271
1.79000000 0.28941756 5.42233379
1.80000000 0.28635187 5.40224275
1.81000000 0.28334138 5.38220980
1.82000000 0.28038498 5.36223514
1.83000000 0.27748157 5.34231896
1.84000000 0.27463006 5.32246143
1.85000000 0.27182942 5.30266274
1.86000000 0.26907862 5.28292302
1.87000000 0.26637665 5.26324244
1.88000000 0.26372254 5.24362114
1.89000000 0.26111534 5.22405924
1.90000000 0.25855412 5.20455687
1.91000000 0.25603796 5.18511414
1.92000000 0.25356597 5.16573116
1.93000000 0.25113729 5.14640803
1.94000000 0.24875107 5.12714484
1.95000000 0.24640648 5.10794166
1.96000000 0.24410271 5.08879859
1.97000000 0.24183896 5.06971567
1.98000000 0.23961447 5.05069299
1.99000000 0.23742848 5.03173059
2.00000000 0.23528025 5.01282851
2.01000000 0.23316905 4.99398681
2.02000000 0.23109419 4.97520551
2.03000000 0.22905497 4.95648466
2.04000000 0.22705071 4.93782426
2.05000000 0.22508077 4.91922434
2.06000000 0.22314450 4.90068491
2.07000000 0.22124126 4.88220598
2.08000000 0.21937044 4.86378756
2.09000000 0.21753144 4.84542962
2.10000000 0.21572367 4.82713218
2.11000000 0.21394656 4.80889522
2.12000000 0.21219954 4.79071871
2.13000000 0.21048206 4.77260263
2.14000000 0.20879359 4.75454697
2.15000000 0.20713359 4.73655169
2.16000000 0.20550156 4.71861674
2.17000000 0.20389700 4.70074210
2.18000000 0.20231940 4.68292773
2.19000000 0.20076829 4.66517356
2.20000000 0.19924319 4.64747956
2.21000000 0.19774366 4.62984566
2.22000000 0.19626923 4.61227182
2.23000000 0.19481946 4.59475796
2.24000000 0.19339393 4.57730403
2.25000000 0.19199220 4.55990995
2.26000000 0.19061388 4.54257566
2.27000000 0.18925855 4.52530108
2.28000000 0.18792582 4.50808613
2.29000000 0.18661531 4.49093073
2.30000000 0.18532662 4.47383481
2.31000000 0.18405940 4.45679827
2.32000000 0.18281329 4.43982102
2.33000000 0.18158791 4.42290298
2.34000000 0.18038294 4.40604406
2.35000000 0.17919802 4.38924415
2.36000000 0.17803284 4.37250316
2.37000000 0.17688705 4.35582099
2.38000000 0.17576034 4.33919753
2.39000000 0.17465240 4.32263269
2.40000000 0.17356293 4.30612635
2.41000000 0.17249161 4.28967841
2.42000000 0.17143818 4.27328875
2.43000000 0.17040232 4.25695727
2.44000000 0.16938377 4.24068385
2.45000000 0.16838225 4.22446837
2.46000000 0.16739749 4.20831071
2.47000000 0.16642922 4.19221076
2.48000000 0.16547719 4.17616840
2.49000000 0.16454115 4.16018350
2.50000000 0.16362085 4.14425593
2.51000000 0.16271604 4.12838558
2.52000000 0.16182649 4.11257231
2.53000000 0.16095196 4.09681601
2.54000000 0.16009223 4.08111652
2.55000000 0.15924707 4.06547374
2.56000000 0.15841627 4.04988752
2.57000000 0.15759962 4.03435773
2.58000000 0.15679689 4.01888424
2.59000000 0.15600789 4.00346691
2.60000000 0.15523242 3.98810560
2.61000000 0.15447027 3.97280018
2.62000000 0.15372126 3.95755051
2.63000000 0.15298520 3.94235645
2.64000000 0.15226190 3.92721786
2.65000000 0.15155118 3.91213459
2.66000000 0.15085286 3.89710651
2.67000000 0.15016677 3.88213347
2.68000000 0.14949273 3.86721533
2.69000000 0.14883059 3.85235194
2.70000000 0.14818017 3.83754316
2.71000000 0.14754132 3.82278885
2.72000000 0.14691387 3.80808884
2.73000000 0.14629768 3.79344301
2.74000000 0.14569259 3.77885119
2.75000000 0.14509846 3.76431325
2.76000000 0.14451514 3.74982903
2.77000000 0.14394249 3.73539838
2.78000000 0.14338037 3.72102116
2.79000000 0.14282865 3.70669720
2.80000000 0.14228718 3.69242637
2.81000000 0.14175584 3.67820851
2.82000000 0.14123450 3.66404347
2.83000000 0.14072304 3.64993109
2.84000000 0.14022134 3.63587123
2.85000000 0.13972926 3.62186373
2.86000000 0.13924670 3.60790843
2.87000000 0.13877353 3.59400519
2.88000000 0.13830966 3.58015384
2.89000000 0.13785495 3.56635424
2.90000000 0.13740931 3.55260624
2.91000000 0.13697263 3.53890966
2.92000000 0.13654481 3.52526437
2.93000000 0.13612573 3.51167021
2.94000000 0.13571531 3.49812702
2.95000000 0.13531344 3.48463464
2.96000000 0.13492003 3.47119293
2.97000000 0.13453498 3.45780171
2.98000000 0.13415821 3.44446085
2.99000000 0.13378961 3.43117018
3.00000000 0.13342911 3.41792955
3.01000000 0.13307661 3.40473879
3.02000000 0.13273204 3.39159777
3.03000000 0.13239530 3.37850631
3.04000000 0.13206632 3.36546426
3.05000000 0.13174502 3.35247147
3.06000000 0.13143131 3.33952778
3.07000000 0.13112513 3.32663303
3.08000000 0.13082640 3.31378707
3.09000000 0.13053504 3.30098975
3.10000000 0.13025099 3.28824089
3.11000000 0.12997417 3.27554036
3.12000000 0.12970451 3.26288799
3.13000000 0.12944196 3.25028363
3.14000000 0.12918643 3.23772711
3.15000000 0.12893787 3.22521830
3.16000000 0.12869622 3.21275702
3.17000000 0.12846141 3.20034313
3.18000000 0.12823339 3.18797647
3.19000000 0.12801209 3.17565688
3.20000000 0.12779745 3.16338420
3.21000000 0.12758943 3.15115830
3.22000000 0.12738797 3.13897900
3.23000000 0.12719301 3.12684615
3.24000000 0.12700449 3.11475960
3.25000000 0.12682238 3.10271920
3.26000000 0.12664662 3.09072478
3.27000000 0.12647715 3.07877621
3.28000000 0.12631394 3.06687331
3.29000000 0.12615693 3.05501595
3.30000000 0.12600608 3.04320396
3.31000000 0.12586135 3.03143719
3.32000000 0.12572269 3.01971549
3.33000000 0.12559006 3.00803871
3.34000000 0.12546342 2.99640669
3.35000000 0.12534273 2.98481928
3.36000000 0.12522795 2.97327634
3.37000000 0.12511903 2.96177770
3.38000000 0.12501596 2.95032321
3.39000000 0.12491867 2.93891273
3.40000000 0.12482715 2.92754611
3.41000000 0.12474136 2.91622319
3.42000000 0.12466126 2.90494382
3.43000000 0.12458683 2.89370786
3.44000000 0.12451802 2.88251515
3.45000000 0.12445481 2.87136554
3.46000000 0.12439717 2.86025888
3.47000000 0.12434508 2.84919503
3.48000000 0.12429849 2.83817384
3.49000000 0.12425739 2.82719515
3.50000000 0.12422174 2.81625883
3.51000000 0.12419153 2.80536472
3.52000000 0.12416673 2.79451267
3.53000000 0.12414731 2.78370254
3.54000000 0.12413325 2.77293418
3.55000000 0.12412453 2.76220744
3.56000000 0.12412112 2.75152218
3.57000000 0.12412301 2.74087826
3.58000000 0.12413017 2.73027552
3.59000000 0.12414259 2.71971382
3.60000000 0.12416024 2.70919303
3.61000000 0.12418312 2.69871298
3.62000000 0.12421119 2.68827354
3.63000000 0.12424445 2.67787457
3.64000000 0.12428287 2.66751592
3.65000000 0.12432645 2.65719745
3.66000000 0.12437517 2.64691901
3.67000000 0.12442901 2.63668047
3.68000000 0.12448797 2.62648168
3.69000000 0.12455202 2.61632250
3.70000000 0.12462116 2.60620279
3.71000000 0.12469538 2.59612241
3.72000000 0.12477466 2.58608121
3.73000000 0.12485900 2.57607907
3.74000000 0.12494839 2.56611583
3.75000000 0.12504281 2.55619136
3.76000000 0.12514226 2.54630552
3.77000000 0.12524673 2.53645817
3.78000000 0.12535622 2.52664917
3.79000000 0.12547072 2.51687839
3.80000000 0.12559022 2.50714569
3.81000000 0.12571472 2.49745093
3.82000000 0.12584421 2.48779397
3.83000000 0.12597869 2.47817468
3.84000000 0.12611816 2.46859292
3.85000000 0.12626261 2.45904856
3.86000000 0.12641205 2.44954146
3.87000000 0.12656647 2.44007149
3.88000000 0.12672586 2.43063851
3.89000000 0.12689024 2.42124238
3.90000000 0.12705959 2.41188299
3.91000000 0.12723393 2.40256018
3.92000000 0.12741324 2.39327383
3.93000000 0.12759754 2.38402382
3.94000000 0.12778682 2.37480999
3.95000000 0.12798110 2.36563223
3.96000000 0.12818036 2.35649040
3.97000000 0.12838462 2.34738438
3.98000000 0.12859388 2.33831402
3.99000000 0.12880814 2.32927921
4.00000000 0.12902742 2.32027980
4.01000000 0.12925171 2.31131568
4.02000000 0.12948103 2.30238672
4.03000000 0.12971537 2.29349278
4.04000000 0.12995476 2.28463374
4.05000000 0.13019919 2.27580946
4.06000000 0.13044867 2.26701984
4.07000000 0.13070322 2.25826472
4.08000000 0.13096285 2.24954400
4.09000000 0.13122756 2.24085754
4.10000000 0.13149736 2.23220522
4.11000000 0.13177227 2.22358692
4.12000000 0.13205230 2.21500250
4.13000000 0.13233745 2.20645185
4.14000000 0.13262776 2.19793484
4.15000000 0.13292321 2.18945134
4.16000000 0.13322384 2.18100124
4.17000000 0.13352965 2.17258441
4.18000000 0.13384066 2.16420074
4.19000000 0.13415689 2.15585008
4.20000000 0.13447834 2.14753234
4.21000000 0.13480504 2.13924738
4.22000000 0.13513701 2.13099508
4.23000000 0.13547425 2.12277533
4.24000000 0.13581680 2.11458800
4.25000000 0.13616466 2.10643298
4.26000000 0.13651785 2.09831014
4.27000000 0.13687640 2.09021937
4.28000000 0.13724032 2.08216055
4.29000000 0.13760964 2.07413356
4.30000000 0.13798438 2.06613829
4.31000000 0.13836455 2.05817461
4.32000000 0.13875018 2.05024241
4.33000000 0.13914129 2.04234157
4.34000000 0.13953790 2.03447198
4.35000000 0.13994004 2.02663353
4.36000000 0.14034773 2.01882609
4.37000000 0.14076100 2.01104956
4.38000000 0.14117986 2.00330381
4.39000000 0.14160435 1.99558874
4.40000000 0.14203450 1.98790423
4.41000000 0.14247031 1.98025017
4.42000000 0.14291184 1.97262645
4.43000000 0.14335909 1.96503295
4.44000000 0.14381210 1.95746956
4.45000000 0.14427090 1.94993617
4.46000000 0.14473552 1.94243267
4.47000000 0.14520598 1.93495895
4.48000000 0.14568232 1.92751490
4.49000000 0.14616457 1.92010040
4.50000000 0.14665275 1.91271536
4.51000000 0.14714690 1.90535965
4.52000000 0.14764705 1.89803318
4.53000000 0.14815323 1.89073583
4.54000000 0.14866548 1.88346749
4.55000000 0.14918383 1.87622807
4.56000000 0.14970831 1.86901744
4.57000000 0.15023897 1.86183551
4.58000000 0.15077582 1.85468216
4.59000000 0.15131892 1.84755730
4.60000000 0.15186829 1.84046081
4.61000000 0.15242397 1.83339259
4.62000000 0.15298600 1.82635254
4.63000000 0.15355442 1.81934055
4.64000000 0.15412927 1.81235651
4.65000000 0.15471058 1.80540034
4.66000000 0.15529840 1.79847191
4.67000000 0.15589276 1.79157113
4.68000000 0.15649371 1.78469789
4.69000000 0.15710129 1.77785210
4.70000000 0.15771553 1.77103364
4.71000000 0.15833649 1.76424243
4.72000000 0.15896420 1.75747836
4.73000000 0.15959870 1.75074132
4.74000000 0.16024005 1.74403123
4.75000000 0.16088829 1.73734797
4.76000000 0.16154346 1.73069145
4.77000000 0.16220561 1.72406157
4.78000000 0.16287478 1.71745823
4.79000000 0.16355102 1.71088133
4.80000000 0.16423439 1.70433078
4.81000000 0.16492492 1.69780647
4.82000000 0.16562267 1.69130831
4.83000000 0.16632768 1.68483621
4.84000000 0.16704001 1.67839006
4.85000000 0.16775971 1.67196978
4.86000000 0.16848683 1.66557525
4.87000000 0.16922142 1.65920640
4.88000000 0.16996353 1.65286311
4.89000000 0.17071322 1.64654531
4.90000000 0.17147055 1.64025290
4.91000000 0.17223555 1.63398577
4.92000000 0.17300830 1.62774384
4.93000000 0.17378885 1.62152701
4.94000000 0.17457725 1.61533520
4.95000000 0.17537356 1.60916830
4.96000000 0.17617784 1.60302623
4.97000000 0.17699015 1.59690890
4.98000000 0.17781055 1.59081621
4.99000000 0.17863909 1.58474807
5.00000000 0.17947585 1.57870439
5.01000000 0.18032087 1.57268508
5.02000000 0.18117422 1.56669005
5.03000000 0.18203597 1.56071922
5.04000000 0.18290618 1.55477248
5.05000000 0.18378491 1.54884976
5.06000000 0.18467223 1.54295097
5.07000000 0.18556820 1.53707600
5.08000000 0.18647289 1.53122479
5.09000000 0.18738637 1.52539724
5.10000000 0.18830870 1.51959326
5.11000000 0.18923996 1.51381277
5.12000000 0.19018022 1.50805568
5.13000000 0.19112953 1.50232190
5.14000000 0.19208798 1.49661135
5.15000000 0.19305564 1.49092395
5.16000000 0.19403258 1.48525960
5.17000000 0.19501888 1.47961822
5.18000000 0.19601460 1.47399973
5.19000000 0.19701982 1.46840404
5.20000000 0.19803462 1.46283108
5.21000000 0.19905908 1.45728075
5.22000000 0.20009327 1.45175297
5.23000000 0.20113727 1.44624767
5.24000000 0.20219116 1.44076475
5.25000000 0.20325502 1.43530414
5.26000000 0.20432893 1.42986576
5.27000000 0.20541298 1.42444952
5.28000000 0.20650724 1.41905534
5.29000000 0.20761181 1.41368314
5.30000000 0.20872675 1.40833284
5.31000000 0.20985217 1.40300436
5.32000000 0.21098814 1.39769762
5.33000000 0.21213476 1.39241255
5.34000000 0.21329210 1.38714906
5.35000000 0.21446027 1.38190707
5.36000000 0.21563934 1.37668650
5.37000000 0.21682942 1.37148728
5.38000000 0.21803059 1.36630934
5.39000000 0.21924295 1.36115258
5.40000000 0.22046658 1.35601694
5.41000000 0.22170159 1.35090233
5.42000000 0.22294807 1.34580869
5.43000000 0.22420612 1.34073593
5.44000000 0.22547583 1.33568398
5.45000000 0.22675731 1.33065276
5.46000000 0.22805064 1.32564220
5.47000000 0.22935595 1.32065222
5.48000000 0.23067331 1.31568275
5.49000000 0.23200285 1.31073372
5.50000000 0.23334466 1.30580505
5.51000000 0.23469885 1.30089666
5.52000000 0.23606552 1.29600849
5.53000000 0.23744478 1.29114046
5.54000000 0.23883674 1.28629249
5.55000000 0.24024151 1.28146452
5.56000000 0.24165920 1.27665647
5.57000000 0.24308993 1.27186828
5.58000000 0.24453379 1.26709986
5.59000000 0.24599092 1.26235115
5.60000000 0.24746142 1.25762208
5.61000000 0.24894541 1.25291258
5.62000000 0.25044300 1.24822257
5.63000000 0.25195432 1.24355199
5.64000000 0.25347949 1.23890077
5.65000000 0.25501862 1.23426883
5.66000000 0.25657185 1.22965612
5.67000000 0.25813929 1.22506255
5.68000000 0.25972106 1.22048807
5.69000000 0.26131730 1.21593260
5.70000000 0.26292813 1.21139607
5.71000000 0.26455368 1.20687843
5.72000000 0.26619408 1.20237959
5.73000000 0.26784946 1.19789950
5.74000000 0.26951996 1.19343809
5.75000000 0.27120570 1.18899528
5.76000000 0.27290683 1.18457103
5.77000000 0.27462348 1.18016525
5.78000000 0.27635579 1.17577788
5.79000000 0.27810389 1.17140887
5.80000000 0.27986793 1.16705814
5.81000000 0.28164806 1.16272563
5.82000000 0.28344440 1.15841127
5.83000000 0.28525712 1.15411501
5.84000000 0.28708635 1.14983677
5.85000000 0.28893225 1.14557650
5.86000000 0.29079496 1.14133412
5.87000000 0.29267464 1.13710959
5.88000000 0.29457143 1.13290283
5.89000000 0.29648549 1.12871379
5.90000000 0.29841698 1.12454240
5.91000000 0.30036606 1.12038859
5.92000000 0.30233288 1.11625232
5.93000000 0.30431760 1.11213351
5.94000000 0.30632038 1.10803212
5.95000000 0.30834140 1.10394806
5.96000000 0.31038081 1.09988130
5.97000000 0.31243877 1.09583176
5.98000000 0.31451547 1.09179938
5.99000000 0.31661107 1.08778412
6.00000000 0.31872574 1.08378590
6.01000000 0.32085965 1.07980467
6.02000000 0.32301298 1.07584037
6.03000000 0.32518591 1.07189295
6.04000000 0.32737862 1.06796234
6.05000000 0.32959128 1.06404849
6.06000000 0.33182408 1.06015134
6.07000000 0.33407720 1.05627083
6.08000000 0.33635083 1.05240690
6.09000000 0.33864516 1.04855951
6.10000000 0.34096037 1.04472859
6.11000000 0.34329666 1.04091408
6.12000000 0.34565422 1.03711594
6.13000000 0.34803325 1.03333410
6.14000000 0.35043394 1.02956852
6.15000000 0.35285650 1.02581913
6.16000000 0.35530112 1.02208588
6.17000000 0.35776800 1.01836872
6.18000000 0.36025736 1.01466759
6.19000000 0.36276940 1.01098245
6.20000000 0.36530433 1.00731322
6.21000000 0.36786236 1.00365987
6.22000000 0.37044371 1.00002234
6.23000000 0.37304858 0.99640058
6.24000000 0.37567720 0.99279453
6.25000000 0.37832979 0.98920415
6.26000000 0.38100657 0.98562937
6.27000000 0.38370776 0.98207016
6.28000000 0.38643359 0.97852645
6.29000000 0.38918429 0.97499820
6.30000000 0.39196009 0.97148536
6.31000000 0.39476122 0.96798787
6.32000000 0.39758793 0.96450569
6.33000000 0.40044043 0.96103876
6.34000000 0.40331899 0.95758704
6.35000000 0.40622383 0.95415047
6.36000000 0.40915520 0.95072901
6.37000000 0.41211336 0.94732261
6.38000000 0.41509855 0.94393122
6.39000000 0.41811102 0.94055480
6.40000000 0.42115102 0.93719328
6.41000000 0.42421882 0.93384663
6.42000000 0.42731468 0.93051480
6.43000000 0.43043885 0.92719775
6.44000000 0.43359161 0.92389541
6.45000000 0.43677321 0.92060775
6.46000000 0.43998394 0.91733473
6.47000000 0.44322405 0.91407629
6.48000000 0.44649383 0.91083238
6.49000000 0.44979356 0.90760297
6.50000000 0.45312351 0.90438801
6.51000000 0.45648398 0.90118745
6.52000000 0.45987524 0.89800125
6.53000000 0.46329758 0.89482937
6.54000000 0.46675130 0.89167175
6.55000000 0.47023670 0.88852836
6.56000000 0.47375406 0.88539914
6.57000000 0.47730369 0.88228407
6.58000000 0.48088590 0.87918309
6.59000000 0.48450099 0.87609616
6.60000000 0.48814927 0.87302325
6.61000000 0.49183106 0.86996430
6.62000000 0.49554666 0.86691927
6.63000000 0.49929640 0.86388813
6.64000000 0.50308060 0.86087082
6.65000000 0.50689958 0.85786732
6.66000000 0.51075368 0.85487758
6.67000000 0.51464322 0.85190155
6.68000000 0.51856854 0.84893920
6.69000000 0.52252997 0.84599049
6.70000000 0.52652787 0.84305537
6.71000000 0.53056256 0.84013382
6.72000000 0.53463441 0.83722578
6.73000000 0.53874376 0.83433122
6.74000000 0.54289097 0.83145010
6.75000000 0.54707639 0.82858238
6.76000000 0.55130039 0.82572802
6.77000000 0.55556333 0.82288699
6.78000000 0.55986558 0.82005924
6.79000000 0.56420751 0.81724475
6.80000000 0.56858950 0.81444346
6.81000000 0.57301193 0.81165536
6.82000000 0.57747519 0.80888039
6.83000000 0.58197965 0.80611852
6.84000000 0.58652571 0.80336972
6.85000000 0.59111377 0.80063394
6.86000000 0.59574423 0.79791116
6.87000000 0.60041747 0.79520134
6.88000000 0.60513392 0.79250445
6.89000000 0.60989399 0.78982044
6.90000000 0.61469808 0.78714929
6.91000000 0.61954661 0.78449095
6.92000000 0.62444001 0.78184540
6.93000000 0.62937871 0.77921261
6.94000000 0.63436313 0.77659253
6.95000000 0.63939371 0.77398514
6.96000000 0.64447089 0.77139040
6.97000000 0.64959511 0.76880828
6.98000000 0.65476682 0.76623875
6.99000000 0.65998647 0.76368178
7.00000000 0.66525452 0.76113733
7.01000000 0.67057142 0.75860537
7.02000000 0.67593765 0.75608587
7.03000000 0.68135367 0.75357881
7.04000000 0.68681996 0.75108414
7.05000000 0.69233700 0.74860184
7.06000000 0.69790526 0.74613188
7.07000000 0.70352524 0.74367424
7.08000000 0.70919743 0.74122887
7.09000000 0.71492233 0.73879575
7.10000000 0.72070044 0.73637485
7.11000000 0.72653226 0.73396615
7.12000000 0.73241832 0.73156962
7.13000000 0.73835912 0.72918522
7.14000000 0.74435519 0.72681293
7.15000000 0.75040705 0.72445272
7.16000000 0.75651525 0.72210456
7.17000000 0.76268031 0.71976844
7.18000000 0.76890277 0.71744431
7.19000000 0.77518319 0.71513217
7.20000000 0.78152212 0.71283197
7.21000000 0.78792011 0.71054369
7.22000000 0.79437774 0.70826731
7.23000000 0.80089556 0.70600281
7.24000000 0.80747415 0.70375015
7.25000000 0.81411410 0.70150932
7.26000000 0.82081599 0.69928028
7.27000000 0.82758041 0.69706303
7.28000000 0.83440796 0.69485752
7.29000000 0.84129923 0.69266375
7.30000000 0.84825484 0.69048168
7.31000000 0.85527541 0.68831130
7.32000000 0.86236154 0.68615257
7.33000000 0.86951388 0.68400549
7.34000000 0.87673304 0.68187003
7.35000000 0.88401967 0.67974616
7.36000000 0.89137442 0.67763387
7.37000000 0.89879793 0.67553313
7.38000000 0.90629085 0.67344393
7.39000000 0.91385386 0.67136625
7.40000000 0.92148761 0.66930006
7.41000000 0.92919280 0.66724535
7.42000000 0.93697009 0.66520209
7.43000000 0.94482017 0.66317027
7.44000000 0.95274375 0.66114987
7.45000000 0.96074152 0.65914088
7.46000000 0.96881419 0.65714327
7.47000000 0.97696247 0.65515703
7.48000000 0.98518710 0.65318213
7.49000000 0.99348878 0.65121858
7.50000000 1.00186827 0.64926634
7.51000000 1.01032630 0.64732540
7.52000000 1.01886362 0.64539575
7.53000000 1.02748099 0.64347737
7.54000000 1.03617917 0.64157025
7.55000000 1.04495893 0.63967437
7.56000000 1.05382106 0.63778971
7.57000000 1.06276633 0.63591628
7.58000000 1.07179554 0.63405404
7.59000000 1.08090949 0.63220299
7.60000000 1.09010899 0.63036312
7.61000000 1.09939484 0.62853441
7.62000000 1.10876789 0.62671686
7.63000000 1.11822895 0.62491044
7.64000000 1.12777886 0.62311516
7.65000000 1.13741848 0.62133099
7.66000000 1.14714865 0.61955793
7.67000000 1.15697024 0.61779597
7.68000000 1.16688411 0.61604510
7.69000000 1.17689116 0.61430531
7.70000000 1.18699225 0.61257660
7.71000000 1.19718830 0.61085895
7.72000000 1.20748019 0.60915235
7.73000000 1.21786885 0.60745680
7.74000000 1.22835519 0.60577230
7.75000000 1.23894015 0.60409883
7.76000000 1.24962465 0.60243639
7.77000000 1.26040965 0.60078498
7.78000000 1.27129610 0.59914458
7.79000000 1.28228497 0.59751520
7.80000000 1.29337722 0.59589683
7.81000000 1.30457384 0.59428946
7.82000000 1.31587582 0.59269310
7.83000000 1.32728416 0.59110774
7.84000000 1.33879986 0.58953337
7.85000000 1.35042396 0.58797000
7.86000000 1.36215747 0.58641763
7.87000000 1.37400142 0.58487625
7.88000000 1.38595688 0.58334586
7.89000000 1.39802489 0.58182647
7.90000000 1.41020652 0.58031807
7.91000000 1.42250285 0.57882066
7.92000000 1.43491496 0.57733425
7.93000000 1.44744394 0.57585884
7.94000000 1.46009091 0.57439443
7.95000000 1.47285697 0.57294102
7.96000000 1.48574325 0.57149862
7.97000000 1.49875090 0.57006723
7.98000000 1.51188105 0.56864686
7.99000000 1.52513486 0.56723751
8.00000000 1.53851350 0.56583919
8.01000000 1.55201814 0.56445190
8.02000000 1.56564998 0.56307566
8.03000000 1.57941020 0.56171046
8.04000000 1.59330004 0.56035632
8.05000000 1.60732069 0.55901324
8.06000000 1.62147339 0.55768124
8.07000000 1.63575940 0.55636033
8.08000000 1.65017995 0.55505051
8.09000000 1.66473631 0.55375179
8.10000000 1.67942977 0.55246420
8.11000000 1.69426160 0.55118773
8.12000000 1.70923311 0.54992241
8.13000000 1.72434560 0.54866825
8.14000000 1.73960040 0.54742526
8.15000000 1.75499885 0.54619346
8.16000000 1.77054228 0.54497286
8.17000000 1.78623205 0.54376347
8.18000000 1.80206954 0.54256533
8.19000000 1.81805612 0.54137844
8.20000000 1.83419319 0.54020282
8.21000000 1.85048215 0.53903849
8.22000000 1.86692442 0.53788548
8.23000000 1.88352144 0.53674380
8.24000000 1.90027463 0.53561348
8.25000000 1.91718546 0.53449453
8.26000000 1.93425540 0.53338698
8.27000000 1.95148592 0.53229085
8.28000000 1.96887853 0.53120617
8.29000000 1.98643471 0.53013297
8.30000000 2.00415600 0.52907127
8.31000000 2.02204393 0.52802109
8.32000000 2.04010003 0.52698247
8.33000000 2.05832587 0.52595544
8.34000000 2.07672302 0.52494002
8.35000000 2.09529307 0.52393624
8.36000000 2.11403761 0.52294414
8.37000000 2.13295825 0.52196374
8.38000000 2.15205662 0.52099509
8.39000000 2.17133435 0.52003822
8.40000000 2.19079311 0.51909315
8.41000000 2.21043456 0.51815993
8.42000000 2.23026037 0.51723860
8.43000000 2.25027224 0.51632919
8.44000000 2.27047188 0.51543174
8.45000000 2.29086101 0.51454630
8.46000000 2.31144137 0.51367289
8.47000000 2.33221471 0.51281158
8.48000000 2.35318279 0.51196239
8.49000000 2.37434739 0.51112538
8.50000000 2.39571032 0.51030058
8.51000000 2.41727337 0.50948805
8.52000000 2.43903837 0.50868784
8.53000000 2.46100715 0.50789998
8.54000000 2.48318158 0.50712454
8.55000000 2.50556351 0.50636157
8.56000000 2.52815484 0.50561111
8.57000000 2.55095745 0.50487323
8.58000000 2.57397326 0.50414797
8.59000000 2.59720420 0.50343539
8.60000000 2.62065221 0.50273555
8.61000000 2.64431924 0.50204851
8.62000000 2.66820728 0.50137434
8.63000000 2.69231830 0.50071308
8.64000000 2.71665432 0.50006481
8.65000000 2.74121735 0.49942959
8.66000000 2.76600942 0.49880749
8.67000000 2.79103259 0.49819857
8.68000000 2.81628892 0.49760290
8.69000000 2.84178050 0.49702055
8.70000000 2.86750941 0.49645160
8.71000000 2.89347777 0.49589612
8.72000000 2.91968772 0.49535419
8.73000000 2.94614138 0.49482588
8.74000000 2.97284093 0.49431126
8.75000000 2.99978854 0.49381043
8.76000000 3.02698640 0.49332346
8.77000000 3.05443671 0.49285044
8.78000000 3.08214171 0.49239145
8.79000000 3.11010362 0.49194658
8.80000000 3.13832470 0.49151591
8.81000000 3.16680723 0.49109955
8.82000000 3.19555348 0.49069758
8.83000000 3.22456577 0.49031010
8.84000000 3.25384641 0.48993721
8.85000000 3.28339773 0.48957900
8.86000000 3.31322209 0.48923558
8.87000000 3.34332184 0.48890704
8.88000000 3.37369937 0.48859350
8.89000000 3.40435709 0.48829507
8.90000000 3.43529739 0.48801184
8.91000000 3.46652271 0.48774394
8.92000000 3.49803550 0.48749148
8.93000000 3.52983822 0.48725457
8.94000000 3.56193333 0.48703334
8.95000000 3.59432334 0.48682791
8.96000000 3.62701075 0.48663840
8.97000000 3.65999808 0.48646493
8.98000000 3.69328787 0.48630764
8.99000000 3.72688267 0.48616666
9.00000000 3.76078506 0.48604213
9.01000000 3.79499761 0.48593417
9.02000000 3.82952292 0.48584294
9.03000000 3.86436361 0.48576857
9.04000000 3.89952231 0.48571121
9.05000000 3.93500165 0.48567101
9.06000000 3.97080431 0.48564813
9.07000000 4.00693293 0.48564271
9.08000000 4.04339023 0.48565491
9.09000000 4.08017888 0.48568491
9.10000000 4.11730162 0.48573285
9.11000000 4.15476116 0.48579892
9.12000000 4.19256025 0.48588328
9.13000000 4.23070165 0.48598610
9.14000000 4.26918812 0.48610757
9.15000000 4.30802244 0.48624787
9.16000000 4.34720741 0.48640719
9.17000000 4.38674583 0.48658570
9.18000000 4.42664054 0.48678362
9.19000000 4.46689434 0.48700113
9.20000000 4.50751010 0.48723844
9.21000000 4.54849066 0.48749576
9.22000000 4.58983889 0.48777329
9.23000000 4.63155767 0.48807125
9.24000000 4.67364988 0.48838985
9.25000000 4.71611843 0.48872933
9.26000000 4.75896622 0.48908991
9.27000000 4.80219616 0.48947181
9.28000000 4.84581119 0.48987529
9.29000000 4.88981424 0.49030058
9.30000000 4.93420826 0.49074793
9.31000000 4.97899619 0.49121759
9.32000000 5.02418100 0.49170981
9.33000000 5.06976565 0.49222487
9.34000000 5.11575312 0.49276303
9.35000000 5.16214638 0.49332457
9.36000000 5.20894842 0.49390976
9.37000000 5.25616224 0.49451889
9.38000000 5.30379082 0.49515225
9.39000000 5.35183717 0.49581014
9.40000000 5.40030428 0.49649286
9.41000000 5.44919516 0.49720073
9.42000000 5.49851282 0.49793405
9.43000000 5.54826027 0.49869316
9.44000000 5.59844052 0.49947837
9.45000000 5.64905657 0.50029004
9.46000000 5.70011143 0.50112850
9.47000000 5.75160812 0.50199411
9.48000000 5.80354962 0.50288722
9.49000000 5.85593896 0.50380820
9.50000000 5.90877912 0.50475742
9.51000000 5.96207310 0.50573527
9.52000000 6.01582388 0.50674213
9.53000000 6.07003444 0.50777841
9.54000000 6.12470776 0.50884450
9.55000000 6.17984681 0.50994084
9.56000000 6.23545453 0.51106783
9.57000000 6.29153387 0.51222592
9.58000000 6.34808775 0.51341555
9.59000000 6.40511911 0.51463716
9.60000000 6.46263084 0.51589123
9.61000000 6.52062583 0.51717822
9.62000000 6.57910696 0.51849862
9.63000000 6.63807707 0.51985291
9.64000000 6.69753901 0.52124161
9.65000000 6.75749558 0.52266523
9.66000000 6.81794957 0.52412428
9.67000000 6.87890376 0.52561932
9.68000000 6.94036089 0.52715088
9.69000000 7.00232366 0.52871954
9.70000000 7.06479477 0.53032585
9.71000000 7.12777688 0.53197041
9.72000000 7.19127260 0.53365382
9.73000000 7.25528453 0.53537669
9.74000000 7.31981523 0.53713964
9.75000000 7.38486720 0.53894331
9.76000000 7.45044293 0.54078836
9.77000000 7.51654484 0.54267546
9.78000000 7.58317535 0.54460528
9.79000000 7.65033678 0.54657853
9.80000000 7.71803144 0.54859591
9.81000000 7.78626157 0.55065816
9.82000000 7.85502936 0.55276603
9.83000000 7.92433697 0.55492028
9.84000000 7.99418646 0.55712169
9.85000000 8.06457986 0.55937105
9.86000000 8.13551912 0.56166918
9.87000000 8.20700613 0.56401691
9.88000000 8.27904273 0.56641511
9.89000000 8.35163064 0.56886464
9.90000000 8.42477157 0.57136639
9.91000000 8.49846709 0.57392128
9.92000000 8.57271873 0.57653023
9.93000000 8.64752791 0.57919422
9.94000000 8.72289599 0.58191421
9.95000000 8.79882421 0.58469120
9.96000000 8.87531373 0.58752621
9.97000000 8.95236561 0.59042030
9.98000000 9.02998081 0.59337453
9.99000000 9.10816017 0.59638999
10.00000000 9.18690443 0.59946782
10.01000000 9.26621423 0.60260914
10.02000000 9.34609005 0.60581515
10.03000000 9.42653229 0.60908703
10.04000000 9.50754119 0.61242603
10.05000000 9.58911689 0.61583338
10.06000000 9.67125935 0.61931039
10.07000000 9.75396842 0.62285836
10.08000000 9.83724380 0.62647866
10.09000000 9.92108502 0.63017265
10.10000000 10.00549147 0.63394175
10.11000000 10.09046236 0.63778740
10.12000000 10.17599674 0.64171108
10.13000000 10.26209348 0.64571432
10.14000000 10.34875128 0.64979865
10.15000000 10.43596864 0.65396568
10.16000000 10.52374387 0.65821701
10.17000000 10.61207508 0.66255432
10.18000000 10.70096018 0.66697930
10.19000000 10.79039685 0.67149371
10.20000000 10.88038256 0.67609932
10.21000000 10.97091455 0.68079797
10.22000000 11.06198983 0.68559152
10.23000000 11.15360516 0.69048189
10.24000000 11.24575704 0.69547105
10.25000000 11.33844173 0.70056100
10.26000000 11.43165521 0.70575380
10.27000000 11.52539320 0.71105155
10.28000000 11.61965110 0.71645641
10.29000000 11.71442406 0.72197059
10.30000000 11.80970690 0.72759635
10.31000000 11.90549413 0.73333600
10.32000000 12.00177996 0.73919191
10.33000000 12.09855824 0.74516652
10.34000000 12.19582250 0.75126230
10.35000000 12.29356591 0.75748180
10.36000000 12.39178127 0.76382763
10.37000000 12.49046103 0.77030245
10.38000000 12.58959724 0.77690900
10.39000000 12.68918155 0.78365006
10.40000000 12.78920522 0.79052852
10.41000000 12.88965909 0.79754729
10.42000000 12.99053355 0.80470938
10.43000000 13.09181857 0.81201786
10.44000000 13.19350366 0.81947588
10.45000000 13.29557786 0.82708665
10.46000000 13.39802972 0.83485348
10.47000000 13.50084732 0.84277975
10.48000000 13.60401820 0.85086889
10.49000000 13.70752942 0.85912446
10.50000000 13.81136747 0.86755006
10.51000000 13.91551831 0.87614941
10.52000000 14.01996732 0.88492629
10.53000000 14.12469933 0.89388459
10.54000000 14.22969854 0.90302826
10.55000000 14.33494857 0.91236137
10.56000000 14.44043240 0.92188807
10.57000000 14.54613239 0.93161262
10.58000000 14.65203022 0.94153936
10.59000000 14.75810691 0.95167273
10.60000000 14.86434280 0.96201728
10.61000000 14.97071750 0.97257767
10.62000000 15.07720994 0.98335864
10.63000000 15.18379829 0.99436505
10.64000000 15.29045995 1.00560187
10.65000000 15.39717157 1.01707417
10.66000000 15.50390902 1.02878715
10.67000000 15.61064734 1.04074611
10.68000000 15.71736077 1.05295645
10.69000000 15.82402269 1.06542371
10.70000000 15.93060565 1.07815354
10.71000000 16.03708131 1.09115170
10.72000000 16.14342044 1.10442408
10.73000000 16.24959291 1.11797670
10.74000000 16.35556765 1.13181567
10.75000000 16.46131267 1.14594725
10.76000000 16.56679501 1.16037783
10.77000000 16.67198075 1.17511390
10.78000000 16.77683497 1.19016210
10.79000000 16.88132176 1.20552918
10.80000000 16.98540416 1.22122204
10.81000000 17.08904422 1.23724767
10.82000000 17.19220291 1.25361322
10.83000000 17.29484016 1.27032595
10.84000000 17.39691482 1.28739326
10.85000000 17.49838466 1.30482267
10.86000000 17.59920635 1.32262183
10.87000000 17.69933545 1.34079850
10.88000000 17.79872642 1.35936058
10.89000000 17.89733259 1.37831608
10.90000000 17.99510617 1.39767314
10.91000000 18.09199822 1.41744002
10.92000000 18.18795867 1.43762507
10.93000000 18.28293632 1.45823679
10.94000000 18.37687883 1.47928376
10.95000000 18.46973269 1.50077467
10.96000000 18.56144329 1.52271833
10.97000000 18.65195487 1.54512361
10.98000000 18.74121055 1.56799950
10.99000000 18.82915232 1.59135506
11.00000000 18.91572108 1.61519945
11.01000000 19.00085664 1.63954188
11.02000000 19.08449772 1.66439162
11.03000000 19.16658201 1.68975802
11.04000000 19.24704615 1.71565046
11.05000000 19.32582578 1.74207837
11.06000000 19.40285556 1.76905120
11.07000000 19.47806920 1.79657841
11.08000000 19.55139950 1.82466948
11.09000000 19.62277842 1.85333389
11.10000000 19.69213705 1.88258108
11.11000000 19.75940573 1.91242046
11.12000000 19.82451406 1.94286141
11.13000000 19.88739098 1.97391323
11.14000000 19.94796480 2.00558513
11.15000000 20.00616331 2.03788625
11.16000000 20.06191381 2.07082559
11.17000000 20.11514319 2.10441203
11.18000000 20.16577805 2.13865427
11.19000000 20.21374471 2.17356086
11.20000000 20.25896938 2.20914014
11.21000000 20.30137820 2.24540021
11.22000000 20.34089736 2.28234895
11.23000000 20.37745322 2.31999396
11.24000000 20.41097238 2.35834252
11.25000000 20.44138184 2.39740161
11.26000000 20.46860910 2.43717785
11.27000000 20.49258227 2.47767748
11.28000000 20.51323027 2.51890632
11.29000000 20.53048286 2.56086976
11.30000000 20.54427088 2.60357271
11.31000000 20.55452634 2.64701957
11.32000000 20.56118261 2.69121422
11.33000000 20.56417454 2.73615995
11.34000000 20.56343861 2.78185947
11.35000000 20.55891317 2.82831485
11.36000000 20.55053852 2.87552746
11.37000000 20.53825712 2.92349801
11.38000000 20.52201375 2.97222644
11.39000000 20.50175571 3.02171194
11.40000000 20.47743296 3.07195287
11.41000000 20.44899833 3.12294677
11.42000000 20.41640766 3.17469030
11.43000000 20.37962003 3.22717922
11.44000000 20.33859788 3.28040835
11.45000000 20.29330722 3.33437155
11.46000000 20.24371778 3.38906168
11.47000000 20.18980322 3.44447058
11.48000000 20.13154125 3.50058904
11.49000000 20.06891381 3.55740677
11.50000000 20.00190723 3.61491238
11.51000000 19.93051236 3.67309340
11.52000000 19.85472473 3.73193617
11.53000000 19.77454470 3.79142592
11.54000000 19.68997754 3.85154669
11.55000000 19.60103356 3.91228138
11.56000000 19.50772823 3.97361166
11.57000000 19.41008228 4.03551806
11.58000000 19.30812171 4.09797990
11.59000000 19.20187797 4.16097533
11.60000000 19.09138790 4.22448131
11.61000000 18.97669384 4.28847364
11.62000000 18.85784362 4.35292698
11.63000000 18.73489056 4.41781485
11.64000000 18.60789351 4.48310964
11.65000000 18.47691674 4.54878268
11.66000000 18.34202998 4.61480425
11.67000000 18.20330829 4.68114359
11.68000000 18.06083202 4.74776897
11.69000000 17.91468669 4.81464771
11.70000000 17.76496291 4.88174626
11.71000000 17.61175620 4.94903022
11.72000000 17.45516685 5.01646439
11.73000000 17.29529981 5.08401286
11.74000000 17.13226441 5.15163904
11.75000000 16.96617423 5.21930575
11.76000000 16.79714688 5.28697524
11.77000000 16.62530373 5.35460934
11.78000000 16.45076971 5.42216946
11.79000000 16.27367303 5.48961670
11.80000000 16.09414492 5.55691190
11.81000000 15.91231934 5.62401577
11.82000000 15.72833272 5.69088891
11.83000000 15.54232363 5.75749192
11.84000000 15.35443251 5.82378549
11.85000000 15.16480133 5.88973046
11.86000000 14.97357331 5.95528791
11.87000000 14.78089259 6.02041923
11.88000000 14.58690390 6.08508624
11.89000000 14.39175229 6.14925119
11.90000000 14.19558276 6.21287694
11.91000000 13.99853998 6.27592693
11.92000000 13.80076800 6.33836533
11.93000000 13.60240991 6.40015707
11.94000000 13.40360759 6.46126793
11.95000000 13.20450139 6.52166458
11.96000000 13.00522985 6.58131465
11.97000000 12.80592950 6.64018681
11.98000000 12.60673451 6.69825078
11.99000000 12.40777653 6.75547741
12.00000000 12.20918443 6.81183874
12.01000000 12.01108406 6.86730798
12.02000000 11.81359811 6.92185960
12.03000000 11.61684587 6.97546937
12.04000000 11.42094308 7.02811432
12.05000000 11.22600178 7.07977286
12.06000000 11.03213019 7.13042470
12.07000000 10.83943253 7.18005093
12.08000000 10.64800898 7.22863403
12.09000000 10.45795555 7.27615782
12.10000000 10.26936400 7.32260754
12.11000000 10.08232182 7.36796977
12.12000000 9.89691213 7.41223248
12.13000000 9.71321370 7.45538500
12.14000000 9.53130091 7.49741801
12.15000000 9.35124374 7.53832351
12.16000000 9.17310781 7.57809481
12.17000000 8.99695436 7.61672652
12.18000000 8.82284034 7.65421451
12.19000000 8.65081840 7.69055587
12.20000000 8.48093698 7.72574890
12.21000000 8.31324037 7.75979307
12.22000000 8.14776880 7.79268899
12.23000000 7.98455848 7.82443836
12.24000000 7.82364174 7.85504395
12.25000000 7.66504708 7.88450954
12.26000000 7.50879934 7.91283990
12.27000000 7.35491974 7.94004073
12.28000000 7.20342603 7.96611864
12.29000000 7.05433259 7.99108110
12.30000000 6.90765058 8.01493637
12.31000000 6.76338804 8.03769351
12.32000000 6.62155000 8.05936228
12.33000000 6.48213864 8.07995314
12.34000000 6.34515340 8.09947721
12.35000000 6.21059113 8.11794618
12.36000000 6.07844617 8.13537231
12.37000000 5.94871052 8.15176839
12.38000000 5.82137395 8.16714768
12.39000000 5.69642413 8.18152388
12.40000000 5.57384675 8.19491111
12.41000000 5.45362564 8.20732383
12.42000000 5.33574290 8.21877685
12.43000000 5.22017898 8.22928526
12.44000000 5.10691284 8.23886441
12.45000000 4.99592206 8.24752989
12.46000000 4.88718288 8.25529749
12.47000000 4.78067040 8.26218315
12.48000000 4.67635860 8.26820296
12.49000000 4.57422048 8.27337311
12.50000000 4.47422815 8.27770988
12.51000000 4.37635290 8.28122961
12.52000000 4.28056533 8.28394867
12.53000000 4.18683536 8.28588345
12.54000000 4.09513237 8.28705031
12.55000000 4.00542528 8.28746562
12.56000000 3.91768257 8.28714566
12.57000000 3.83187238 8.28610666
12.58000000 3.74796259 8.28436478
12.59000000 3.66592083 8.28193606
12.60000000 3.58571461 8.27883643
12.61000000 3.50731131 8.27508170
12.62000000 3.43067827 8.27068755
12.63000000 3.35578280 8.26566948
12.64000000 3.28259229 8.26004287
12.65000000 3.21107418 8.25382288
12.66000000 3.14119604 8.24702453
12.67000000 3.07292560 8.23966263
12.68000000 3.00623078 8.23175181
12.69000000 2.94107973 8.22330648
12.70000000 2.87744085 8.21434086
12.71000000 2.81528280 8.20486894
12.72000000 2.75457457 8.19490452
12.73000000 2.69528546 8.18446114
12.74000000 2.63738512 8.17355215
12.75000000 2.58084356 8.16219067
12.76000000 2.52563117 8.15038956
12.77000000 2.47171875 8.13816148
12.78000000 2.41907748 8.12551886
12.79000000 2.36767899 8.11247388
12.80000000 2.31749530 8.09903848
12.81000000 2.26849892 8.08522440
12.82000000 2.22066275 8.07104312
12.83000000 2.17396018 8.05650590
12.84000000 2.12836504 8.04162376
12.85000000 2.08385163 8.02640749
12.86000000 2.04039470 8.01086767
12.87000000 1.99796948 7.99501462
12.88000000 1.95655164 7.97885848
12.89000000 1.91611735 7.96240911
12.90000000 1.87664323 7.94567621
12.91000000 1.83810635 7.92866922
12.92000000 1.80048426 7.91139737
12.93000000 1.76375498 7.89386970
12.94000000 1.72789695 7.87609502
12.95000000 1.69288911 7.85808194
12.96000000 1.65871082 7.83983886
12.97000000 1.62534189 7.82137398
12.98000000 1.59276258 7.80269532
12.99000000 1.56095357 7.78381067
13.00000000 1.52989600 7.76472767
13.01000000 1.49957140 7.74545375
13.02000000 1.46996174 7.72599615
13.03000000 1.44104940 7.70636195
13.04000000 1.41281717 7.68655802
13.05000000 1.38524823 7.66659109
13.06000000 1.35832617 7.64646771
13.07000000 1.33203495 7.62619424
13.08000000 1.30635893 7.60577691
13.09000000 1.28128282 7.58522177
13.10000000 1.25679172 7.56453471
13.11000000 1.23287109 7.54372147
13.12000000 1.20950673 7.52278765
13.13000000 1.18668478 7.50173868
13.14000000 1.16439175 7.48057988
13.15000000 1.14261446 7.45931639
13.16000000 1.12134006 7.43795324
13.17000000 1.10055602 7.41649532
13.18000000 1.08025012 7.39494738
13.19000000 1.06041046 7.37331405
13.20000000 1.04102542 7.35159983
13.21000000 1.02208367 7.32980910
13.22000000 1.00357420 7.30794611
13.23000000 0.98548624 7.28601502
13.24000000 0.96780931 7.26401985
13.25000000 0.95053319 7.24196452
13.26000000 0.93364794 7.21985284
13.27000000 0.91714385 7.19768852
13.28000000 0.90101147 7.17547515
13.29000000 0.88524159 7.15321624
13.30000000 0.86982524 7.13091519
13.31000000 0.85475367 7.10857530
13.32000000 0.84001837 7.08619980
13.33000000 0.82561104 7.06379181
13.34000000 0.81152360 7.04135435
13.35000000 0.79774817 7.01889039
13.36000000 0.78427708 6.99640279
13.37000000 0.77110286 6.97389432
13.38000000 0.75821823 6.95136770
13.39000000 0.74561610 6.92882555
13.40000000 0.73328956 6.90627042
13.41000000 0.72123189 6.88370479
13.42000000 0.70943652 6.86113107
13.43000000 0.69789709 6.83855158
13.44000000 0.68660737 6.81596861
13.45000000 0.67556131 6.79338435
13.46000000 0.66475300 6.77080093
13.47000000 0.65417670 6.74822044
13.48000000 0.64382682 6.72564489
13.49000000 0.63369789 6.70307623
13.50000000 0.62378462 6.68051635
13.51000000 0.61408183 6.65796711
13.52000000 0.60458447 6.63543027
13.53000000 0.59528765 6.61290759
13.54000000 0.58618657 6.59040073
13.55000000 0.57727658 6.56791133
13.56000000 0.56855315 6.54544096
13.57000000 0.56001185 6.52299116
13.58000000 0.55164838 6.50056342
13.59000000 0.54345853 6.47815918
13.60000000 0.53543823 6.45577983
13.61000000 0.52758349 6.43342673
13.62000000 0.51989043 6.41110119
13.63000000 0.51235528 6.38880448
13.64000000 0.50497434 6.36653783
13.65000000 0.49774403 6.34430244
13.66000000 0.49066085 6.32209947
13.67000000 0.48372139 6.29993003
13.68000000 0.47692234 6.27779520
13.69000000 0.47026045 6.25569605
13.70000000 0.46373258 6.23363358
13.71000000 0.45733564 6.21160878
13.72000000 0.45106665 6.18962260
13.73000000 0.44492269 6.16767597
13.74000000 0.43890091 6.14576977
13.75000000 0.43299853 6.12390486
13.76000000 0.42721285 6.10208208
13.77000000 0.42154124 6.08030224
13.78000000 0.41598113 6.05856612
13.79000000 0.41053001 6.03687446
13.80000000 0.40518544 6.01522800
13.81000000 0.39994504 5.99362743
13.82000000 0.39480649 5.97207344
13.83000000 0.38976753 5.95056669
13.84000000 0.38482595 5.92910779
13.85000000 0.37997960 5.90769737
13.86000000 0.37522637 5.88633601
13.87000000 0.37056424 5.86502429
13.88000000 0.36599118 5.84376274
13.89000000 0.36150528 5.82255189
13.90000000 0.35710461 5.80139225
13.91000000 0.35278734 5.78028432
13.92000000 0.34855165 5.75922855
13.93000000 0.34439578 5.73822542
13.94000000 0.34031802 5.71727533
13.95000000 0.33631669 5.69637873
13.96000000 0.33239016 5.67553601
13.97000000 0.32853681 5.65474756
13.98000000 0.32475511 5.63401374
13.99000000 0.32104353 5.61333491
14.00000000 0.31740058 5.59271142
14.01000000 0.31382482 5.57214359
14.02000000 0.31031485 5.55163173
14.03000000 0.30686927 5.53117614
14.04000000 0.30348674 5.51077711
14.05000000 0.30016596 5.49043490
14.06000000 0.29690564 5.47014979
14.07000000 0.29370453 5.44992202
14.08000000 0.29056140 5.42975183
14.09000000 0.28747507 5.40963943
14.10000000 0.28444438 5.38958506
14.11000000 0.28146818 5.36958889
14.12000000 0.27854537 5.34965114
14.13000000 0.27567486 5.32977199
14.14000000 0.27285559 5.30995159
14.15000000 0.27008654 5.29019013
14.16000000 0.26736669 5.27048774
14.17000000 0.26469506 5.25084458
14.18000000 0.26207068 5.23126077
14.19000000 0.25949262 5.21173645
14.20000000 0.25695996 5.19227173
14.21000000 0.25447180 5.17286672
14.22000000 0.25202726 5.15352153
14.23000000 0.24962549 5.13423624
14.24000000 0.24726566 5.11501094
14.25000000 0.24494694 5.09584571
14.26000000 0.24266853 5.07674062
14.27000000 0.24042967 5.05769573
14.28000000 0.23822957 5.03871111
14.29000000 0.23606751 5.01978680
14.30000000 0.23394275 5.00092285
14.31000000 0.23185458 4.98211929
14.32000000 0.22980230 4.96337616
14.33000000 0.22778524 4.94469348
14.34000000 0.22580274 4.92607127
14.35000000 0.22385413 4.90750955
14.36000000 0.22193879 4.88900833
14.37000000 0.22005609 4.87056761
14.38000000 0.21820544 4.85218738
14.39000000 0.21638623 4.83386765
14.40000000 0.21459788 4.81560840
14.41000000 0.21283984 4.79740962
14.42000000 0.21111154 4.77927128
14.43000000 0.20941244 4.76119336
14.44000000 0.20774201 4.74317583
14.45000000 0.20609974 4.72521865
14.46000000 0.20448511 4.70732180
14.47000000 0.20289763 4.68948522
14.48000000 0.20133681 4.67170887
14.49000000 0.19980219 4.65399270
14.50000000 0.19829328 4.63633667
14.51000000 0.19680965 4.61874070
14.52000000 0.19535085 4.60120474
14.53000000 0.19391643 4.58372874
14.54000000 0.19250599 4.56631261
14.55000000 0.19111909 4.54895630
14.56000000 0.18975533 4.53165972
14.57000000 0.18841432 4.51442281
14.58000000 0.18709566 4.49724548
14.59000000 0.18579898 4.48012765
14.60000000 0.18452389 4.46306923
14.61000000 0.18327004 4.44607015
14.62000000 0.18203706 4.42913030
14.63000000 0.18082461 4.41224961
14.64000000 0.17963235 4.39542796
14.65000000 0.17845993 4.37866527
14.66000000 0.17730703 4.36196144
14.67000000 0.17617332 4.34531636
14.68000000 0.17505851 4.32872993
14.69000000 0.17396226 4.31220205
14.70000000 0.17288429 4.29573260
14.71000000 0.17182430 4.27932148
14.72000000 0.17078200 4.26296857
14.73000000 0.16975711 4.24667377
14.74000000 0.16874934 4.23043695
14.75000000 0.16775843 4.21425800
14.76000000 0.16678412 4.19813680
14.77000000 0.16582614 4.18207323
14.78000000 0.16488423 4.16606717
14.79000000 0.16395816 4.15011849
14.80000000 0.16304767 4.13422707
14.81000000 0.16215252 4.11839278
14.82000000 0.16127248 4.10261550
14.83000000 0.16040733 4.08689509
14.84000000 0.15955683 4.07123143
14.85000000 0.15872076 4.05562438
14.86000000 0.15789892 4.04007382
14.87000000 0.15709108 4.02457959
14.88000000 0.15629705 4.00914158
14.89000000 0.15551661 3.99375965
14.90000000 0.15474958 3.97843365
14.91000000 0.15399575 3.96316346
14.92000000 0.15325494 3.94794892
14.93000000 0.15252696 3.93278990
14.94000000 0.15181162 3.91768627
14.95000000 0.15110875 3.90263787
14.96000000 0.15041818 3.88764456
14.97000000 0.14973972 3.87270621
14.98000000 0.14907321 3.85782266
14.99000000 0.14841849 3.84299377
15.00000000 0.14777539 3.82821940
15.01000000 0.14714376 3.81349940
15.02000000 0.14652344 3.79883362
15.03000000 0.14591428 3.78422192
15.04000000 0.14531613 3.76966414
15.05000000 0.14472885 3.75516014
15.06000000 0.14415228 3.74070977
15.07000000 0.14358630 3.72631288
15.08000000 0.14303075 3.71196931
15.09000000 0.14248552 3.69767893
15.10000000 0.14195047 3.68344156
15.11000000 0.14142546 3.66925707
15.12000000 0.14091037 3.65512531
15.13000000 0.14040509 3.64104611
15.14000000 0.13990947 3.62701933
15.15000000 0.13942342 3.61304481
15.16000000 0.13894681 3.59912241
15.17000000 0.13847952 3.58525196
15.18000000 0.13802145 3.57143331
15.19000000 0.13757248 3.55766631
15.20000000 0.13713251 3.54395080
15.21000000 0.13670143 3.53028663
15.22000000 0.13627915 3.51667365
15.23000000 0.13586555 3.50311169
15.24000000 0.13546054 3.48960061
15.25000000 0.13506402 3.47614024
15.26000000 0.13467590 3.46273043
15.27000000 0.13429609 3.44937104
15.28000000 0.13392449 3.43606189
15.29000000 0.13356102 3.42280283
15.30000000 0.13320558 3.40959372
15.31000000 0.13285810 3.39643439
15.32000000 0.13251848 3.38332468
15.33000000 0.13218665 3.37026444
15.34000000 0.13186253 3.35725352
15.35000000 0.13154603 3.34429176
15.36000000 0.13123709 3.33137899
15.37000000 0.13093562 3.31851507
15.38000000 0.13064155 3.30569984
15.39000000 0.13035482 3.29293314
15.40000000 0.13007534 3.28021482
15.41000000 0.12980305 3.26754472
15.42000000 0.12953789 3.25492269
15.43000000 0.12927978 3.24234856
15.44000000 0.12902866 3.22982219
15.45000000 0.12878447 3.21734341
15.46000000 0.12854715 3.20491208
15.47000000 0.12831663 3.19252803
15.48000000 0.12809286 3.18019111
15.49000000 0.12787577 3.16790117
15.50000000 0.12766532 3.15565804
15.51000000 0.12746145 3.14346159
15.52000000 0.12726410 3.13131164
15.53000000 0.12707321 3.11920805
15.54000000 0.12688875 3.10715066
15.55000000 0.12671065 3.09513932
15.56000000 0.12653887 3.08317387
15.57000000 0.12637336 3.07125416
15.58000000 0.12621407 3.05938003
15.59000000 0.12606096 3.04755134
15.60000000 0.12591398 3.03576793
15.61000000 0.12577308 3.02402964
15.62000000 0.12563824 3.01233632
15.63000000 0.12550940 3.00068783
15.64000000 0.12538652 2.98908400
15.65000000 0.12526956 2.97752468
15.66000000 0.12515849 2.96600974
15.67000000 0.12505326 2.95453900
15.68000000 0.12495385 2.94311232
15.69000000 0.12486021 2.93172956
15.70000000 0.12477231 2.92039055
15.71000000 0.12469012 2.90909515
15.72000000 0.12461360 2.89784321
15.73000000 0.12454272 2.88663458
15.74000000 0.12447745 2.87546910
15.75000000 0.12441777 2.86434664
15.76000000 0.12436363 2.85326703
15.77000000 0.12431502 2.84223013
15.78000000 0.12427190 2.83123580
15.79000000 0.12423425 2.82028388
15.80000000 0.12420204 2.80937423
15.81000000 0.12417524 2.79850670
15.82000000 0.12415384 2.78768114
15.83000000 0.12413781 2.77689741
15.84000000 0.12412712 2.76615535
15.85000000 0.12412176 2.75545482
15.86000000 0.12412170 2.74479569
15.87000000 0.12412692 2.73417779
15.88000000 0.12413740 2.72360099
15.89000000 0.12415313 2.71306513
15.90000000 0.12417408 2.70257009
15.91000000 0.12420024 2.69211570
15.92000000 0.12423159 2.68170184
15.93000000 0.12426811 2.67132834
15.94000000 0.12430980 2.66099508
15.95000000 0.12435662 2.65070191
15.96000000 0.12440858 2.64044869
15.97000000 0.12446565 2.63023526
15.98000000 0.12452783 2.62006150
15.99000000 0.12459510 2.60992727
16.00000000 0.12466744 2.59983241
16.01000000 0.12474486 2.58977679
16.02000000 0.12482734 2.57976027
16.03000000 0.12491486 2.56978271
16.04000000 0.12500743 2.55984397
16.05000000 0.12510503 2.54994391
16.06000000 0.12520765 2.54008239
16.07000000 0.12531529 2.53025928
16.08000000 0.12542794 2.52047443
16.09000000 0.12554560 2.51072772
16.10000000 0.12566826 2.50101899
16.11000000 0.12579591 2.49134812
16.12000000 0.12592855 2.48171496
16.13000000 0.12606619 2.47211939
16.14000000 0.12620880 2.46256126
16.15000000 0.12635640 2.45304045
16.16000000 0.12650899 2.44355681
16.17000000 0.12666655 2.43411021
16.18000000 0.12682909 2.42470052
16.19000000 0.12699661 2.41532761
16.20000000 0.12716911 2.40599133
16.21000000 0.12734659 2.39669157
16.22000000 0.12752905 2.38742818
16.23000000 0.12771649 2.37820103
16.24000000 0.12790893 2.36901000
16.25000000 0.12810635 2.35985494
16.26000000 0.12830877 2.35073574
16.27000000 0.12851619 2.34165225
16.28000000 0.12872860 2.33260436
16.29000000 0.12894603 2.32359192
16.30000000 0.12916848 2.31461482
16.31000000 0.12939594 2.30567291
16.32000000 0.12962843 2.29676608
16.33000000 0.12986596 2.28789419
16.34000000 0.13010853 2.27905712
16.35000000 0.13035615 2.27025474
16.36000000 0.13060883 2.26148693
16.37000000 0.13086659 2.25275355
16.38000000 0.13112942 2.24405448
16.39000000 0.13139735 2.23538959
16.40000000 0.13167037 2.22675877
16.41000000 0.13194851 2.21816188
16.42000000 0.13223178 2.20959880
16.43000000 0.13252018 2.20106940
16.44000000 0.13281374 2.19257357
16.45000000 0.13311246 2.18411118
16.46000000 0.13341636 2.17568211
16.47000000 0.13372545 2.16728623
16.48000000 0.13403975 2.15892342
16.49000000 0.13435928 2.15059356
16.50000000 0.13468404 2.14229653
16.51000000 0.13501407 2.13403221
16.52000000 0.13534936 2.12580048
16.53000000 0.13568995 2.11760122
16.54000000 0.13603585 2.10943431
16.55000000 0.13638708 2.10129963
16.56000000 0.13674365 2.09319705
16.57000000 0.13710559 2.08512647
16.58000000 0.13747292 2.07708777
16.59000000 0.13784566 2.06908082
16.60000000 0.13822382 2.06110551
16.61000000 0.13860744 2.05316172
16.62000000 0.13899653 2.04524934
16.63000000 0.13939111 2.03736825
16.64000000 0.13979121 2.02951834
16.65000000 0.14019685 2.02169949
16.66000000 0.14060806 2.01391158
16.67000000 0.14102486 2.00615450
16.68000000 0.14144728 1.99842814
16.69000000 0.14187533 1.99073238
16.70000000 0.14230906 1.98306712
16.71000000 0.14274847 1.97543223
16.72000000 0.14319361 1.96782760
16.73000000 0.14364450 1.96025313
16.74000000 0.14410116 1.95270870
16.75000000 0.14456363 1.94519420
16.76000000 0.14503194 1.93770952
16.77000000 0.14550611 1.93025454
16.78000000 0.14598617 1.92282917
16.79000000 0.14647216 1.91543329
16.80000000 0.14696411 1.90806678
16.81000000 0.14746205 1.90072955
16.82000000 0.14796600 1.89342148
16.83000000 0.14847601 1.88614247
16.84000000 0.14899211 1.87889240
16.85000000 0.14951433 1.87167117
16.86000000 0.15004270 1.86447868
16.87000000 0.15057727 1.85731481
16.88000000 0.15111806 1.85017946
16.89000000 0.15166511 1.84307253
16.90000000 0.15221847 1.83599391
16.91000000 0.15277816 1.82894349
16.92000000 0.15334422 1.82192117
16.93000000 0.15391669 1.81492685
16.94000000 0.15449562 1.80796042
16.95000000 0.15508103 1.80102177
16.96000000 0.15567298 1.79411082
16.97000000 0.15627150 1.78722744
16.98000000 0.15687662 1.78037155
16.99000000 0.15748841 1.77354303
17.00000000 0.15810688 1.76674179
17.01000000 0.15873210 1.75996773
17.02000000 0.15936410 1.75322075
17.03000000 0.16000292 1.74650073
17.04000000 0.16064862 1.73980760
17.05000000 0.16130122 1.73314124
17.06000000 0.16196079 1.72650155
17.07000000 0.16262737 1.71988844
17.08000000 0.16330101 1.71330181
17.09000000 0.16398174 1.70674156
17.10000000 0.16466962 1.70020760
17.11000000 0.16536471 1.69369981
17.12000000 0.16606704 1.68721812
17.13000000 0.16677667 1.68076242
17.14000000 0.16749365 1.67433261
17.15000000 0.16821803 1.66792861
17.16000000 0.16894986 1.66155030
17.17000000 0.16968919 1.65519761
17.18000000 0.17043608 1.64887043
17.19000000 0.17119059 1.64256867
17.20000000 0.17195276 1.63629223
17.21000000 0.17272265 1.63004103
17.22000000 0.17350031 1.62381496
17.23000000 0.17428581 1.61761394
17.24000000 0.17507920 1.61143788
17.25000000 0.17588054 1.60528667
17.26000000 0.17668988 1.59916023
17.27000000 0.17750729 1.59305847
17.28000000 0.17833283 1.58698129
17.29000000 0.17916655 1.58092861
17.30000000 0.18000852 1.57490033
17.31000000 0.18085879 1.56889637
17.32000000 0.18171744 1.56291663
17.33000000 0.18258452 1.55696102
17.34000000 0.18346011 1.55102946
17.35000000 0.18434425 1.54512186
17.36000000 0.18523703 1.53923813
17.37000000 0.18613850 1.53337817
17.38000000 0.18704873 1.52754191
17.39000000 0.18796779 1.52172926
17.40000000 0.18889576 1.51594012
17.41000000 0.18983269 1.51017442
17.42000000 0.19077866 1.50443206
17.43000000 0.19173373 1.49871296
17.44000000 0.19269799 1.49301704
17.45000000 0.19367150 1.48734420
17.46000000 0.19465434 1.48169437
17.47000000 0.19564658 1.47606745
17.48000000 0.19664829 1.47046337
17.49000000 0.19765955 1.46488205
17.50000000 0.19868044 1.45932339
17.51000000 0.19971104 1.45378731
17.52000000 0.20075141 1.44827373
17.53000000 0.20180165 1.44278258
17.54000000 0.20286183 1.43731376
17.55000000 0.20393203 1.43186719
17.56000000 0.20501233 1.42644280
17.57000000 0.20610282 1.42104050
17.58000000 0.20720358 1.41566021
17.59000000 0.20831469 1.41030185
17.60000000 0.20943624 1.40496534
17.61000000 0.21056831 1.39965060
17.62000000 0.21171099 1.39435756
17.63000000 0.21286437 1.38908612
17.64000000 0.21402854 1.38383621
17.65000000 0.21520359 1.37860776
17.66000000 0.21638960 1.37340069
17.67000000 0.21758667 1.36821491
17.68000000 0.21879489 1.36305035
17.69000000 0.22001436 1.35790694
17.70000000 0.22124517 1.35278459
17.71000000 0.22248741 1.34768323
17.72000000 0.22374119 1.34260278
17.73000000 0.22500659 1.33754318
17.74000000 0.22628371 1.33250433
17.75000000 0.22757267 1.32748616
17.76000000 0.22887355 1.32248861
17.77000000 0.23018646 1.31751160
17.78000000 0.23151150 1.31255504
17.79000000 0.23284878 1.30761887
17.80000000 0.23419839 1.30270302
17.81000000 0.23556045 1.29780741
17.82000000 0.23693506 1.29293196
17.83000000 0.23832233 1.28807661
17.84000000 0.23972237 1.28324128
17.85000000 0.24113528 1.27842590
17.86000000 0.24256119 1.27363039
17.87000000 0.24400020 1.26885470
17.88000000 0.24545243 1.26409873
17.89000000 0.24691798 1.25936244
17.90000000 0.24839699 1.25464573
17.91000000 0.24988956 1.24994855
17.92000000 0.25139580 1.24527082
17.93000000 0.25291586 1.24061247
17.94000000 0.25444983 1.23597343
17.95000000 0.25599785 1.23135364
17.96000000 0.25756003 1.22675303
17.97000000 0.25913651 1.22217152
17.98000000 0.26072740 1.21760905
17.99000000 0.26233284 1.21306556
18.00000000 0.26395295 1.20854096
18.01000000 0.26558787 1.20403520
18.02000000 0.26723771 1.19954821
18.03000000 0.26890263 1.19507992
18.04000000 0.27058274 1.19063027
18.05000000 0.27227818 1.18619919
18.06000000 0.27398909 1.18178661
18.07000000 0.27571561 1.17739247
18.08000000 0.27745788 1.17301670
18.09000000 0.27921603 1.16865924
18.10000000 0.28099021 1.16432002
18.11000000 0.28278056 1.15999898
18.12000000 0.28458723 1.15569606
18.13000000 0.28641036 1.15141118
18.14000000 0.28825010 1.14714430
18.15000000 0.29010660 1.14289534
18.16000000 0.29198000 1.13866424
18.17000000 0.29387047 1.13445094
18.18000000 0.29577815 1.13025537
18.19000000 0.29770320 1.12607748
18.20000000 0.29964578 1.12191720
18.21000000 0.30160604 1.11777448
18.22000000 0.30358415 1.11364924
18.23000000 0.30558026 1.10954144
18.24000000 0.30759453 1.10545100
18.25000000 0.30962714 1.10137787
18.26000000 0.31167825 1.09732199
18.27000000 0.31374803 1.09328330
18.28000000 0.31583664 1.08926173
18.29000000 0.31794426 1.08525724
18.30000000 0.32007107 1.08126976
18.31000000 0.32221722 1.07729923
18.32000000 0.32438291 1.07334560
18.33000000 0.32656831 1.06940880
18.34000000 0.32877359 1.06548878
18.35000000 0.33099895 1.06158548
18.36000000 0.33324456 1.05769884
18.37000000 0.33551061 1.05382881
18.38000000 0.33779729 1.04997533
18.39000000 0.34010478 1.04613835
18.40000000 0.34243329 1.04231780
18.41000000 0.34478299 1.03851364
18.42000000 0.34715408 1.03472580
18.43000000 0.34954677 1.03095423
18.44000000 0.35196124 1.02719888
18.45000000 0.35439771 1.02345969
18.46000000 0.35685637 1.01973661
18.47000000 0.35933742 1.01602958
18.48000000 0.36184108 1.01233855
18.49000000 0.36436755 1.00866346
18.50000000 0.36691704 1.00500427
18.51000000 0.36948977 1.00136092
18.52000000 0.37208595 0.99773335
18.53000000 0.37470579 0.99412152
18.54000000 0.37734953 0.99052537
18.55000000 0.38001736 0.98694485
18.56000000 0.38270953 0.98337990
18.57000000 0.38542626 0.97983049
18.58000000 0.38816777 0.97629655
18.59000000 0.39093429 0.97277803
18.60000000 0.39372606 0.96927489
18.61000000 0.39654331 0.96578707
18.62000000 0.39938628 0.96231453
18.63000000 0.40225521 0.95885721
18.64000000 0.40515034 0.95541507
18.65000000 0.40807190 0.95198805
18.66000000 0.41102016 0.94857610
18.67000000 0.41399536 0.94517919
18.68000000 0.41699775 0.94179725
18.69000000 0.42002758 0.93843025
18.70000000 0.42308511 0.93507813
18.71000000 0.42617060 0.93174084
18.72000000 0.42928430 0.92841835
18.73000000 0.43242649 0.92511059
18.74000000 0.43559744 0.92181753
18.75000000 0.43879740 0.91853912
18.76000000 0.44202665 0.91527531
18.77000000 0.44528547 0.91202605
18.78000000 0.44857413 0.90879131
18.79000000 0.45189291 0.90557103
18.80000000 0.45524210 0.90236517
18.81000000 0.45862197 0.89917368
18.82000000 0.46203283 0.89599653
18.83000000 0.46547496 0.89283366
18.84000000 0.46894864 0.88968503
18.85000000 0.47245419 0.88655059
18.86000000 0.47599190 0.88343032
18.87000000 0.47956207 0.88032415
18.88000000 0.48316501 0.87723205
18.89000000 0.48680102 0.87415397
18.90000000 0.49047042 0.87108988
18.91000000 0.49417353 0.86803973
18.92000000 0.49791065 0.86500347
18.93000000 0.50168211 0.86198108
18.94000000 0.50548824 0.85897249
18.95000000 0.50932936 0.85597768
18.96000000 0.51320580 0.85299661
18.97000000 0.51711790 0.85002922
18.98000000 0.52106598 0.84707549
18.99000000 0.52505040 0.84413537
19.00000000 0.52907150 0.84120882
19.01000000 0.53312962 0.83829580
19.02000000 0.53722510 0.83539628
19.03000000 0.54135832 0.83251021
19.04000000 0.54552962 0.82963756
19.05000000 0.54973936 0.82677828
19.06000000 0.55398790 0.82393235
19.07000000 0.55827562 0.82109971
19.08000000 0.56260289 0.81828034
19.09000000 0.56697008 0.81547419
19.10000000 0.57137756 0.81268123
19.11000000 0.57582573 0.80990142
19.12000000 0.58031496 0.80713473
19.13000000 0.58484565 0.80438112
19.14000000 0.58941819 0.80164055
19.15000000 0.59403297 0.79891298
19.16000000 0.59869040 0.79619839
19.17000000 0.60339089 0.79349674
19.18000000 0.60813483 0.79080798
19.19000000 0.61292265 0.78813210
19.20000000 0.61775476 0.78546904
19.21000000 0.62263158 0.78281879
19.22000000 0.62755353 0.78018130
19.23000000 0.63252105 0.77755654
19.24000000 0.63753457 0.77494448
19.25000000 0.64259453 0.77234508
19.26000000 0.64770136 0.76975831
19.27000000 0.65285552 0.76718415
19.28000000 0.65805745 0.76462255
19.29000000 0.66330761 0.76207349
19.30000000 0.66860646 0.75953693
19.31000000 0.67395446 0.75701285
19.32000000 0.67935208 0.75450120
19.33000000 0.68479979 0.75200197
19.34000000 0.69029807 0.74951512
19.35000000 0.69584739 0.74704062
19.36000000 0.70144826 0.74457844
19.37000000 0.70710116 0.74212855
19.38000000 0.71280657 0.73969092
19.39000000 0.71856502 0.73726552
19.40000000 0.72437699 0.73485233
19.41000000 0.73024300 0.73245131
19.42000000 0.73616357 0.73006244
19.43000000 0.74213921 0.72768570
19.44000000 0.74817045 0.72532104
19.45000000 0.75425783 0.72296845
19.46000000 0.76040187 0.72062789
19.47000000 0.76660311 0.71829935
19.48000000 0.77286211 0.71598279
19.49000000 0.77917942 0.71367819
19.50000000 0.78555558 0.71138552
19.51000000 0.79199116 0.70910476
19.52000000 0.79848674 0.70683588
19.53000000 0.80504287 0.70457886
19.54000000 0.81166015 0.70233368
19.55000000 0.81833914 0.70010030
19.56000000 0.82508045 0.69787871
19.57000000 0.83188466 0.69566887
19.58000000 0.83875238 0.69347078
19.59000000 0.84568421 0.69128440
19.60000000 0.85268077 0.68910971
19.61000000 0.85974267 0.68694670
19.62000000 0.86687054 0.68479533
19.63000000 0.87406501 0.68265558
19.64000000 0.88132670 0.68052745
19.65000000 0.88865627 0.67841089
19.66000000 0.89605436 0.67630590
19.67000000 0.90352163 0.67421245
19.68000000 0.91105874 0.67213053
19.69000000 0.91866634 0.67006010
19.70000000 0.92634513 0.66800116
19.71000000 0.93409577 0.66595369
19.72000000 0.94191895 0.66391766
19.73000000 0.94981536 0.66189305
19.74000000 0.95778571 0.65987986
19.75000000 0.96583070 0.65787805
19.76000000 0.97395103 0.65588762
19.77000000 0.98214744 0.65390855
19.78000000 0.99042064 0.65194082
19.79000000 0.99877138 0.64998441
19.80000000 1.00720038 0.64803931
19.81000000 1.01570839 0.64610550
19.82000000 1.02429617 0.64418297
19.83000000 1.03296449 0.64227170
19.84000000 1.04171410 0.64037168
19.85000000 1.05054578 0.63848289
19.86000000 1.05946033 0.63660532
19.87000000 1.06845851 0.63473896
19.88000000 1.07754114 0.63288379
19.89000000 1.08670902 0.63103980
19.90000000 1.09596296 0.62920698
19.91000000 1.10530378 0.62738532
19.92000000 1.11473231 0.62557480
19.93000000 1.12424938 0.62377541
19.94000000 1.13385584 0.62198715
19.95000000 1.14355255 0.62021000
19.96000000 1.15334035 0.61844395
19.97000000 1.16322011 0.61668900
19.98000000 1.17319272 0.61494513
19.99000000 1.18325906 0.61321233
20.00000000 1.19342001 0.61149061
20.01000000 1.20367648 0.60977994
20.02000000 1.21402937 0.60808032
20.03000000 1.22447961 0.60639175
20.04000000 1.23502812 0.60471421
20.05000000 1.24567583 0.60304771
20.06000000 1.25642369 0.60139223
20.07000000 1.26727264 0.59974778
20.08000000 1.27822365 0.59811434
20.09000000 1.28927770 0.59649191
20.10000000 1.30043574 0.59488049
20.11000000 1.31169878 0.59328007
20.12000000 1.32306781 0.59169066
20.13000000 1.33454384 0.59011224
20.14000000 1.34612787 0.58854482
20.15000000 1.35782094 0.58698839
20.16000000 1.36962408 0.58544296
20.17000000 1.38153832 0.58390852
20.18000000 1.39356474 0.58238508
20.19000000 1.40570437 0.58087262
20.20000000 1.41795831 0.57937117
20.21000000 1.43032762 0.57788070
20.22000000 1.44281341 0.57640124
20.23000000 1.45541677 0.57493277
20.24000000 1.46813882 0.57347531
20.25000000 1.48098067 0.57202886
20.26000000 1.49394346 0.57059341
20.27000000 1.50702834 0.56916898
20.28000000 1.52023644 0.56775557
20.29000000 1.53356895 0.56635318
20.30000000 1.54702702 0.56496183
20.31000000 1.56061185 0.56358151
20.32000000 1.57432462 0.56221224
20.33000000 1.58816656 0.56085403
20.34000000 1.60213886 0.55950687
20.35000000 1.61624276 0.55817079
20.36000000 1.63047950 0.55684579
20.37000000 1.64485032 0.55553188
20.38000000 1.65935649 0.55422907
20.39000000 1.67399928 0.55293738
20.40000000 1.68877997 0.55165681
20.41000000 1.70369986 0.55038738
20.42000000 1.71876025 0.54912910
20.43000000 1.73396246 0.54788199
20.44000000 1.74930781 0.54664607
20.45000000 1.76479766 0.54542134
20.46000000 1.78043335 0.54420782
20.47000000 1.79621624 0.54300553
20.48000000 1.81214772 0.54181449
20.49000000 1.82822917 0.54063472
20.50000000 1.84446200 0.53946623
20.51000000 1.86084761 0.53830904
20.52000000 1.87738744 0.53716318
20.53000000 1.89408291 0.53602867
20.54000000 1.91093548 0.53490553
20.55000000 1.92794662 0.53379378
20.56000000 1.94511780 0.53269344
20.57000000 1.96245050 0.53160454
20.58000000 1.97994623 0.53052710
20.59000000 1.99760650 0.52946116
20.60000000 2.01543284 0.52840673
20.61000000 2.03342679 0.52736385
20.62000000 2.05158991 0.52633254
20.63000000 2.06992375 0.52531284
20.64000000 2.08842990 0.52430477
20.65000000 2.10710995 0.52330836
20.66000000 2.12596551 0.52232365
20.67000000 2.14499819 0.52135067
20.68000000 2.16420964 0.52038945
20.69000000 2.18360150 0.51944003
20.70000000 2.20317543 0.51850244
20.71000000 2.22293311 0.51757672
20.72000000 2.24287622 0.51666291
20.73000000 2.26300647 0.51576105
20.74000000 2.28332557 0.51487118
20.75000000 2.30383526 0.51399334
20.76000000 2.32453728 0.51312756
20.77000000 2.34543340 0.51227390
20.78000000 2.36652538 0.51143239
20.79000000 2.38781501 0.51060309
20.80000000 2.40930411 0.50978603
20.81000000 2.43099448 0.50898128
20.82000000 2.45288795 0.50818886
20.83000000 2.47498639 0.50740884
20.84000000 2.49729164 0.50664127
20.85000000 2.51980558 0.50588619
20.86000000 2.54253011 0.50514367
20.87000000 2.56546714 0.50441375
20.88000000 2.58861858 0.50369649
20.89000000 2.61198637 0.50299195
20.90000000 2.63557247 0.50230019
20.91000000 2.65937883 0.50162127
20.92000000 2.68340746 0.50095524
20.93000000 2.70766033 0.50030218
20.94000000 2.73213947 0.49966214
20.95000000 2.75684691 0.49903520
20.96000000 2.78178468 0.49842141
20.97000000 2.80695485 0.49782085
20.98000000 2.83235949 0.49723359
20.99000000 2.85800070 0.49665970
21.00000000 2.88388058 0.49609924
21.01000000 2.91000126 0.49555231
21.02000000 2.93636486 0.49501897
21.03000000 2.96297356 0.49449930
21.04000000 2.98982950 0.49399338
21.05000000 3.01693489 0.49350129
21.06000000 3.04429192 0.49302312
21.07000000 3.07190280 0.49255895
21.08000000 3.09976978 0.49210886
21.09000000 3.12789510 0.49167295
21.10000000 3.15628102 0.49125131
21.11000000 3.18492982 0.49084403
21.12000000 3.21384381 0.49045120
21.13000000 3.24302529 0.49007292
21.14000000 3.27247659 0.48970929
21.15000000 3.30220006 0.48936040
21.16000000 3.33219806 0.48902637
21.17000000 3.36247295 0.48870729
21.18000000 3.39302714 0.48840328
21.19000000 3.42386303 0.48811443
21.20000000 3.45498304 0.48784087
21.21000000 3.48638962 0.48758271
21.22000000 3.51808521 0.48734006
21.23000000 3.55007229 0.48711303
21.24000000 3.58235334 0.48690177
21.25000000 3.61493086 0.48670637
21.26000000 3.64780738 0.48652698
21.27000000 3.68098542 0.48636371
21.28000000 3.71446753 0.48621671
21.29000000 3.74825627 0.48608610
21.30000000 3.78235423 0.48597201
21.31000000 3.81676399 0.48587460
21.32000000 3.85148816 0.48579400
21.33000000 3.88652936 0.48573036
21.34000000 3.92189024 0.48568382
21.35000000 3.95757345 0.48565454
21.36000000 3.99358164 0.48564266
21.37000000 4.02991751 0.48564836
21.38000000 4.06658375 0.48567178
21.39000000 4.10358306 0.48571309
21.40000000 4.14091817 0.48577245
21.41000000 4.17859182 0.48585005
21.42000000 4.21660676 0.48594605
21.43000000 4.25496575 0.48606063
21.44000000 4.29367156 0.48619397
21.45000000 4.33272699 0.48634626
21.46000000 4.37213485 0.48651767
21.47000000 4.41189793 0.48670842
21.48000000 4.45201908 0.48691869
21.49000000 4.49250113 0.48714868
21.50000000 4.53334693 0.48739860
21.51000000 4.57455934 0.48766866
21.52000000 4.61614124 0.48795906
21.53000000 4.65809551 0.48827003
21.54000000 4.70042504 0.48860179
21.55000000 4.74313274 0.48895457
21.56000000 4.78622152 0.48932859
21.57000000 4.82969431 0.48972409
21.58000000 4.87355404 0.49014131
21.59000000 4.91780364 0.49058050
21.60000000 4.96244607 0.49104191
21.61000000 5.00748429 0.49152579
21.62000000 5.05292126 0.49203240
21.63000000 5.09875994 0.49256202
21.64000000 5.14500332 0.49311491
21.65000000 5.19165439 0.49369135
21.66000000 5.23871612 0.49429163
21.67000000 5.28619151 0.49491602
21.68000000 5.33408356 0.49556484
21.69000000 5.38239528 0.49623837
21.70000000 5.43112965 0.49693694
21.71000000 5.48028970 0.49766084
21.72000000 5.52987842 0.49841041
21.73000000 5.57989884 0.49918597
21.74000000 5.63035394 0.49998785
21.75000000 5.68124676 0.50081640
21.76000000 5.73258028 0.50167196
21.77000000 5.78435753 0.50255489
21.78000000 5.83658149 0.50346556
21.79000000 5.88925518 0.50440433
21.80000000 5.94238158 0.50537158
21.81000000 5.99596368 0.50636771
21.82000000 6.05000447 0.50739310
21.83000000 6.10450693 0.50844816
21.84000000 6.15947401 0.50953330
21.85000000 6.21490868 0.51064895
21.86000000 6.27081389 0.51179553
21.87000000 6.32719257 0.51297348
21.88000000 6.38404764 0.51418325
21.89000000 6.44138202 0.51542531
21.90000000 6.49919860 0.51670011
21.91000000 6.55750025 0.51800814
21.92000000 6.61628985 0.51934989
21.93000000 6.67557022 0.52072585
21.94000000 6.73534419 0.52213654
21.95000000 6.79561457 0.52358247
21.96000000 6.85638412 0.52506419
21.97000000 6.91765559 0.52658223
21.98000000 6.97943173 0.52813715
21.99000000 7.04171521 0.52972952
22.00000000 7.10450871 0.53135991
22.01000000 7.16781487 0.53302894
22.02000000 7.23163628 0.53473719
22.03000000 7.29597551 0.53648530
22.04000000 7.36083511 0.53827389
22.05000000 7.42621755 0.54010362
22.06000000 7.49212529 0.54197514
22.07000000 7.55856073 0.54388914
22.08000000 7.62552625 0.54584630
22.09000000 7.69302415 0.54784733
22.10000000 7.76105671 0.54989297
22.11000000 7.82962613 0.55198394
22.12000000 7.89873457 0.55412101
22.13000000 7.96838414 0.55630494
22.14000000 8.03857688 0.55853654
22.15000000 8.10931477 0.56081660
22.16000000 8.18059972 0.56314596
22.17000000 8.25243359 0.56552546
22.18000000 8.32481815 0.56795597
22.19000000 8.39775511 0.57043837
22.20000000 8.47124608 0.57297357
22.21000000 8.54529262 0.57556250
22.22000000 8.61989619 0.57820609
22.23000000 8.69505817 0.58090533
22.24000000 8.77077984 0.58366120
22.25000000 8.84706240 0.58647471
22.26000000 8.92390693 0.58934690
22.27000000 9.00131445 0.59227885
22.28000000 9.07928583 0.59527162
22.29000000 9.15782185 0.59832633
22.30000000 9.23692318 0.60144412
22.31000000 9.31659038 0.60462615
22.32000000 9.39682386 0.60787362
22.33000000 9.47762393 0.61118774
22.34000000 9.55899076 0.61456976
22.35000000 9.64092438 0.61802094
22.36000000 9.72342469 0.62154261
22.37000000 9.80649143 0.62513610
22.38000000 9.89012421 0.62880277
22.39000000 9.97432245 0.63254403
22.40000000 10.05908545 0.63636130
22.41000000 10.14441231 0.64025605
22.42000000 10.23030196 0.64422980
22.43000000 10.31675318 0.64828407
22.44000000 10.40376453 0.65242043
22.45000000 10.49133440 0.65664050
22.46000000 10.57946097 0.66094593
22.47000000 10.66814222 0.66533841
22.48000000 10.75737592 0.66981966
22.49000000 10.84715962 0.67439145
22.50000000 10.93749065 0.67905560
22.51000000 11.02836610 0.68381396
22.52000000 11.11978281 0.68866843
22.53000000 11.21173740 0.69362096
22.54000000 11.30422620 0.69867353
22.55000000 11.39724531 0.70382818
22.56000000 11.49079054 0.70908701
22.57000000 11.58485740 0.71445215
22.58000000 11.67944115 0.71992578
22.59000000 11.77453673 0.72551016
22.60000000 11.87013875 0.73120757
22.61000000 11.96624155 0.73702036
22.62000000 12.06283910 0.74295094
22.63000000 12.15992505 0.74900178
22.64000000 12.25749271 0.75517539
22.65000000 12.35553502 0.76147436
22.66000000 12.45404456 0.76790134
22.67000000 12.55301352 0.77445902
22.68000000 12.65243370 0.78115019
22.69000000 12.75229652 0.78797768
22.70000000 12.85259295 0.79494440
22.71000000 12.95331357 0.80205332
22.72000000 13.05444850 0.80930749
22.73000000 13.15598742 0.81671004
22.74000000 13.25791953 0.82426414
22.75000000 13.36023359 0.83197308
22.76000000 13.46291784 0.83984020
22.77000000 13.56596002 0.84786891
22.78000000 13.66934737 0.85606274
22.79000000 13.77306659 0.86442526
22.80000000 13.87710383 0.87296015
22.81000000 13.98144471 0.88167116
22.82000000 14.08607424 0.89056215
22.83000000 14.19097686 0.89963704
22.84000000 14.29613641 0.90889987
22.85000000 14.40153611 0.91835475
22.86000000 14.50715854 0.92800589
22.87000000 14.61298564 0.93785761
22.88000000 14.71899867 0.94791431
22.89000000 14.82517822 0.95818051
22.90000000 14.93150419 0.96866082
22.91000000 15.03795575 0.97935994
22.92000000 15.14451134 0.99028270
22.93000000 15.25114866 1.00143404
22.94000000 15.35784464 1.01281897
22.95000000 15.46457543 1.02444265
22.96000000 15.57131638 1.03631034
22.97000000 15.67804203 1.04842741
22.98000000 15.78472609 1.06079935
22.99000000 15.89134140 1.07343176
23.00000000 15.99785995 1.08633036
23.01000000 16.10425285 1.09950100
23.02000000 16.21049029 1.11294965
23.03000000 16.31654156 1.12668237
23.04000000 16.42237502 1.14070540
23.05000000 16.52795805 1.15502505
23.06000000 16.63325710 1.16964778
23.07000000 16.73823761 1.18458018
23.08000000 16.84286403 1.19982897
23.09000000 16.94709981 1.21540096
23.10000000 17.05090736 1.23130314
23.11000000 17.15424804 1.24754260
23.12000000 17.25708217 1.26412654
23.13000000 17.35936899 1.28106233
23.14000000 17.46106669 1.29835742
23.15000000 17.56213233 1.31601943
23.16000000 17.66252188 1.33405608
23.17000000 17.76219022 1.35247521
23.18000000 17.86109109 1.37128480
23.19000000 17.95917710 1.39049293
23.20000000 18.05639975 1.41010783
23.21000000 18.15270939 1.43013781
23.22000000 18.24805523 1.45059131
23.23000000 18.34238535 1.47147688
23.24000000 18.43564666 1.49280319
23.25000000 18.52778498 1.51457898
23.26000000 18.61874495 1.53681311
23.27000000 18.70847010 1.55951453
23.28000000 18.79690286 1.58269228
23.29000000 18.88398451 1.60635547
23.30000000 18.96965527 1.63051330
23.31000000 19.05385426 1.65517501
23.32000000 19.13651954 1.68034994
23.33000000 19.21758813 1.70604744
23.34000000 19.29699604 1.73227694
23.35000000 19.37467829 1.75904786
23.36000000 19.45056893 1.78636968
23.37000000 19.52460111 1.81425188
23.38000000 19.59670708 1.84270391
23.39000000 19.66681824 1.87173525
23.40000000 19.73486521 1.90135532
23.41000000 19.80077785 1.93157351
23.42000000 19.86448534 1.96239915
23.43000000 19.92591621 1.99384149
23.44000000 19.98499845 2.02590969
23.45000000 20.04165951 2.05861281
23.46000000 20.09582644 2.09195977
23.47000000 20.14742592 2.12595935
23.48000000 20.19638438 2.16062015
23.49000000 20.24262805 2.19595059
23.50000000 20.28608309 2.23195887
23.51000000 20.32667565 2.26865294
23.52000000 20.36433203 2.30604051
23.53000000 20.39897871 2.34412898
23.54000000 20.43054254 2.38292546
23.55000000 20.45895082 2.42243669
23.56000000 20.48413142 2.46266906
23.57000000 20.50601295 2.50362854
23.58000000 20.52452483 2.54532068
23.59000000 20.53959750 2.58775058
23.60000000 20.55116252 2.63092283
23.61000000 20.55915274 2.67484151
23.62000000 20.56350243 2.71951013
23.63000000 20.56414748 2.76493161
23.64000000 20.56102551 2.81110826
23.65000000 20.55407608 2.85804172
23.66000000 20.54324084 2.90573294
23.67000000 20.52846370 2.95418215
23.68000000 20.50969101 3.00338881
23.69000000 20.48687173 3.05335161
23.70000000 20.45995761 3.10406839
23.71000000 20.42890336 3.15553613
23.72000000 20.39366684 3.20775093
23.73000000 20.35420923 3.26070796
23.74000000 20.31049521 3.31440144
23.75000000 20.26249312 3.36882460
23.76000000 20.21017516 3.42396965
23.77000000 20.15351752 3.47982778
23.78000000 20.09250055 3.53638909
23.79000000 20.02710896 3.59364262
23.80000000 19.95733192 3.65157628
23.81000000 19.88316322 3.71017686
23.82000000 19.80460142 3.76942999
23.83000000 19.72164996 3.82932017
23.84000000 19.63431729 3.88983069
23.85000000 19.54261696 3.95094371
23.86000000 19.44656776 4.01264015
23.87000000 19.34619374 4.07489980
23.88000000 19.24152432 4.13770122
23.89000000 19.13259437 4.20102182
23.90000000 19.01944418 4.26483782
23.91000000 18.90211956 4.32912431
23.92000000 18.78067183 4.39385520
23.93000000 18.65515777 4.45900332
23.94000000 18.52563968 4.52454039
23.95000000 18.39218528 4.59043705
23.96000000 18.25486767 4.65666293
23.97000000 18.11376526 4.72318666
23.98000000 17.96896168 4.78997590
23.99000000 17.82054569 4.85699741
24.00000000 17.66861099 4.92421710
24.01000000 17.51325616 4.99160006
24.02000000 17.35458444 5.05911064
24.03000000 17.19270356 5.12671248
24.04000000 17.02772558 5.19436861
24.05000000 16.85976663 5.26204150
24.06000000 16.68894674 5.32969311
24.07000000 16.51538954 5.39728500
24.08000000 16.33922208 5.46477838
24.09000000 16.16057448 5.53213417
24.10000000 15.97957976 5.59931313
24.11000000 15.79637345 5.66627588
24.12000000 15.61109338 5.73298301
24.13000000 15.42387933 5.79939518
24.14000000 15.23487275 5.86547315
24.15000000 15.04421643 5.93117790
24.16000000 14.85205421 5.99647072
24.17000000 14.65853063 6.06131324
24.18000000 14.46379067 6.12566755
24.19000000 14.26797938 6.18949628
24.20000000 14.07124159 6.25276264
24.21000000 13.87372161 6.31543053
24.22000000 13.67556292 6.37746459
24.23000000 13.47690788 6.43883028
24.24000000 13.27789743 6.49949392
24.25000000 13.07867082 6.55942281
24.26000000 12.87936535 6.61858520
24.27000000 12.68011608 6.67695044
24.28000000 12.48105562 6.73448894
24.29000000 12.28231388 6.79117231
24.30000000 12.08401787 6.84697331
24.31000000 11.88629144 6.90186597
24.32000000 11.68925517 6.95582554
24.33000000 11.49302613 7.00882861
24.34000000 11.29771773 7.06085306
24.35000000 11.10343962 7.11187814
24.36000000 10.91029750 7.16188442
24.37000000 10.71839306 7.21085386
24.38000000 10.52782384 7.25876979
24.39000000 10.33868319 7.30561693
24.40000000 10.15106017 7.35138136
24.41000000 9.96503952 7.39605056
24.42000000 9.78070161 7.43961333
24.43000000 9.59812245 7.48205988
24.44000000 9.41737363 7.52338170
24.45000000 9.23852237 7.56357165
24.46000000 9.06163154 7.60262384
24.47000000 8.88675965 7.64053368
24.48000000 8.71396093 7.67729783
24.49000000 8.54328536 7.71291413
24.50000000 8.37477877 7.74738164
24.51000000 8.20848287 7.78070055
24.52000000 8.04443532 7.81287215
24.53000000 7.88266989 7.84389883
24.54000000 7.72321648 7.87378400
24.55000000 7.56610125 7.90253206
24.56000000 7.41134676 7.93014840
24.57000000 7.25897201 7.95663928
24.58000000 7.10899262 7.98201185
24.59000000 6.96142092 8.00627410
24.60000000 6.81626607 8.02943480
24.61000000 6.67353421 8.05150344
24.62000000 6.53322855 8.07249025
24.63000000 6.39534954 8.09240610
24.64000000 6.25989495 8.11126246
24.65000000 6.12686003 8.12907141
24.66000000 5.99623764 8.14584554
24.67000000 5.86801835 8.16159794
24.68000000 5.74219059 8.17634216
24.69000000 5.61874076 8.19009215
24.70000000 5.49765338 8.20286227
24.71000000 5.37891114 8.21466719
24.72000000 5.26249512 8.22552191
24.73000000 5.14838481 8.23544168
24.74000000 5.03655826 8.24444202
24.75000000 4.92699222 8.25253864
24.76000000 4.81966218 8.25974742
24.77000000 4.71454253 8.26608441
24.78000000 4.61160662 8.27156577
24.79000000 4.51082688 8.27620773
24.80000000 4.41217489 8.28002663
24.81000000 4.31562149 8.28303883
24.82000000 4.22113683 8.28526070
24.83000000 4.12869051 8.28670864
24.84000000 4.03825159 8.28739899
24.85000000 3.94978871 8.28734808
24.86000000 3.86327012 8.28657216
24.87000000 3.77866380 8.28508742
24.88000000 3.69593745 8.28290993
24.89000000 3.61505864 8.28005568
24.90000000 3.53599477 8.27654052
24.91000000 3.45871320 8.27238018
24.92000000 3.38318125 8.26759023
24.93000000 3.30936627 8.26218608
24.94000000 3.23723566 8.25618299
24.95000000 3.16675697 8.24959603
24.96000000 3.09789784 8.24244009
24.97000000 3.03062614 8.23472985
24.98000000 2.96490991 8.22647982
24.99000000 2.90071746 8.21770428
25.00000000 2.83801736 8.20841732
25.01000000 2.77677847 8.19863279
25.02000000 2.71696997 8.18836434
25.03000000 2.65856138 8.17762539
25.04000000 2.60152259 8.16642914
25.05000000 2.54582383 8.15478854
25.06000000 2.49143575 8.14271634
25.07000000 2.43832940 8.13022505
25.08000000 2.38647622 8.11732693
25.09000000 2.33584811 8.10403402
25.10000000 2.28641738 8.09035814
25.11000000 2.23815680 8.07631085
25.12000000 2.19103958 8.06190349
25.13000000 2.14503938 8.04714719
25.14000000 2.10013032 8.03205280
25.15000000 2.05628699 8.01663099
25.16000000 2.01348444 8.00089218
25.17000000 1.97169819 7.98484656
25.18000000 1.93090421 7.96850411
25.19000000 1.89107896 7.95187458
25.20000000 1.85219935 7.93496750
25.21000000 1.81424275 7.91779219
25.22000000 1.77718700 7.90035775
25.23000000 1.74101040 7.88267308
25.24000000 1.70569170 7.86474686
25.25000000 1.67121009 7.84658757
25.26000000 1.63754524 7.82820348
25.27000000 1.60467723 7.80960267
25.28000000 1.57258659 7.79079303
25.29000000 1.54125428 7.77178225
25.30000000 1.51066171 7.75257783
25.31000000 1.48079067 7.73318708
25.32000000 1.45162340 7.71361715
25.33000000 1.42314253 7.69387497
25.34000000 1.39533110 7.67396734
25.35000000 1.36817255 7.65390086
25.36000000 1.34165071 7.63368196
25.37000000 1.31574979 7.61331693
25.38000000 1.29045437 7.59281188
25.39000000 1.26574942 7.57217275
25.40000000 1.24162024 7.55140535
25.41000000 1.21805252 7.53051532
25.42000000 1.19503229 7.50950816
25.43000000 1.17254591 7.48838923
25.44000000 1.15058008 7.46716372
25.45000000 1.12912184 7.44583672
25.46000000 1.10815854 7.42441317
25.47000000 1.08767786 7.40289785
25.48000000 1.06766776 7.38129546
25.49000000 1.04811652 7.35961052
25.50000000 1.02901272 7.33784748
25.51000000 1.01034523 7.31601064
25.52000000 0.99210318 7.29410417
25.53000000 0.97427598 7.27213215
25.54000000 0.95685334 7.25009854
25.55000000 0.93982520 7.22800719
25.56000000 0.92318177 7.20586184
25.57000000 0.90691350 7.18366613
25.58000000 0.89101110 7.16142360
25.59000000 0.87546550 7.13913769
25.60000000 0.86026788 7.11681173
25.61000000 0.84540965 7.09444899
25.62000000 0.83088242 7.07205261
25.63000000 0.81667802 7.04962567
25.64000000 0.80278852 7.02717113
25.65000000 0.78920616 7.00469191
25.66000000 0.77592341 6.98219081
25.67000000 0.76293290 6.95967057
25.68000000 0.75022748 6.93713385
25.69000000 0.73780018 6.91458321
25.70000000 0.72564421 6.89202116
25.71000000 0.71375294 6.86945015
25.72000000 0.70211993 6.84687252
25.73000000 0.69073890 6.82429057
25.74000000 0.67960375 6.80170653
25.75000000 0.66870850 6.77912256
25.76000000 0.65804737 6.75654075
25.77000000 0.64761470 6.73396315
25.78000000 0.63740498 6.71139172
25.79000000 0.62741285 6.68882839
25.80000000 0.61763309 6.66627502
25.81000000 0.60806060 6.64373341
25.82000000 0.59869045 6.62120531
25.83000000 0.58951779 6.59869243
25.84000000 0.58053792 6.57619641
25.85000000 0.57174626 6.55371885
25.86000000 0.56313835 6.53126130
25.87000000 0.55470985 6.50882526
25.88000000 0.54645650 6.48641219
25.89000000 0.53837419 6.46402351
25.90000000 0.53045890 6.44166058
25.91000000 0.52270671 6.41932473
25.92000000 0.51511380 6.39701725
25.93000000 0.50767646 6.37473939
25.94000000 0.50039105 6.35249234
25.95000000 0.49325406 6.33027729
25.96000000 0.48626203 6.30809537
25.97000000 0.47941162 6.28594766
25.98000000 0.47269956 6.26383525
25.99000000 0.46612266 6.24175914
26.00000000 0.45967783 6.21972035
26.01000000 0.45336204 6.19771983
26.02000000 0.44717234 6.17575852
26.03000000 0.44110586 6.15383732
26.04000000 0.43515980 6.13195709
26.05000000 0.42933143 6.11011870
26.06000000 0.42361809 6.08832294
26.07000000 0.41801718 6.06657062
26.08000000 0.41252619 6.04486249
26.09000000 0.40714264 6.02319929
26.10000000 0.40186412 6.00158173
26.11000000 0.39668831 5.98001050
26.12000000 0.39161291 5.95848627
26.13000000 0.38663570 5.93700966
26.14000000 0.38175450 5.91558131
26.15000000 0.37696721 5.89420181
26.16000000 0.37227174 5.87287173
26.17000000 0.36766609 5.85159162
26.18000000 0.36314829 5.83036203
26.19000000 0.35871643 5.80918347
26.20000000 0.35436864 5.78805642
26.21000000 0.35010310 5.76698138
26.22000000 0.34591802 5.74595880
26.23000000 0.34181168 5.72498912
26.24000000 0.33778237 5.70407276
26.25000000 0.33382846 5.68321014
26.26000000 0.32994833 5.66240164
26.27000000 0.32614041 5.64164765
26.28000000 0.32240316 5.62094852
26.29000000 0.31873509 5.60030460
26.30000000 0.31513474 5.57971622
26.31000000 0.31160069 5.55918370
26.32000000 0.30813154 5.53870734
26.33000000 0.30472593 5.51828743
26.34000000 0.30138255 5.49792426
26.35000000 0.29810009 5.47761808
26.36000000 0.29487731 5.45736915
26.37000000 0.29171296 5.43717772
26.38000000 0.28860584 5.41704400
26.39000000 0.28555477 5.39696822
26.40000000 0.28255862 5.37695058
26.41000000 0.27961626 5.35699128
26.42000000 0.27672661 5.33709051
26.43000000 0.27388858 5.31724844
26.44000000 0.27110114 5.29746525
26.45000000 0.26836328 5.27774107
26.46000000 0.26567399 5.25807607
26.47000000 0.26303231 5.23847038
26.48000000 0.26043729 5.21892412
26.49000000 0.25788801 5.19943743
26.50000000 0.25538355 5.18001040
26.51000000 0.25292304 5.16064316
26.52000000 0.25050561 5.14133578
26.53000000 0.24813042 5.12208836
26.54000000 0.24579664 5.10290099
26.55000000 0.24350347 5.08377373
26.56000000 0.24125012 5.06470665
26.57000000 0.23903583 5.04569982
26.58000000 0.23685984 5.02675328
26.59000000 0.23472142 5.00786708
26.60000000 0.23261985 4.98904126
26.61000000 0.23055442 4.97027586
26.62000000 0.22852447 4.95157090
26.63000000 0.22652930 4.93292641
26.64000000 0.22456827 4.91434240
26.65000000 0.22264075 4.89581888
26.66000000 0.22074609 4.87735587
26.67000000 0.21888370 4.85895335
26.68000000 0.21705297 4.84061133
26.69000000 0.21525332 4.82232979
26.70000000 0.21348418 4.80410873
26.71000000 0.21174498 4.78594812
26.72000000 0.21003518 4.76784794
26.73000000 0.20835425 4.74980816
26.74000000 0.20670166 4.73182875
26.75000000 0.20507690 4.71390967
26.76000000 0.20347948 4.69605088
26.77000000 0.20190889 4.67825235
26.78000000 0.20036467 4.66051401
26.79000000 0.19884634 4.64283582
26.80000000 0.19735345 4.62521773
26.81000000 0.19588555 4.60765966
26.82000000 0.19444220 4.59016157
26.83000000 0.19302297 4.57272339
26.84000000 0.19162744 4.55534505
26.85000000 0.19025520 4.53802646
26.86000000 0.18890586 4.52076757
26.87000000 0.18757901 4.50356830
26.88000000 0.18627427 4.48642855
26.89000000 0.18499127 4.46934825
26.90000000 0.18372963 4.45232732
26.91000000 0.18248900 4.43536565
26.92000000 0.18126903 4.41846317
26.93000000 0.18006936 4.40161978
26.94000000 0.17888967 4.38483537
26.95000000 0.17772961 4.36810986
26.96000000 0.17658887 4.35144315
26.97000000 0.17546713 4.33483512
26.98000000 0.17436408 4.31828567
26.99000000 0.17327941 4.30179470
27.00000000 0.17221283 4.28536210
27.01000000 0.17116404 4.26898776
27.02000000 0.17013277 4.25267156
27.03000000 0.16911872 4.23641338
27.04000000 0.16812163 4.22021312
27.05000000 0.16714124 4.20407066
27.06000000 0.16617727 4.18798587
27.07000000 0.16522947 4.17195863
27.08000000 0.16429759 4.15598882
27.09000000 0.16338138 4.14007631
27.10000000 0.16248061 4.12422099
27.11000000 0.16159503 4.10842271
27.12000000 0.16072442 4.09268136
27.13000000 0.15986854 4.07699681
27.14000000 0.15902718 4.06136891
27.15000000 0.15820012 4.04579755
27.16000000 0.15738715 4.03028258
27.17000000 0.15658805 4.01482387
27.18000000 0.15580263 3.99942129
27.19000000 0.15503068 3.98407470
27.20000000 0.15427201 3.96878395
27.21000000 0.15352643 3.95354892
27.22000000 0.15279374 3.93836946
27.23000000 0.15207376 3.92324544
27.24000000 0.15136632 3.90817670
27.25000000 0.15067123 3.89316311
27.26000000 0.14998833 3.87820452
27.27000000 0.14931744 3.86330079
27.28000000 0.14865839 3.84845178
27.29000000 0.14801103 3.83365734
27.30000000 0.14737519 3.81891732
27.31000000 0.14675072 3.80423158
27.32000000 0.14613747 3.78959997
27.33000000 0.14553528 3.77502234
27.34000000 0.14494400 3.76049854
27.35000000 0.14436350 3.74602842
27.36000000 0.14379364 3.73161184
27.37000000 0.14323426 3.71724864
27.38000000 0.14268525 3.70293867
27.39000000 0.14214646 3.68868179
27.40000000 0.14161776 3.67447783
27.41000000 0.14109903 3.66032666
27.42000000 0.14059015 3.64622811
27.43000000 0.14009099 3.63218203
27.44000000 0.13960142 3.61818827
27.45000000 0.13912134 3.60424668
27.46000000 0.13865063 3.59035710
27.47000000 0.13818918 3.57651938
27.48000000 0.13773687 3.56273337
27.49000000 0.13729360 3.54899890
27.50000000 0.13685926 3.53531584
27.51000000 0.13643374 3.52168401
27.52000000 0.13601695 3.50810327
27.53000000 0.13560879 3.49457345
27.54000000 0.13520915 3.48109442
27.55000000 0.13481795 3.46766600
27.56000000 0.13443509 3.45428804
27.57000000 0.13406047 3.44096040
27.58000000 0.13369402 3.42768290
27.59000000 0.13333563 3.41445540
27.60000000 0.13298522 3.40127774
27.61000000 0.13264272 3.38814977
27.62000000 0.13230803 3.37507132
27.63000000 0.13198107 3.36204224
27.64000000 0.13166178 3.34906238
27.65000000 0.13135006 3.33613158
27.66000000 0.13104585 3.32324968
27.67000000 0.13074906 3.31041653
27.68000000 0.13045963 3.29763196
27.69000000 0.13017749 3.28489583
27.70000000 0.12990256 3.27220798
27.71000000 0.12963477 3.25956825
27.72000000 0.12937407 3.24697649
27.73000000 0.12912039 3.23443254
27.74000000 0.12887365 3.22193624
27.75000000 0.12863380 3.20948744
27.76000000 0.12840078 3.19708599
27.77000000 0.12817453 3.18473172
27.78000000 0.12795499 3.17242448
27.79000000 0.12774210 3.16016413
27.80000000 0.12753581 3.14795049
27.81000000 0.12733606 3.13578342
27.82000000 0.12714280 3.12366277
27.83000000 0.12695598 3.11158837
27.84000000 0.12677554 3.09956008
27.85000000 0.12660144 3.08757774
27.86000000 0.12643362 3.07564119
27.87000000 0.12627204 3.06375029
27.88000000 0.12611666 3.05190487
27.89000000 0.12596743 3.04010479
27.90000000 0.12582430 3.02834989
27.91000000 0.12568723 3.01664002
27.92000000 0.12555618 3.00497502
27.93000000 0.12543111 2.99335475
27.94000000 0.12531197 2.98177906
27.95000000 0.12519873 2.97024778
27.96000000 0.12509136 2.95876076
27.97000000 0.12498981 2.94731787
27.98000000 0.12489405 2.93591894
27.99000000 0.12480404 2.92456383
28.00000000 0.12471974 2.91325237
28.01000000 0.12464114 2.90198444
28.02000000 0.12456819 2.89075986
28.03000000 0.12450086 2.87957850
28.04000000 0.12443912 2.86844020
28.05000000 0.12438294 2.85734482
28.06000000 0.12433229 2.84629221
28.07000000 0.12428715 2.83528221
28.08000000 0.12424749 2.82431468
28.09000000 0.12421327 2.81338947
28.10000000 0.12418449 2.80250643
28.11000000 0.12416110 2.79166542
28.12000000 0.12414309 2.78086629
28.13000000 0.12413044 2.77010890
28.14000000 0.12412312 2.75939308
28.15000000 0.12412111 2.74871871
28.16000000 0.12412438 2.73808563
28.17000000 0.12413293 2.72749370
28.18000000 0.12414673 2.71694278
28.19000000 0.12416575 2.70643271
28.20000000 0.12419000 2.69596336
28.21000000 0.12421944 2.68553458
28.22000000 0.12425405 2.67514623
28.23000000 0.12429384 2.66479816
28.24000000 0.12433877 2.65449023
28.25000000 0.12438884 2.64422230
28.26000000 0.12444403 2.63399423
28.27000000 0.12450432 2.62380587
28.28000000 0.12456972 2.61365709
28.29000000 0.12464019 2.60354773
28.30000000 0.12471574 2.59347767
28.31000000 0.12479636 2.58344676
28.32000000 0.12488202 2.57345486
28.33000000 0.12497273 2.56350183
28.34000000 0.12506848 2.55358753
28.35000000 0.12516925 2.54371183
28.36000000 0.12527504 2.53387458
28.37000000 0.12538585 2.52407565
28.38000000 0.12550166 2.51431490
28.39000000 0.12562248 2.50459219
28.40000000 0.12574829 2.49490738
28.41000000 0.12587910 2.48526034
28.42000000 0.12601489 2.47565094
28.43000000 0.12615567 2.46607903
28.44000000 0.12630144 2.45654448
28.45000000 0.12645218 2.44704716
28.46000000 0.12660791 2.43758693
28.47000000 0.12676861 2.42816365
28.48000000 0.12693430 2.41877720
28.49000000 0.12710496 2.40942744
28.50000000 0.12728061 2.40011424
28.51000000 0.12746123 2.39083746
28.52000000 0.12764684 2.38159697
28.53000000 0.12783744 2.37239265
28.54000000 0.12803302 2.36322435
28.55000000 0.12823360 2.35409195
28.56000000 0.12843917 2.34499532
28.57000000 0.12864975 2.33593432
28.58000000 0.12886533 2.32690884
28.59000000 0.12908592 2.31791873
28.60000000 0.12931154 2.30896386
28.61000000 0.12954217 2.30004412
28.62000000 0.12977784 2.29115937
28.63000000 0.13001856 2.28230949
28.64000000 0.13026432 2.27349434
28.65000000 0.13051513 2.26471380
28.66000000 0.13077102 2.25596775
28.67000000 0.13103198 2.24725605
28.68000000 0.13129802 2.23857858
28.69000000 0.13156917 2.22993522
28.70000000 0.13184542 2.22132584
28.71000000 0.13212680 2.21275032
28.72000000 0.13241331 2.20420852
28.73000000 0.13270496 2.19570034
28.74000000 0.13300178 2.18722564
28.75000000 0.13330377 2.17878430
28.76000000 0.13361095 2.17037620
28.77000000 0.13392333 2.16200122
28.78000000 0.13424093 2.15365924
28.79000000 0.13456376 2.14535013
28.80000000 0.13489184 2.13707377
28.81000000 0.13522519 2.12883005
28.82000000 0.13556383 2.12061883
28.83000000 0.13590777 2.11244001
28.84000000 0.13625703 2.10429347
28.85000000 0.13661163 2.09617908
28.86000000 0.13697160 2.08809672
28.87000000 0.13733694 2.08004628
28.88000000 0.13770768 2.07202765
28.89000000 0.13808384 2.06404069
28.90000000 0.13846544 2.05608530
28.91000000 0.13885251 2.04816136
28.92000000 0.13924507 2.04026876
28.93000000 0.13964313 2.03240737
28.94000000 0.14004673 2.02457708
28.95000000 0.14045589 2.01677779
28.96000000 0.14087062 2.00900936
28.97000000 0.14129096 2.00127169
28.98000000 0.14171694 1.99356467
28.99000000 0.14214857 1.98588818
29.00000000 0.14258589 1.97824211
29.01000000 0.14302891 1.97062635
29.02000000 0.14347768 1.96304078
29.03000000 0.14393221 1.95548529
29.04000000 0.14439254 1.94795977
29.05000000 0.14485869 1.94046411
29.06000000 0.14533070 1.93299821
29.07000000 0.14580858 1.92556194
29.08000000 0.14629239 1.91815520
29.09000000 0.14678214 1.91077789
29.10000000 0.14727786 1.90342988
29.11000000 0.14777959 1.89611108
29.12000000 0.14828737 1.88882137
29.13000000 0.14880122 1.88156065
29.14000000 0.14932118 1.87432880
29.15000000 0.14984728 1.86712573
29.16000000 0.15037956 1.85995133
29.17000000 0.15091806 1.85280549
29.18000000 0.15146280 1.84568809
29.19000000 0.15201382 1.83859905
29.20000000 0.15257117 1.83153825
29.21000000 0.15313488 1.82450559
29.22000000 0.15370499 1.81750096
29.23000000 0.15428153 1.81052427
29.24000000 0.15486455 1.80357540
29.25000000 0.15545409 1.79665425
29.26000000 0.15605018 1.78976072
29.27000000 0.15665287 1.78289471
29.28000000 0.15726219 1.77605612
29.29000000 0.15787820 1.76924484
29.30000000 0.15850092 1.76246078
29.31000000 0.15913042 1.75570383
29.32000000 0.15976672 1.74897389
29.33000000 0.16040988 1.74227086
29.34000000 0.16105993 1.73559464
29.35000000 0.16171693 1.72894514
29.36000000 0.16238092 1.72232225
29.37000000 0.16305195 1.71572587
29.38000000 0.16373006 1.70915591
29.39000000 0.16441531 1.70261227
29.40000000 0.16510773 1.69609485
29.41000000 0.16580739 1.68960356
29.42000000 0.16651432 1.68313829
29.43000000 0.16722859 1.67669895
29.44000000 0.16795023 1.67028545
29.45000000 0.16867931 1.66389769
29.46000000 0.16941587 1.65753557
29.47000000 0.17015997 1.65119900
29.48000000 0.17091167 1.64488788
29.49000000 0.17167101 1.63860212
29.50000000 0.17243804 1.63234163
29.51000000 0.17321284 1.62610631
29.52000000 0.17399545 1.61989608
29.53000000 0.17478592 1.61371082
29.54000000 0.17558432 1.60755047
29.55000000 0.17639071 1.60141491
29.56000000 0.17720514 1.59530407
29.57000000 0.17802767 1.58921784
29.58000000 0.17885837 1.58315614
29.59000000 0.17969729 1.57711888
29.60000000 0.18054450 1.57110597
29.61000000 0.18140006 1.56511731
29.62000000 0.18226402 1.55915283
29.63000000 0.18313647 1.55321242
29.64000000 0.18401745 1.54729600
29.65000000 0.18490704 1.54140348
29.66000000 0.18580530 1.53553477
29.67000000 0.18671229 1.52968979
29.68000000 0.18762809 1.52386845
29.69000000 0.18855277 1.51807066
29.70000000 0.18948639 1.51229633
29.71000000 0.19042902 1.50654538
29.72000000 0.19138073 1.50081772
29.73000000 0.19234160 1.49511326
29.74000000 0.19331169 1.48943193
29.75000000 0.19429108 1.48377363
29.76000000 0.19527984 1.47813828
29.77000000 0.19627806 1.47252579
29.78000000 0.19728579 1.46693609
29.79000000 0.19830312 1.46136909
29.80000000 0.19933013 1.45582470
29.81000000 0.20036690 1.45030284
29.82000000 0.20141349 1.44480343
29.83000000 0.20247000 1.43932639
29.84000000 0.20353649 1.43387164
29.85000000 0.20461306 1.42843908
29.86000000 0.20569979 1.42302865
29.87000000 0.20679675 1.41764026
29.88000000 0.20790404 1.41227383
29.89000000 0.20902173 1.40692928
29.90000000 0.21014992 1.40160653
29.91000000 0.21128868 1.39630549
29.92000000 0.21243811 1.39102610
29.93000000 0.21359829 1.38576827
29.94000000 0.21476932 1.38053193
29.95000000 0.21595128 1.37531698
29.96000000 0.21714427 1.37012337
29.97000000 0.21834837 1.36495100
29.98000000 0.21956368 1.35979980
29.99000000 0.22079030 1.35466970
30.00000000 0.22202832 1.34956062
30.01000000 0.22327783 1.34447247
30.02000000 0.22453893 1.33940519
30.03000000 0.22581173 1.33435870
30.04000000 0.22709632 1.32933293
30.05000000 0.22839279 1.32432779
30.06000000 0.22970126 1.31934321
30.07000000 0.23102181 1.31437913
30.08000000 0.23235457 1.30943546
30.09000000 0.23369962 1.30451212
30.10000000 0.23505708 1.29960906
30.11000000 0.23642706 1.29472619
30.12000000 0.23780965 1.28986344
30.13000000 0.23920497 1.28502074
30.14000000 0.24061313 1.28019802
30.15000000 0.24203423 1.27539520
30.16000000 0.24346840 1.27061221
30.17000000 0.24491575 1.26584899
30.18000000 0.24637638 1.26110545
30.19000000 0.24785041 1.25638153
30.20000000 0.24933797 1.25167716
30.21000000 0.25083916 1.24699227
30.22000000 0.25235411 1.24232679
30.23000000 0.25388294 1.23768065
30.24000000 0.25542577 1.23305378
30.25000000 0.25698272 1.22844610
30.26000000 0.25855392 1.22385756
30.27000000 0.26013948 1.21928809
30.28000000 0.26173955 1.21473761
30.29000000 0.26335424 1.21020605
30.30000000 0.26498368 1.20569336
30.31000000 0.26662801 1.20119946
30.32000000 0.26828735 1.19672429
30.33000000 0.26996185 1.19226778
30.34000000 0.27165163 1.18782986
30.35000000 0.27335682 1.18341047
30.36000000 0.27507757 1.17900954
30.37000000 0.27681402 1.17462701
30.38000000 0.27856630 1.17026281
30.39000000 0.28033456 1.16591688
30.40000000 0.28211894 1.16158915
30.41000000 0.28391958 1.15727955
30.42000000 0.28573662 1.15298804
30.43000000 0.28757022 1.14871453
30.44000000 0.28942053 1.14445897
30.45000000 0.29128769 1.14022130
30.46000000 0.29317185 1.13600145
30.47000000 0.29507317 1.13179935
30.48000000 0.29699180 1.12761496
30.49000000 0.29892790 1.12344820
30.50000000 0.30088163 1.11929901
30.51000000 0.30285314 1.11516734
30.52000000 0.30484260 1.11105312
30.53000000 0.30685016 1.10695629
30.54000000 0.30887600 1.10287679
30.55000000 0.31092027 1.09881456
30.56000000 0.31298315 1.09476954
30.57000000 0.31506480 1.09074167
30.58000000 0.31716540 1.08673089
30.59000000 0.31928511 1.08273715
30.60000000 0.32142411 1.07876038
30.61000000 0.32358258 1.07480053
30.62000000 0.32576070 1.07085753
30.63000000 0.32795863 1.06693133
30.64000000 0.33017657 1.06302188
30.65000000 0.33241470 1.05912911
30.66000000 0.33467320 1.05525297
30.67000000 0.33695225 1.05139340
30.68000000 0.33925205 1.04755034
30.69000000 0.34157279 1.04372374
30.70000000 0.34391466 1.03991355
30.71000000 0.34627785 1.03611970
30.72000000 0.34866255 1.03234214
30.73000000 0.35106898 1.02858082
30.74000000 0.35349732 1.02483568
30.75000000 0.35594777 1.02110667
30.76000000 0.35842055 1.01739373
30.77000000 0.36091585 1.01369681
30.78000000 0.36343389 1.01001586
30.79000000 0.36597488 1.00635081
30.80000000 0.36853902 1.00270163
30.81000000 0.37112653 0.99906825
30.82000000 0.37373763 0.99545063
30.83000000 0.37637253 0.99184871
30.84000000 0.37903146 0.98826243
30.85000000 0.38171464 0.98469175
30.86000000 0.38442229 0.98113662
30.87000000 0.38715464 0.97759699
30.88000000 0.38991192 0.97407279
30.89000000 0.39269436 0.97056399
30.90000000 0.39550219 0.96707053
30.91000000 0.39833566 0.96359237
30.92000000 0.40119499 0.96012944
30.93000000 0.40408044 0.95668171
30.94000000 0.40699223 0.95324913
30.95000000 0.40993063 0.94983163
30.96000000 0.41289587 0.94642919
30.97000000 0.41588821 0.94304174
30.98000000 0.41890789 0.93966924
30.99000000 0.42195519 0.93631164
31.00000000 0.42503034 0.93296889
31.01000000 0.42813362 0.92964095
31.02000000 0.43126529 0.92632777
31.03000000 0.43442560 0.92302930
31.04000000 0.43761484 0.91974550
31.05000000 0.44083326 0.91647631
31.06000000 0.44408116 0.91322170
31.07000000 0.44735879 0.90998161
31.08000000 0.45066644 0.90675600
31.09000000 0.45400439 0.90354484
31.10000000 0.45737292 0.90034806
31.11000000 0.46077233 0.89716563
31.12000000 0.46420290 0.89399750
31.13000000 0.46766492 0.89084362
31.14000000 0.47115869 0.88770396
31.15000000 0.47468452 0.88457848
31.16000000 0.47824269 0.88146711
31.17000000 0.48183351 0.87836984
31.18000000 0.48545730 0.87528660
31.19000000 0.48911437 0.87221736
31.20000000 0.49280501 0.86916207
31.21000000 0.49652956 0.86612070
31.22000000 0.50028833 0.86309320
31.23000000 0.50408165 0.86007953
31.24000000 0.50790984 0.85707965
31.25000000 0.51177322 0.85409352
31.26000000 0.51567214 0.85112110
31.27000000 0.51960693 0.84816234
31.28000000 0.52357792 0.84521721
31.29000000 0.52758546 0.84228566
31.30000000 0.53162989 0.83936766
31.31000000 0.53571157 0.83646317
31.32000000 0.53983084 0.83357215
31.33000000 0.54398806 0.83069456
31.34000000 0.54818360 0.82783036
31.35000000 0.55241780 0.82497951
31.36000000 0.55669104 0.82214197
31.37000000 0.56100370 0.81931772
31.38000000 0.56535613 0.81650670
31.39000000 0.56974872 0.81370889
31.40000000 0.57418185 0.81092424
31.41000000 0.57865591 0.80815272
31.42000000 0.58317127 0.80539429
31.43000000 0.58772834 0.80264892
31.44000000 0.59232751 0.79991656
31.45000000 0.59696918 0.79719720
31.46000000 0.60165375 0.79449078
31.47000000 0.60638163 0.79179727
31.48000000 0.61115323 0.78911665
31.49000000 0.61596897 0.78644887
31.50000000 0.62082927 0.78379391
31.51000000 0.62573454 0.78115171
31.52000000 0.63068522 0.77852227
31.53000000 0.63568174 0.77590553
31.54000000 0.64072453 0.77330147
31.55000000 0.64581404 0.77071005
31.56000000 0.65095071 0.76813125
31.57000000 0.65613498 0.76556502
31.58000000 0.66136732 0.76301135
31.59000000 0.66664817 0.76047018
31.60000000 0.67197800 0.75794151
31.61000000 0.67735728 0.75542528
31.62000000 0.68278648 0.75292148
31.63000000 0.68826607 0.75043007
31.64000000 0.69379653 0.74795102
31.65000000 0.69937835 0.74548430
31.66000000 0.70501201 0.74302989
31.67000000 0.71069802 0.74058774
31.68000000 0.71643686 0.73815784
31.69000000 0.72222905 0.73574016
31.70000000 0.72807509 0.73333466
31.71000000 0.73397549 0.73094132
31.72000000 0.73993078 0.72856011
31.73000000 0.74594147 0.72619100
31.74000000 0.75200810 0.72383396
31.75000000 0.75813120 0.72148897
31.76000000 0.76431130 0.71915601
31.77000000 0.77054896 0.71683503
31.78000000 0.77684471 0.71452603
31.79000000 0.78319912 0.71222897
31.80000000 0.78961274 0.70994382
31.81000000 0.79608614 0.70767057
31.82000000 0.80261989 0.70540919
31.83000000 0.80921457 0.70315964
31.84000000 0.81587075 0.70092191
31.85000000 0.82258903 0.69869598
31.86000000 0.82936999 0.69648182
31.87000000 0.83621424 0.69427940
31.88000000 0.84312238 0.69208871
31.89000000 0.85009501 0.68990971
31.90000000 0.85713276 0.68774240
31.91000000 0.86423625 0.68558674
31.92000000 0.87140610 0.68344272
31.93000000 0.87864295 0.68131030
31.94000000 0.88594743 0.67918948
31.95000000 0.89332020 0.67708023
31.96000000 0.90076190 0.67498253
31.97000000 0.90827319 0.67289636
31.98000000 0.91585474 0.67082170
31.99000000 0.92350722 0.66875853
32.00000000 0.93123130 0.66670684
32.01000000 0.93902767 0.66466659
32.02000000 0.94689702 0.66263778
32.03000000 0.95484004 0.66062038
32.04000000 0.96285744 0.65861438
32.05000000 0.97094993 0.65661976
32.06000000 0.97911822 0.65463651
32.07000000 0.98736304 0.65266460
32.08000000 0.99568511 0.65070402
32.09000000 1.00408519 0.64875475
32.10000000 1.01256400 0.64681679
32.11000000 1.02112230 0.64489010
32.12000000 1.02976085 0.64297468
32.13000000 1.03848041 0.64107052
32.14000000 1.04728176 0.63917759
32.15000000 1.05616568 0.63729589
32.16000000 1.06513295 0.63542540
32.17000000 1.07418437 0.63356611
32.18000000 1.08332074 0.63171800
32.19000000 1.09254287 0.62988107
32.20000000 1.10185158 0.62805530
32.21000000 1.11124769 0.62624067
32.22000000 1.12073204 0.62443718
32.23000000 1.13030547 0.62264482
32.24000000 1.13996882 0.62086358
32.25000000 1.14972295 0.61909344
32.26000000 1.15956872 0.61733440
32.27000000 1.16950702 0.61558645
32.28000000 1.17953871 0.61384957
32.29000000 1.18966469 0.61212377
32.30000000 1.19988586 0.61040902
32.31000000 1.21020311 0.60870533
32.32000000 1.22061738 0.60701269
32.33000000 1.23112956 0.60533109
32.34000000 1.24174061 0.60366052
32.35000000 1.25245145 0.60200098
32.36000000 1.26326304 0.60035247
32.37000000 1.27417634 0.59871497
32.38000000 1.28519230 0.59708848
32.39000000 1.29631191 0.59547301
32.40000000 1.30753614 0.59386853
32.41000000 1.31886600 0.59227507
32.42000000 1.33030248 0.59069260
32.43000000 1.34184659 0.58912112
32.44000000 1.35349936 0.58756065
32.45000000 1.36526182 0.58601116
32.46000000 1.37713500 0.58447268
32.47000000 1.38911996 0.58294518
32.48000000 1.40121775 0.58142868
32.49000000 1.41342944 0.57992317
32.50000000 1.42575611 0.57842865
32.51000000 1.43819885 0.57694513
32.52000000 1.45075876 0.57547261
32.53000000 1.46343694 0.57401110
32.54000000 1.47623451 0.57256059
32.55000000 1.48915261 0.57112108
32.56000000 1.50219236 0.56969259
32.57000000 1.51535492 0.56827512
32.58000000 1.52864145 0.56686867
32.59000000 1.54205311 0.56547325
32.60000000 1.55559110 0.56408886
32.61000000 1.56925658 0.56271552
32.62000000 1.58305078 0.56135323
32.63000000 1.59697490 0.56000200
32.64000000 1.61103017 0.55866184
32.65000000 1.62521781 0.55733275
32.66000000 1.63953908 0.55601475
32.67000000 1.65399523 0.55470785
32.68000000 1.66858753 0.55341206
32.69000000 1.68331725 0.55212739
32.70000000 1.69818569 0.55085386
32.71000000 1.71319415 0.54959147
32.72000000 1.72834395 0.54834025
32.73000000 1.74363640 0.54710020
32.74000000 1.75907285 0.54587134
32.75000000 1.77465463 0.54465369
32.76000000 1.79038313 0.54344726
32.77000000 1.80625969 0.54225207
32.78000000 1.82228572 0.54106814
32.79000000 1.83846260 0.53989549
32.80000000 1.85479174 0.53873414
32.81000000 1.87127458 0.53758411
32.82000000 1.88791253 0.53644541
32.83000000 1.90470704 0.53531808
32.84000000 1.92165958 0.53420212
32.85000000 1.93877161 0.53309758
32.86000000 1.95604461 0.53200446
32.87000000 1.97348009 0.53092280
32.88000000 1.99107956 0.52985262
32.89000000 2.00884452 0.52879394
32.90000000 2.02677653 0.52774680
32.91000000 2.04487713 0.52671123
32.92000000 2.06314787 0.52568724
32.93000000 2.08159034 0.52467488
32.94000000 2.10020613 0.52367417
32.95000000 2.11899682 0.52268515
32.96000000 2.13796405 0.52170784
32.97000000 2.15710944 0.52074228
32.98000000 2.17643462 0.51978851
32.99000000 2.19594127 0.51884656
33.00000000 2.21563104 0.51791646
33.01000000 2.23550562 0.51699826
33.02000000 2.25556671 0.51609199
33.03000000 2.27581602 0.51519770
33.04000000 2.29625528 0.51431541
33.05000000 2.31688622 0.51344519
33.06000000 2.33771061 0.51258706
33.07000000 2.35873021 0.51174107
33.08000000 2.37994680 0.51090726
33.09000000 2.40136218 0.51008569
33.10000000 2.42297817 0.50927639
33.11000000 2.44479659 0.50847942
33.12000000 2.46681928 0.50769483
33.13000000 2.48904810 0.50692266
33.14000000 2.51148493 0.50616298
33.15000000 2.53413164 0.50541582
33.16000000 2.55699014 0.50468125
33.17000000 2.58006234 0.50395932
33.18000000 2.60335018 0.50325009
33.19000000 2.62685561 0.50255361
33.20000000 2.65058058 0.50186995
33.21000000 2.67452707 0.50119916
33.22000000 2.69869707 0.50054132
33.23000000 2.72309260 0.49989647
33.24000000 2.74771567 0.49926470
33.25000000 2.77256833 0.49864605
33.26000000 2.79765262 0.49804061
33.27000000 2.82297062 0.49744844
33.28000000 2.84852441 0.49686961
33.29000000 2.87431610 0.49630420
33.30000000 2.90034779 0.49575227
33.31000000 2.92662163 0.49521391
33.32000000 2.95313976 0.49468920
33.33000000 2.97990434 0.49417820
33.34000000 3.00691755 0.49368101
33.35000000 3.03418159 0.49319770
33.36000000 3.06169868 0.49272836
33.37000000 3.08947102 0.49227307
33.38000000 3.11750088 0.49183193
33.39000000 3.14579051 0.49140502
33.40000000 3.17434218 0.49099243
33.41000000 3.20315818 0.49059427
33.42000000 3.23224082 0.49021061
33.43000000 3.26159242 0.48984157
33.44000000 3.29121533 0.48948724
33.45000000 3.32111188 0.48914772
33.46000000 3.35128447 0.48882312
33.47000000 3.38173546 0.48851354
33.48000000 3.41246726 0.48821910
33.49000000 3.44348229 0.48793989
33.50000000 3.47478299 0.48767604
33.51000000 3.50637179 0.48742766
33.52000000 3.53825117 0.48719487
33.53000000 3.57042360 0.48697778
33.54000000 3.60289159 0.48677652
33.55000000 3.63565763 0.48659121
33.56000000 3.66872427 0.48642199
33.57000000 3.70209403 0.48626898
33.58000000 3.73576948 0.48613231
33.59000000 3.76975319 0.48601212
33.60000000 3.80404775 0.48590855
33.61000000 3.83865576 0.48582174
33.62000000 3.87357983 0.48575183
33.63000000 3.90882261 0.48569897
33.64000000 3.94438673 0.48566331
33.65000000 3.98027485 0.48564500
33.66000000 4.01648966 0.48564420
33.67000000 4.05303385 0.48566107
33.68000000 4.08991011 0.48569577
33.69000000 4.12712116 0.48574847
33.70000000 4.16466974 0.48581933
33.71000000 4.20255860 0.48590852
33.72000000 4.24079048 0.48601624
33.73000000 4.27936817 0.48614264
33.74000000 4.31829444 0.48628792
33.75000000 4.35757210 0.48645227
33.76000000 4.39720396 0.48663587
33.77000000 4.43719284 0.48683892
33.78000000 4.47754157 0.48706162
33.79000000 4.51825299 0.48730418
33.80000000 4.55932998 0.48756679
33.81000000 4.60077539 0.48784967
33.82000000 4.64259210 0.48815304
33.83000000 4.68478302 0.48847711
33.84000000 4.72735102 0.48882211
33.85000000 4.77029904 0.48918828
33.86000000 4.81362998 0.48957583
33.87000000 4.85734678 0.48998502
33.88000000 4.90145238 0.49041609
33.89000000 4.94594971 0.49086928
33.90000000 4.99084174 0.49134485
33.91000000 5.03613142 0.49184306
33.92000000 5.08182173 0.49236417
33.93000000 5.12791564 0.49290845
33.94000000 5.17441612 0.49347618
33.95000000 5.22132618 0.49406764
33.96000000 5.26864879 0.49468311
33.97000000 5.31638696 0.49532289
33.98000000 5.36454368 0.49598728
33.99000000 5.41312196 0.49667659
34.00000000 5.46212480 0.49739112
34.01000000 5.51155521 0.49813119
34.02000000 5.56141619 0.49889713
34.03000000 5.61171077 0.49968928
34.04000000 5.66244194 0.50050796
34.05000000 5.71361272 0.50135352
34.06000000 5.76522610 0.50222633
34.07000000 5.81728510 0.50312673
34.08000000 5.86979272 0.50405510
34.09000000 5.92275195 0.50501181
34.10000000 5.97616578 0.50599726
34.11000000 6.03003720 0.50701182
34.12000000 6.08436919 0.50805590
34.13000000 6.13916472 0.50912991
34.14000000 6.19442674 0.51023426
34.15000000 6.25015822 0.51136939
34.16000000 6.30636208 0.51253573
34.17000000 6.36304127 0.51373373
34.18000000 6.42019869 0.51496383
34.19000000 6.47783725 0.51622652
34.20000000 6.53595982 0.51752225
34.21000000 6.59456928 0.51885151
34.22000000 6.65366847 0.52021480
34.23000000 6.71326023 0.52161264
34.24000000 6.77334736 0.52304552
34.25000000 6.83393264 0.52451399
34.26000000 6.89501885 0.52601858
34.27000000 6.95660870 0.52755984
34.28000000 7.01870492 0.52913834
34.29000000 7.08131017 0.53075466
34.30000000 7.14442711 0.53240938
34.31000000 7.20805835 0.53410311
34.32000000 7.27220648 0.53583646
34.33000000 7.33687403 0.53761006
34.34000000 7.40206352 0.53942455
34.35000000 7.46777740 0.54128059
34.36000000 7.53401812 0.54317885
34.37000000 7.60078803 0.54512003
34.38000000 7.66808949 0.54710481
34.39000000 7.73592477 0.54913393
34.40000000 7.80429610 0.55120811
34.41000000 7.87320567 0.55332810
34.42000000 7.94265559 0.55549467
34.43000000 8.01264795 0.55770861
34.44000000 8.08318472 0.55997072
34.45000000 8.15426787 0.56228182
34.46000000 8.22589926 0.56464274
34.47000000 8.29808069 0.56705435
34.48000000 8.37081390 0.56951753
34.49000000 8.44410053 0.57203317
34.50000000 8.51794217 0.57460218
34.51000000 8.59234032 0.57722552
34.52000000 8.66729637 0.57990414
34.53000000 8.74281165 0.58263902
34.54000000 8.81888740 0.58543117
34.55000000 8.89552473 0.58828162
34.56000000 8.97272468 0.59119142
34.57000000 9.05048818 0.59416165
34.58000000 9.12881605 0.59719341
34.59000000 9.20770900 0.60028782
34.60000000 9.28716762 0.60344605
34.61000000 9.36719239 0.60666926
34.62000000 9.44778364 0.60995867
34.63000000 9.52894162 0.61331552
34.64000000 9.61066638 0.61674107
34.65000000 9.69295789 0.62023662
34.66000000 9.77581595 0.62380348
34.67000000 9.85924020 0.62744302
34.68000000 9.94323015 0.63115663
34.69000000 10.02778513 0.63494572
34.70000000 10.11290432 0.63881175
34.71000000 10.19858673 0.64275621
34.72000000 10.28483117 0.64678062
34.73000000 10.37163629 0.65088655
34.74000000 10.45900055 0.65507559
34.75000000 10.54692220 0.65934937
34.76000000 10.63539931 0.66370957
34.77000000 10.72442970 0.66815790
34.78000000 10.81401103 0.67269612
34.79000000 10.90414070 0.67732603
34.80000000 10.99481588 0.68204945
34.81000000 11.08603352 0.68686828
34.82000000 11.17779032 0.69178445
34.83000000 11.27008271 0.69679992
34.84000000 11.36290688 0.70191671
34.85000000 11.45625874 0.70713691
34.86000000 11.55013392 0.71246262
34.87000000 11.64452778 0.71789602
34.88000000 11.73943535 0.72343932
34.89000000 11.83485140 0.72909481
34.90000000 11.93077034 0.73486481
34.91000000 12.02718630 0.74075170
34.92000000 12.12409304 0.74675793
34.93000000 12.22148400 0.75288601
34.94000000 12.31935225 0.75913848
34.95000000 12.41769050 0.76551797
34.96000000 12.51649110 0.77202717
34.97000000 12.61574599 0.77866882
34.98000000 12.71544672 0.78544574
34.99000000 12.81558445 0.79236082
35.00000000 12.91614988 0.79941699
35.01000000 13.01713332 0.80661728
35.02000000 13.11852460 0.81396478
35.03000000 13.22031311 0.82146266
35.04000000 13.32248776 0.82911416
35.05000000 13.42503699 0.83692259
35.06000000 13.52794873 0.84489136
35.07000000 13.63121041 0.85302393
35.08000000 13.73480892 0.86132386
35.09000000 13.83873062 0.86979480
35.10000000 13.94296132 0.87844047
35.11000000 14.04748626 0.88726469
35.12000000 14.15229010 0.89627135
35.13000000 14.25735689 0.90546445
35.14000000 14.36267009 0.91484807
35.15000000 14.46821251 0.92442639
35.16000000 14.57396633 0.93420369
35.17000000 14.67991307 0.94418434
35.18000000 14.78603357 0.95437282
35.19000000 14.89230797 0.96477368
35.20000000 14.99871572 0.97539162
35.21000000 15.10523552 0.98623140
35.22000000 15.21184537 0.99729793
35.23000000 15.31852247 1.00859619
35.24000000 15.42524325 1.02013128
35.25000000 15.53198338 1.03190844
35.26000000 15.63871769 1.04393298
35.27000000 15.74542018 1.05621036
35.28000000 15.85206404 1.06874612
35.29000000 15.95862156 1.08154596
35.30000000 16.06506418 1.09461567
35.31000000 16.17136243 1.10796117
35.32000000 16.27748594 1.12158850
35.33000000 16.38340340 1.13550382
35.34000000 16.48908257 1.14971342
35.35000000 16.59449023 1.16422371
35.36000000 16.69959220 1.17904123
35.37000000 16.80435330 1.19417264
35.38000000 16.90873735 1.20962473
35.39000000 17.01270714 1.22540442
35.40000000 17.11622441 1.24151876
35.41000000 17.21924989 1.25797491
35.42000000 17.32174321 1.27478018
35.43000000 17.42366293 1.29194200
35.44000000 17.52496654 1.30946791
35.45000000 17.62561042 1.32736560
35.46000000 17.72554984 1.34564286
35.47000000 17.82473897 1.36430764
35.48000000 17.92313084 1.38336796
35.49000000 18.02067735 1.40283200
35.50000000 18.11732928 1.42270805
35.51000000 18.21303625 1.44300450
35.52000000 18.30774677 1.46372986
35.53000000 18.40140818 1.48489274
35.54000000 18.49396669 1.50650187
35.55000000 18.58536739 1.52856607
35.56000000 18.67555421 1.55109426
35.57000000 18.76446997 1.57409542
35.58000000 18.85205640 1.59757867
35.59000000 18.93825409 1.62155315
35.60000000 19.02300257 1.64602810
35.61000000 19.10624028 1.67101283
35.62000000 19.18790463 1.69651667
35.63000000 19.26793201 1.72254903
35.64000000 19.34625777 1.74911934
35.65000000 19.42281634 1.77623706
35.66000000 19.49754119 1.80391166
35.67000000 19.57036490 1.83215261
35.68000000 19.64121916 1.86096938
35.69000000 19.71003489 1.89037141
35.70000000 19.77674223 1.92036811
35.71000000 19.84127058 1.95096882
35.72000000 19.90354873 1.98218284
35.73000000 19.96350484 2.01401935
35.74000000 20.02106656 2.04648747
35.75000000 20.07616107 2.07959615
35.76000000 20.12871519 2.11335423
35.77000000 20.17865542 2.14777038
35.78000000 20.22590807 2.18285310
35.79000000 20.27039929 2.21861066
35.80000000 20.31205525 2.25505111
35.81000000 20.35080216 2.29218225
35.82000000 20.38656643 2.33001160
35.83000000 20.41927476 2.36854638
35.84000000 20.44885426 2.40779346
35.85000000 20.47523260 2.44775938
35.86000000 20.49833807 2.48845025
35.87000000 20.51809980 2.52987179
35.88000000 20.53444782 2.57202927
35.89000000 20.54731328 2.61492747
35.90000000 20.55662851 2.65857066
35.91000000 20.56232727 2.70296255
35.92000000 20.56434480 2.74810631
35.93000000 20.56261809 2.79400445
35.94000000 20.55708597 2.84065888
35.95000000 20.54768928 2.88807081
35.96000000 20.53437108 2.93624072
35.97000000 20.51707681 2.98516838
35.98000000 20.49575444 3.03485276
35.99000000 20.47035467 3.08529200
36.00000000 20.44083110 3.13648342
36.01000000 20.40714042 3.18842345
36.02000000 20.36924256 3.24110760
36.03000000 20.32710088 3.29453043
36.04000000 20.28068237 3.34868556
36.05000000 20.22995777 3.40356557
36.06000000 20.17490178 3.45916202
36.07000000 20.11549321 3.51546544
36.08000000 20.05171515 3.57246524
36.09000000 19.98355509 3.63014975
36.10000000 19.91100512 3.68850618
36.11000000 19.83406201 3.74752059
36.12000000 19.75272739 3.80717790
36.13000000 19.66700787 3.86746185
36.14000000 19.57691509 3.92835500
36.15000000 19.48246591 3.98983875
36.16000000 19.38368241 4.05189329
36.17000000 19.28059206 4.11449764
36.18000000 19.17322769 4.17762963
36.19000000 19.06162759 4.24126592
36.20000000 18.94583555 4.30538200
36.21000000 18.82590085 4.36995224
36.22000000 18.70187825 4.43494985
36.23000000 18.57382803 4.50034695
36.24000000 18.44181591 4.56611458
36.25000000 18.30591303 4.63222275
36.26000000 18.16619584 4.69864043
36.27000000 18.02274606 4.76533565
36.28000000 17.87565058 4.83227550
36.29000000 17.72500129 4.89942618
36.30000000 17.57089499 4.96675309
36.31000000 17.41343322 5.03422083
36.32000000 17.25272209 5.10179331
36.33000000 17.08887207 5.16943378
36.34000000 16.92199783 5.23710489
36.35000000 16.75221798 5.30476880
36.36000000 16.57965485 5.37238719
36.37000000 16.40443427 5.43992140
36.38000000 16.22668526 5.50733245
36.39000000 16.04653980 5.57458115
36.40000000 15.86413253 5.64162815
36.41000000 15.67960046 5.70843406
36.42000000 15.49308270 5.77495949
36.43000000 15.30472010 5.84116516
36.44000000 15.11465501 5.90701197
36.45000000 14.92303092 5.97246107
36.46000000 14.72999214 6.03747396
36.47000000 14.53568353 6.10201255
36.48000000 14.34025015 6.16603926
36.49000000 14.14383694 6.22951709
36.50000000 13.94658845 6.29240967
36.51000000 13.74864849 6.35468136
36.52000000 13.55015987 6.41629730
36.53000000 13.35126409 6.47722350
36.54000000 13.15210105 6.53742689
36.55000000 12.95280880 6.59687536
36.56000000 12.75352325 6.65553784
36.57000000 12.55437795 6.71338436
36.58000000 12.35550384 6.77038607
36.59000000 12.15702899 6.82651531
36.60000000 11.95907847 6.88174563
36.61000000 11.76177407 6.93605183
36.62000000 11.56523418 6.98941001
36.63000000 11.36957357 7.04179757
36.64000000 11.17490329 7.09319324
36.65000000 10.98133052 7.14357711
36.66000000 10.78895843 7.19293063
36.67000000 10.59788610 7.24123663
36.68000000 10.40820844 7.28847930
36.69000000 10.22001609 7.33464424
36.70000000 10.03339539 7.37971839
36.71000000 9.84842833 7.42369009
36.72000000 9.66519252 7.46654902
36.73000000 9.48376117 7.50828620
36.74000000 9.30420313 7.54889399
36.75000000 9.12658286 7.58836603
36.76000000 8.95096046 7.62669728
36.77000000 8.77739175 7.66388392
36.78000000 8.60592827 7.69992338
36.79000000 8.43661735 7.73481425
36.80000000 8.26950223 7.76855631
36.81000000 8.10462204 7.80115047
36.82000000 7.94201198 7.83259870
36.83000000 7.78170336 7.86290405
36.84000000 7.62372372 7.89207055
36.85000000 7.46809691 7.92010324
36.86000000 7.31484325 7.94700806
36.87000000 7.16397957 7.97279184
36.88000000 7.01551942 7.99746226
36.89000000 6.86947311 8.02102780
36.90000000 6.72584786 8.04349771
36.91000000 6.58464797 8.06488194
36.92000000 6.44587487 8.08519112
36.93000000 6.30952732 8.10443652
36.94000000 6.17560147 8.12263000
36.95000000 6.04409106 8.13978396
36.96000000 5.91498747 8.15591131
36.97000000 5.78827992 8.17102543
36.98000000 5.66395555 8.18514014
36.99000000 5.54199954 8.19826964
37.00000000 5.42239525 8.21042850
37.01000000 5.30512434 8.22163160
37.02000000 5.19016686 8.23189411
37.03000000 5.07750140 8.24123144
37.04000000 4.96710516 8.24965923
37.05000000 4.85895410 8.25719332
37.06000000 4.75302298 8.26384968
37.07000000 4.64928554 8.26964445
37.08000000 4.54771452 8.27459383
37.09000000 4.44828182 8.27871412
37.10000000 4.35095854 8.28202168
37.11000000 4.25571507 8.28453287
37.12000000 4.16252121 8.28626410
37.13000000 4.07134621 8.28723171
37.14000000 3.98215884 8.28745206
37.15000000 3.89492750 8.28694141
37.16000000 3.80962027 8.28571599
37.17000000 3.72620493 8.28379191
37.18000000 3.64464910 8.28118519
37.19000000 3.56492023 8.27791173
37.20000000 3.48698570 8.27398732
37.21000000 3.41081282 8.26942757
37.22000000 3.33636894 8.26424797
37.23000000 3.26362144 8.25846382
37.24000000 3.19253779 8.25209027
37.25000000 3.12308562 8.24514227
37.26000000 3.05523268 8.23763459
37.27000000 2.98894697 8.22958180
37.28000000 2.92419669 8.22099826
37.29000000 2.86095031 8.21189813
37.30000000 2.79917657 8.20229535
37.31000000 2.73884455 8.19220365
37.32000000 2.67992363 8.18163653
37.33000000 2.62238356 8.17060727
37.34000000 2.56619444 8.15912892
37.35000000 2.51132678 8.14721430
37.36000000 2.45775146 8.13487600
37.37000000 2.40543979 8.12212638
37.38000000 2.35436349 8.10897756
37.39000000 2.30449473 8.09544144
37.40000000 2.25580610 8.08152968
37.41000000 2.20827064 8.06725370
37.42000000 2.16186186 8.05262470
37.43000000 2.11655370 8.03765365
37.44000000 2.07232058 8.02235126
37.45000000 2.02913739 8.00672807
37.46000000 1.98697945 7.99079433
37.47000000 1.94582260 7.97456012
37.48000000 1.90564309 7.95803525
37.49000000 1.86641767 7.94122935
37.50000000 1.82812355 7.92415181
37.51000000 1.79073839 7.90681182
37.52000000 1.75424033 7.88921834
37.53000000 1.71860794 7.87138013
37.54000000 1.68382026 7.85330575
37.55000000 1.64985678 7.83500354
37.56000000 1.61669742 7.81648167
37.57000000 1.58432256 7.79774808
37.58000000 1.55271301 7.77881054
37.59000000 1.52184998 7.75967661
37.60000000 1.49171515 7.74035368
37.61000000 1.46229059 7.72084895
37.62000000 1.43355878 7.70116945
37.63000000 1.40550261 7.68132201
37.64000000 1.37810539 7.66131330
37.65000000 1.35135078 7.64114984
37.66000000 1.32522287 7.62083794
37.67000000 1.29970609 7.60038378
37.68000000 1.27478528 7.57979337
37.69000000 1.25044562 7.55907258
37.70000000 1.22667265 7.53822709
37.71000000 1.20345228 7.51726246
37.72000000 1.18077074 7.49618410
37.73000000 1.15861462 7.47499727
37.74000000 1.13697082 7.45370709
37.75000000 1.11582660 7.43231854
37.76000000 1.09516948 7.41083649
37.77000000 1.07498735 7.38926565
37.78000000 1.05526837 7.36761061
37.79000000 1.03600101 7.34587585
37.80000000 1.01717402 7.32406570
37.81000000 0.99877644 7.30218441
37.82000000 0.98079759 7.28023608
37.83000000 0.96322706 7.25822471
37.84000000 0.94605470 7.23615420
37.85000000 0.92927062 7.21402832
37.86000000 0.91286520 7.19185075
37.87000000 0.89682905 7.16962507
37.88000000 0.88115301 7.14735475
37.89000000 0.86582818 7.12504316
37.90000000 0.85084587 7.10269360
37.91000000 0.83619762 7.08030926
37.92000000 0.82187520 7.05789322
37.93000000 0.80787058 7.03544852
37.94000000 0.79417593 7.01297806
37.95000000 0.78078363 6.99048470
37.96000000 0.76768628 6.96797120
37.97000000 0.75487663 6.94544025
37.98000000 0.74234764 6.92289444
37.99000000 0.73009246 6.90033631
38.00000000 0.71810441 6.87776832
38.01000000 0.70637697 6.85519286
38.02000000 0.69490382 6.83261224
38.03000000 0.68367876 6.81002872
38.04000000 0.67269579 6.78744447
38.05000000 0.66194906 6.76486163
38.06000000 0.65143285 6.74228224
38.07000000 0.64114160 6.71970832
38.08000000 0.63106990 6.69714178
38.09000000 0.62121248 6.67458453
38.10000000 0.61156421 6.65203838
38.11000000 0.60212006 6.62950510
38.12000000 0.59287518 6.60698642
38.13000000 0.58382481 6.58448399
38.14000000 0.57496432 6.56199945
38.15000000 0.56628922 6.53953434
38.16000000 0.55779510 6.51709021
38.17000000 0.54947769 6.49466851
38.18000000 0.54133283 6.47227068
38.19000000 0.53335646 6.44989810
38.20000000 0.52554462 6.42755212
38.21000000 0.51789345 6.40523404
38.22000000 0.51039921 6.38294512
38.23000000 0.50305823 6.36068658
38.24000000 0.49586695 6.33845961
38.25000000 0.48882190 6.31626535
38.26000000 0.48191969 6.29410491
38.27000000 0.47515702 6.27197937
38.28000000 0.46853068 6.24988976
38.29000000 0.46203754 6.22783711
38.30000000 0.45567455 6.20582238
38.31000000 0.44943872 6.18384651
38.32000000 0.44332717 6.16191042
38.33000000 0.43733705 6.14001500
38.34000000 0.43146563 6.11816110
38.35000000 0.42571020 6.09634954
38.36000000 0.42006816 6.07458112
38.37000000 0.41453696 6.05285662
38.38000000 0.40911409 6.03117678
38.39000000 0.40379715 6.00954232
38.40000000 0.39858377 5.98795394
38.41000000 0.39347163 5.96641231
38.42000000 0.38845849 5.94491808
38.43000000 0.38354216 5.92347188
38.44000000 0.37872050 5.90207430
38.45000000 0.37399143 5.88072595
38.46000000 0.36935292 5.85942736
38.47000000 0.36480297 5.83817910
38.48000000 0.36033967 5.81698167
38.49000000 0.35596111 5.79583559
38.50000000 0.35166547 5.77474133
38.51000000 0.34745094 5.75369936
38.52000000 0.34331579 5.73271014
38.53000000 0.33925829 5.71177408
38.54000000 0.33527679 5.69089161
38.55000000 0.33136965 5.67006313
38.56000000 0.32753530 5.64928901
38.57000000 0.32377219 5.62856962
38.58000000 0.32007880 5.60790531
38.59000000 0.31645366 5.58729643
38.60000000 0.31289534 5.56674329
38.61000000 0.30940243 5.54624620
38.62000000 0.30597357 5.52580546
38.63000000 0.30260741 5.50542135
38.64000000 0.29930265 5.48509414
38.65000000 0.29605802 5.46482409
38.66000000 0.29287228 5.44461144
38.67000000 0.28974421 5.42445642
38.68000000 0.28667262 5.40435927
38.69000000 0.28365637 5.38432018
38.70000000 0.28069432 5.36433936
38.71000000 0.27778536 5.34441701
38.72000000 0.27492843 5.32455329
38.73000000 0.27212247 5.30474838
38.74000000 0.26936646 5.28500243
38.75000000 0.26665939 5.26531561
38.76000000 0.26400028 5.24568805
38.77000000 0.26138817 5.22611987
38.78000000 0.25882214 5.20661122
38.79000000 0.25630127 5.18716219
38.80000000 0.25382467 5.16777291
38.81000000 0.25139146 5.14844346
38.82000000 0.24900080 5.12917394
38.83000000 0.24665186 5.10996443
38.84000000 0.24434382 5.09081501
38.85000000 0.24207589 5.07172575
38.86000000 0.23984729 5.05269671
38.87000000 0.23765727 5.03372795
38.88000000 0.23550509 5.01481951
38.89000000 0.23339002 4.99597143
38.90000000 0.23131136 4.97718377
38.91000000 0.22926841 4.95845653
38.92000000 0.22726050 4.93978976
38.93000000 0.22528697 4.92118346
38.94000000 0.22334717 4.90263765
38.95000000 0.22144048 4.88415234
38.96000000 0.21956627 4.86572753
38.97000000 0.21772394 4.84736322
38.98000000 0.21591290 4.82905939
38.99000000 0.21413258 4.81081605
39.00000000 0.21238242 4.79263316
39.01000000 0.21066185 4.77451072
39.02000000 0.20897034 4.75644868
39.03000000 0.20730737 4.73844703
39.04000000 0.20567241 4.72050572
39.05000000 0.20406497 4.70262473
39.06000000 0.20248455 4.68480399
39.07000000 0.20093067 4.66704348
39.08000000 0.19940285 4.64934313
39.09000000 0.19790064 4.63170290
39.10000000 0.19642358 4.61412272
39.11000000 0.19497123 4.59660254
39.12000000 0.19354317 4.57914229
39.13000000 0.19213895 4.56174190
39.14000000 0.19075818 4.54440131
39.15000000 0.18940044 4.52712043
39.16000000 0.18806535 4.50989920
39.17000000 0.18675251 4.49273752
39.18000000 0.18546154 4.47563533
39.19000000 0.18419207 4.45859253
39.20000000 0.18294375 4.44160903
39.21000000 0.18171620 4.42468475
39.22000000 0.18050909 4.40781960
39.23000000 0.17932208 4.39101347
39.24000000 0.17815482 4.37426627
39.25000000 0.17700700 4.35757790
39.26000000 0.17587830 4.34094825
39.27000000 0.17476839 4.32437723
39.28000000 0.17367699 4.30786473
39.29000000 0.17260377 4.29141063
39.30000000 0.17154846 4.27501483
39.31000000 0.17051077 4.25867722
39.32000000 0.16949040 4.24239768
39.33000000 0.16848710 4.22617609
39.34000000 0.16750058 4.21001234
39.35000000 0.16653059 4.19390631
39.36000000 0.16557686 4.17785788
39.37000000 0.16463914 4.16186692
39.38000000 0.16371719 4.14593331
39.39000000 0.16281076 4.13005693
39.40000000 0.16191961 4.11423765
39.41000000 0.16104350 4.09847534
39.42000000 0.16018222 4.08276987
39.43000000 0.15933554 4.06712111
39.44000000 0.15850324 4.05152893
39.45000000 0.15768510 4.03599320
39.46000000 0.15688091 4.02051377
39.47000000 0.15609048 4.00509053
39.48000000 0.15531359 3.98972332
39.49000000 0.15455004 3.97441201
39.50000000 0.15379966 3.95915647
39.51000000 0.15306224 3.94395654
39.52000000 0.15233760 3.92881211
39.53000000 0.15162556 3.91372301
39.54000000 0.15092594 3.89868912
39.55000000 0.15023857 3.88371028
39.56000000 0.14956327 3.86878635
39.57000000 0.14889988 3.85391720
39.58000000 0.14824823 3.83910266
39.59000000 0.14760816 3.82434261
39.60000000 0.14697952 3.80963688
39.61000000 0.14636215 3.79498534
39.62000000 0.14575590 3.78038783
39.63000000 0.14516062 3.76584421
39.64000000 0.14457617 3.75135433
39.65000000 0.14400240 3.73691804
39.66000000 0.14343918 3.72253519
39.67000000 0.14288636 3.70820563
39.68000000 0.14234382 3.69392920
39.69000000 0.14181141 3.67970576
39.70000000 0.14128903 3.66553515
39.71000000 0.14077653 3.65141723
39.72000000 0.14027380 3.63735183
39.73000000 0.13978072 3.62333881
39.74000000 0.13929716 3.60937801
39.75000000 0.13882301 3.59546929
39.76000000 0.13835815 3.58161248
39.77000000 0.13790249 3.56780743
39.78000000 0.13745590 3.55405398
39.79000000 0.13701828 3.54035199
39.80000000 0.13658952 3.52670130
39.81000000 0.13616953 3.51310175
39.82000000 0.13575820 3.49955319
39.83000000 0.13535543 3.48605546
39.84000000 0.13496113 3.47260841
39.85000000 0.13457521 3.45921188
39.86000000 0.13419756 3.44586571
39.87000000 0.13382811 3.43256975
39.88000000 0.13346676 3.41932385
39.89000000 0.13311342 3.40612784
39.90000000 0.13276801 3.39298158
39.91000000 0.13243045 3.37988490
39.92000000 0.13210066 3.36683764
39.93000000 0.13177855 3.35383967
39.94000000 0.13146405 3.34089080
39.95000000 0.13115708 3.32799090
39.96000000 0.13085756 3.31513980
39.97000000 0.13056543 3.30233735
39.98000000 0.13028061 3.28958339
39.99000000 0.13000303 3.27687777
40.00000000 0.12973262 3.26422033
40.01000000 0.12946932 3.25161091
40.02000000 0.12921306 3.23904936
40.03000000 0.12896377 3.22653552
40.04000000 0.12872139 3.21406923
40.05000000 0.12848586 3.20165035
40.06000000 0.12825712 3.18927871
40.07000000 0.12803512 3.17695416
40.08000000 0.12781978 3.16467655
40.09000000 0.12761107 3.15244572
40.10000000 0.12740891 3.14026151
40.11000000 0.12721327 3.12812377
40.12000000 0.12702408 3.11603234
40.13000000 0.12684129 3.10398708
40.14000000 0.12666486 3.09198782
40.15000000 0.12649473 3.08003442
40.16000000 0.12633086 3.06812671
40.17000000 0.12617320 3.05626455
40.18000000 0.12602171 3.04444778
40.19000000 0.12587633 3.03267625
40.20000000 0.12573704 3.02094981
40.21000000 0.12560377 3.00926829
40.22000000 0.12547650 2.99763156
40.23000000 0.12535518 2.98603945
40.24000000 0.12523978 2.97449182
40.25000000 0.12513025 2.96298852
40.26000000 0.12502655 2.95152938
40.27000000 0.12492866 2.94011427
40.28000000 0.12483654 2.92874303
40.29000000 0.12475014 2.91741551
40.30000000 0.12466945 2.90613155
40.31000000 0.12459441 2.89489102
40.32000000 0.12452501 2.88369375
40.33000000 0.12446122 2.87253960
40.34000000 0.12440299 2.86142842
40.35000000 0.12435031 2.85036006
40.36000000 0.12430315 2.83933438
40.37000000 0.12426147 2.82835121
40.38000000 0.12422525 2.81741043
40.39000000 0.12419447 2.80651187
40.40000000 0.12416909 2.79565539
40.41000000 0.12414911 2.78484085
40.42000000 0.12413448 2.77406809
40.43000000 0.12412520 2.76333697
40.44000000 0.12412123 2.75264734
40.45000000 0.12412256 2.74199906
40.46000000 0.12412917 2.73139199
40.47000000 0.12414103 2.72082597
40.48000000 0.12415814 2.71030086
40.49000000 0.12418046 2.69981653
40.50000000 0.12420798 2.68937281
40.51000000 0.12424070 2.67896958
40.52000000 0.12427858 2.66860668
40.53000000 0.12432161 2.65828398
40.54000000 0.12436979 2.64800133
40.55000000 0.12442309 2.63775858
40.56000000 0.12448151 2.62755561
40.57000000 0.12454503 2.61739226
40.58000000 0.12461363 2.60726839
40.59000000 0.12468731 2.59718386
40.60000000 0.12476606 2.58713854
40.61000000 0.12484987 2.57713228
40.62000000 0.12493872 2.56716495
40.63000000 0.12503261 2.55723639
40.64000000 0.12513153 2.54734649
40.65000000 0.12523547 2.53749508
40.66000000 0.12534443 2.52768205
40.67000000 0.12545840 2.51790724
40.68000000 0.12557738 2.50817053
40.69000000 0.12570135 2.49847177
40.70000000 0.12583031 2.48881083
40.71000000 0.12596427 2.47918758
40.72000000 0.12610321 2.46960186
40.73000000 0.12624714 2.46005357
40.74000000 0.12639605 2.45054254
40.75000000 0.12654994 2.44106866
40.76000000 0.12670881 2.43163178
40.77000000 0.12687266 2.42223178
40.78000000 0.12704149 2.41286851
40.79000000 0.12721530 2.40354185
40.80000000 0.12739409 2.39425167
40.81000000 0.12757787 2.38499782
40.82000000 0.12776662 2.37578019
40.83000000 0.12796037 2.36659863
40.84000000 0.12815911 2.35745302
40.85000000 0.12836284 2.34834322
40.86000000 0.12857157 2.33926911
40.87000000 0.12878531 2.33023055
40.88000000 0.12900405 2.32122742
40.89000000 0.12922782 2.31225958
40.90000000 0.12945660 2.30332692
40.91000000 0.12969042 2.29442929
40.92000000 0.12992927 2.28556657
40.93000000 0.13017317 2.27673864
40.94000000 0.13042212 2.26794536
40.95000000 0.13067613 2.25918661
40.96000000 0.13093522 2.25046227
40.97000000 0.13119939 2.24177220
40.98000000 0.13146866 2.23311629
40.99000000 0.13174303 2.22449440
41.00000000 0.13202252 2.21590641
41.01000000 0.13230713 2.20735221
41.02000000 0.13259689 2.19883165
41.03000000 0.13289180 2.19034463
41.04000000 0.13319189 2.18189101
41.05000000 0.13349715 2.17347068
41.06000000 0.13380761 2.16508351
41.07000000 0.13412328 2.15672938
41.08000000 0.13444419 2.14840817
41.09000000 0.13477033 2.14011976
41.10000000 0.13510174 2.13186402
41.11000000 0.13543843 2.12364084
41.12000000 0.13578041 2.11545010
41.13000000 0.13612771 2.10729167
41.14000000 0.13648034 2.09916545
41.15000000 0.13683833 2.09107130
41.16000000 0.13720168 2.08300911
41.17000000 0.13757043 2.07497877
41.18000000 0.13794459 2.06698016
41.19000000 0.13832419 2.05901315
41.20000000 0.13870924 2.05107764
41.21000000 0.13909977 2.04317350
41.22000000 0.13949581 2.03530062
41.23000000 0.13989736 2.02745889
41.24000000 0.14030447 2.01964818
41.25000000 0.14071714 2.01186839
41.26000000 0.14113542 2.00411941
41.27000000 0.14155931 1.99640110
41.28000000 0.14198886 1.98871338
41.29000000 0.14242408 1.98105611
41.30000000 0.14286500 1.97342919
41.31000000 0.14331164 1.96583251
41.32000000 0.14376405 1.95826595
41.33000000 0.14422224 1.95072940
41.34000000 0.14468624 1.94322275
41.35000000 0.14515608 1.93574590
41.36000000 0.14563180 1.92829872
41.37000000 0.14611342 1.92088111
41.38000000 0.14660097 1.91349297
41.39000000 0.14709449 1.90613417
41.40000000 0.14759401 1.89880462
41.41000000 0.14809955 1.89150420
41.42000000 0.14861116 1.88423281
41.43000000 0.14912887 1.87699034
41.44000000 0.14965270 1.86977668
41.45000000 0.15018270 1.86259173
41.46000000 0.15071890 1.85543537
41.47000000 0.15126133 1.84830751
41.48000000 0.15181004 1.84120803
41.49000000 0.15236506 1.83413683
41.50000000 0.15292642 1.82709382
41.51000000 0.15349416 1.82007887
41.52000000 0.15406833 1.81309189
41.53000000 0.15464896 1.80613278
41.54000000 0.15523609 1.79920143
41.55000000 0.15582976 1.79229774
41.56000000 0.15643001 1.78542160
41.57000000 0.15703688 1.77857292
41.58000000 0.15765042 1.77175159
41.59000000 0.15827067 1.76495751
41.60000000 0.15889766 1.75819058
41.61000000 0.15953145 1.75145069
41.62000000 0.16017208 1.74473776
41.63000000 0.16081959 1.73805167
41.64000000 0.16147402 1.73139234
41.65000000 0.16213543 1.72475965
41.66000000 0.16280386 1.71815352
41.67000000 0.16347936 1.71157384
41.68000000 0.16416197 1.70502051
41.69000000 0.16485174 1.69849344
41.70000000 0.16554873 1.69199253
41.71000000 0.16625297 1.68551768
41.72000000 0.16696453 1.67906880
41.73000000 0.16768345 1.67264579
41.74000000 0.16840978 1.66624855
41.75000000 0.16914358 1.65987699
41.76000000 0.16988490 1.65353102
41.77000000 0.17063379 1.64721053
41.78000000 0.17139030 1.64091544
41.79000000 0.17215450 1.63464565
41.80000000 0.17292643 1.62840107
41.81000000 0.17370615 1.62218160
41.82000000 0.17449372 1.61598715
41.83000000 0.17528919 1.60981763
41.84000000 0.17609263 1.60367295
41.85000000 0.17690409 1.59755301
41.86000000 0.17772363 1.59145772
41.87000000 0.17855131 1.58538699
41.88000000 0.17938720 1.57934074
41.89000000 0.18023134 1.57331886
41.90000000 0.18108381 1.56732128
41.91000000 0.18194468 1.56134790
41.92000000 0.18281399 1.55539863
41.93000000 0.18369182 1.54947338
41.94000000 0.18457822 1.54357206
41.95000000 0.18547328 1.53769459
41.96000000 0.18637705 1.53184088
41.97000000 0.18728960 1.52601083
41.98000000 0.18821100 1.52020437
41.99000000 0.18914131 1.51442141
42.00000000 0.19008061 1.50866185
42.01000000 0.19102897 1.50292562
42.02000000 0.19198645 1.49721262
42.03000000 0.19295314 1.49152278
42.04000000 0.19392909 1.48585600
42.05000000 0.19491440 1.48021220
42.06000000 0.19590912 1.47459130
42.07000000 0.19691334 1.46899322
42.08000000 0.19792712 1.46341786
42.09000000 0.19895056 1.45786515
42.10000000 0.19998372 1.45233500
42.11000000 0.20102668 1.44682733
42.12000000 0.20207952 1.44134205
42.13000000 0.20314233 1.43587909
42.14000000 0.20421518 1.43043837
42.15000000 0.20529815 1.42501979
42.16000000 0.20639133 1.41962329
42.17000000 0.20749481 1.41424878
42.18000000 0.20860865 1.40889617
42.19000000 0.20973296 1.40356540
42.20000000 0.21086782 1.39825637
42.21000000 0.21201330 1.39296901
42.22000000 0.21316951 1.38770325
42.23000000 0.21433654 1.38245899
42.24000000 0.21551446 1.37723617
42.25000000 0.21670337 1.37203471
42.26000000 0.21790336 1.36685452
42.27000000 0.21911454 1.36169553
42.28000000 0.22033698 1.35655766
42.29000000 0.22157078 1.35144084
42.30000000 0.22281605 1.34634499
42.31000000 0.22407287 1.34127003
42.32000000 0.22534135 1.33621589
42.33000000 0.22662158 1.33118249
42.34000000 0.22791366 1.32616975
42.35000000 0.22921769 1.32117761
42.36000000 0.23053378 1.31620598
42.37000000 0.23186203 1.31125480
42.38000000 0.23320254 1.30632398
42.39000000 0.23455542 1.30141346
42.40000000 0.23592077 1.29652316
42.41000000 0.23729870 1.29165300
42.42000000 0.23868931 1.28680292
42.43000000 0.24009273 1.28197285
42.44000000 0.24150905 1.27716270
42.45000000 0.24293839 1.27237241
42.46000000 0.24438087 1.26760191
42.47000000 0.24583659 1.26285113
42.48000000 0.24730567 1.25811999
42.49000000 0.24878823 1.25340843
42.50000000 0.25028439 1.24871637
42.51000000 0.25179425 1.24404374
42.52000000 0.25331796 1.23939048
42.53000000 0.25485561 1.23475651
42.54000000 0.25640734 1.23014177
42.55000000 0.25797328 1.22554619
42.56000000 0.25955353 1.22096970
42.57000000 0.26114824 1.21641223
42.58000000 0.26275752 1.21187371
42.59000000 0.26438152 1.20735407
42.60000000 0.26602034 1.20285325
42.61000000 0.26767414 1.19837119
42.62000000 0.26934304 1.19390781
42.63000000 0.27102717 1.18946305
42.64000000 0.27272666 1.18503684
42.65000000 0.27444167 1.18062911
42.66000000 0.27617232 1.17623981
42.67000000 0.27791875 1.17186886
42.68000000 0.27968110 1.16751621
42.69000000 0.28145952 1.16318178
42.70000000 0.28325415 1.15886551
42.71000000 0.28506513 1.15456734
42.72000000 0.28689262 1.15028720
42.73000000 0.28873675 1.14602504
42.74000000 0.29059768 1.14178078
42.75000000 0.29247556 1.13755437
42.76000000 0.29437054 1.13334574
42.77000000 0.29628277 1.12915483
42.78000000 0.29821242 1.12498158
42.79000000 0.30015963 1.12082592
42.80000000 0.30212457 1.11668780
42.81000000 0.30410740 1.11256716
42.82000000 0.30610827 1.10846392
42.83000000 0.30812735 1.10437804
42.84000000 0.31016481 1.10030946
42.85000000 0.31222082 1.09625810
42.86000000 0.31429553 1.09222392
42.87000000 0.31638913 1.08820685
42.88000000 0.31850177 1.08420684
42.89000000 0.32063365 1.08022382
42.90000000 0.32278492 1.07625774
42.91000000 0.32495578 1.07230854
42.92000000 0.32714639 1.06837616
42.93000000 0.32935694 1.06446054
42.94000000 0.33158760 1.06056163
42.95000000 0.33383857 1.05667937
42.96000000 0.33611003 1.05281370
42.97000000 0.33840216 1.04896456
42.98000000 0.34071517 1.04513191
42.99000000 0.34304922 1.04131568
43.00000000 0.34540453 1.03751581
43.01000000 0.34778129 1.03373226
43.02000000 0.35017969 1.02996496
43.03000000 0.35259993 1.02621386
43.04000000 0.35504221 1.02247892
43.05000000 0.35750674 1.01876006
43.06000000 0.35999372 1.01505724
43.07000000 0.36250335 1.01137041
43.08000000 0.36503586 1.00769951
43.09000000 0.36759144 1.00404449
43.10000000 0.37017032 1.00040530
43.11000000 0.37277270 0.99678187
43.12000000 0.37539880 0.99317417
43.13000000 0.37804885 0.98958213
43.14000000 0.38072307 0.98600572
43.15000000 0.38342168 0.98244486
43.16000000 0.38614490 0.97889952
43.17000000 0.38889296 0.97536964
43.18000000 0.39166610 0.97185518
43.19000000 0.39446455 0.96835607
43.20000000 0.39728855 0.96487228
43.21000000 0.40013832 0.96140374
43.22000000 0.40301411 0.95795042
43.23000000 0.40591617 0.95451226
43.24000000 0.40884474 0.95108921
43.25000000 0.41180006 0.94768122
43.26000000 0.41478238 0.94428825
43.27000000 0.41779196 0.94091025
43.28000000 0.42082905 0.93754716
43.29000000 0.42389391 0.93419895
43.30000000 0.42698679 0.93086556
43.31000000 0.43010797 0.92754694
43.32000000 0.43325769 0.92424306
43.33000000 0.43643624 0.92095385
43.34000000 0.43964388 0.91767929
43.35000000 0.44288088 0.91441931
43.36000000 0.44614752 0.91117387
43.37000000 0.44944408 0.90794294
43.38000000 0.45277083 0.90472646
43.39000000 0.45612806 0.90152438
43.40000000 0.45951606 0.89833667
43.41000000 0.46293511 0.89516327
43.42000000 0.46638551 0.89200415
43.43000000 0.46986755 0.88885926
43.44000000 0.47338152 0.88572855
43.45000000 0.47692774 0.88261199
43.46000000 0.48050650 0.87950953
43.47000000 0.48411811 0.87642112
43.48000000 0.48776287 0.87334673
43.49000000 0.49144110 0.87028631
43.50000000 0.49515312 0.86723981
43.51000000 0.49889925 0.86420721
43.52000000 0.50267980 0.86118845
43.53000000 0.50649510 0.85818349
43.54000000 0.51034547 0.85519230
43.55000000 0.51423126 0.85221482
43.56000000 0.51815279 0.84925103
43.57000000 0.52211040 0.84630089
43.58000000 0.52610443 0.84336434
43.59000000 0.53013523 0.84044135
43.60000000 0.53420314 0.83753189
43.61000000 0.53830852 0.83463591
43.62000000 0.54245172 0.83175337
43.63000000 0.54663309 0.82888424
43.64000000 0.55085300 0.82602848
43.65000000 0.55511182 0.82318604
43.66000000 0.55940990 0.82035690
43.67000000 0.56374763 0.81754101
43.68000000 0.56812538 0.81473833
43.69000000 0.57254353 0.81194883
43.70000000 0.57700246 0.80917248
43.71000000 0.58150256 0.80640923
43.72000000 0.58604421 0.80365905
43.73000000 0.59062782 0.80092191
43.74000000 0.59525378 0.79819776
43.75000000 0.59992250 0.79548657
43.76000000 0.60463437 0.79278831
43.77000000 0.60938982 0.79010295
43.78000000 0.61418924 0.78743044
43.79000000 0.61903307 0.78477076
43.80000000 0.62392172 0.78212386
43.81000000 0.62885562 0.77948972
43.82000000 0.63383519 0.77686831
43.83000000 0.63886088 0.77425958
43.84000000 0.64393313 0.77166351
43.85000000 0.64905236 0.76908006
43.86000000 0.65421904 0.76650920
43.87000000 0.65943362 0.76395090
43.88000000 0.66469654 0.76140513
43.89000000 0.67000827 0.75887186
43.90000000 0.67536927 0.75635105
43.91000000 0.68078002 0.75384267
43.92000000 0.68624098 0.75134670
43.93000000 0.69175264 0.74886310
43.94000000 0.69731548 0.74639184
43.95000000 0.70292998 0.74393290
43.96000000 0.70859664 0.74148623
43.97000000 0.71431595 0.73905183
43.98000000 0.72008843 0.73662964
43.99000000 0.72591456 0.73421966
44.00000000 0.73179487 0.73182184
44.01000000 0.73772987 0.72943616
44.02000000 0.74372009 0.72706259
44.03000000 0.74976604 0.72470111
44.04000000 0.75586827 0.72235169
44.05000000 0.76202730 0.72001429
44.06000000 0.76824369 0.71768891
44.07000000 0.77451797 0.71537549
44.08000000 0.78085070 0.71307403
44.09000000 0.78724244 0.71078450
44.10000000 0.79369374 0.70850687
44.11000000 0.80020519 0.70624111
44.12000000 0.80677735 0.70398721
44.13000000 0.81341080 0.70174513
44.14000000 0.82010612 0.69951485
44.15000000 0.82686392 0.69729636
44.16000000 0.83368478 0.69508961
44.17000000 0.84056930 0.69289460
44.18000000 0.84751810 0.69071130
44.19000000 0.85453178 0.68853969
44.20000000 0.86161097 0.68637973
44.21000000 0.86875629 0.68423142
44.22000000 0.87596838 0.68209474
44.23000000 0.88324786 0.67996965
44.24000000 0.89059539 0.67785614
44.25000000 0.89801162 0.67575418
44.26000000 0.90549719 0.67366377
44.27000000 0.91305277 0.67158487
44.28000000 0.92067903 0.66951746
44.29000000 0.92837665 0.66746154
44.30000000 0.93614630 0.66541708
44.31000000 0.94398868 0.66338405
44.32000000 0.95190447 0.66136245
44.33000000 0.95989438 0.65935226
44.34000000 0.96795911 0.65735345
44.35000000 0.97609939 0.65536601
44.36000000 0.98431592 0.65338992
44.37000000 0.99260945 0.65142517
44.38000000 1.00098069 0.64947173
44.39000000 1.00943040 0.64752960
44.40000000 1.01795932 0.64559876
44.41000000 1.02656821 0.64367919
44.42000000 1.03525783 0.64177089
44.43000000 1.04402895 0.63987382
44.44000000 1.05288236 0.63798798
44.45000000 1.06181882 0.63611336
44.46000000 1.07083914 0.63424995
44.47000000 1.07994411 0.63239772
44.48000000 1.08913454 0.63055667
44.49000000 1.09841125 0.62872678
44.50000000 1.10777506 0.62690805
44.51000000 1.11722680 0.62510046
44.52000000 1.12676730 0.62330400
44.53000000 1.13639741 0.62151866
44.54000000 1.14611799 0.61974443
44.55000000 1.15592990 0.61798131
44.56000000 1.16583400 0.61622927
44.57000000 1.17583117 0.61448831
44.58000000 1.18592230 0.61275843
44.59000000 1.19610829 0.61103961
44.60000000 1.20639003 0.60933185
44.61000000 1.21676844 0.60763513
44.62000000 1.22724444 0.60594947
44.63000000 1.23781894 0.60427483
44.64000000 1.24849290 0.60261123
44.65000000 1.25926726 0.60095865
44.66000000 1.27014296 0.59931710
44.67000000 1.28112098 0.59768655
44.68000000 1.29220228 0.59606702
44.69000000 1.30338784 0.59445849
44.70000000 1.31467866 0.59286097
44.71000000 1.32607573 0.59127445
44.72000000 1.33758007 0.58969892
44.73000000 1.34919268 0.58813439
44.74000000 1.36091460 0.58658086
44.75000000 1.37274686 0.58503832
44.76000000 1.38469050 0.58350677
44.77000000 1.39674659 0.58198622
44.78000000 1.40891619 0.58047666
44.79000000 1.42120036 0.57897809
44.80000000 1.43360021 0.57749052
44.81000000 1.44611681 0.57601395
44.82000000 1.45875128 0.57454838
44.83000000 1.47150473 0.57309381
44.84000000 1.48437828 0.57165025
44.85000000 1.49737307 0.57021770
44.86000000 1.51049024 0.56879617
44.87000000 1.52373095 0.56738565
44.88000000 1.53709637 0.56598617
44.89000000 1.55058766 0.56459772
44.90000000 1.56420603 0.56322031
44.91000000 1.57795265 0.56185394
44.92000000 1.59182876 0.56049864
44.93000000 1.60583555 0.55915439
44.94000000 1.61997427 0.55782122
44.95000000 1.63424615 0.55649914
44.96000000 1.64865245 0.55518815
44.97000000 1.66319443 0.55388826
44.98000000 1.67787337 0.55259949
44.99000000 1.69269054 0.55132185
45.00000000 1.70764725 0.55005536
45.01000000 1.72274482 0.54880002
45.02000000 1.73798454 0.54755585
45.03000000 1.75336777 0.54632286
45.04000000 1.76889585 0.54510108
45.05000000 1.78457012 0.54389051
45.06000000 1.80039196 0.54269118
45.07000000 1.81636275 0.54150310
45.08000000 1.83248388 0.54032630
45.09000000 1.84875675 0.53916078
45.10000000 1.86518278 0.53800657
45.11000000 1.88176341 0.53686369
45.12000000 1.89850006 0.53573217
45.13000000 1.91539419 0.53461202
45.14000000 1.93244728 0.53350327
45.15000000 1.94966079 0.53240594
45.16000000 1.96703623 0.53132005
45.17000000 1.98457509 0.53024563
45.18000000 2.00227889 0.52918272
45.19000000 2.02014916 0.52813132
45.20000000 2.03818745 0.52709148
45.21000000 2.05639532 0.52606323
45.22000000 2.07477433 0.52504658
45.23000000 2.09332606 0.52404157
45.24000000 2.11205211 0.52304823
45.25000000 2.13095410 0.52206660
45.26000000 2.15003365 0.52109671
45.27000000 2.16929239 0.52013859
45.28000000 2.18873197 0.51919228
45.29000000 2.20835407 0.51825781
45.30000000 2.22816035 0.51733522
45.31000000 2.24815251 0.51642456
45.32000000 2.26833227 0.51552584
45.33000000 2.28870133 0.51463913
45.34000000 2.30926143 0.51376446
45.35000000 2.33001433 0.51290186
45.36000000 2.35096179 0.51205139
45.37000000 2.37210558 0.51121309
45.38000000 2.39344750 0.51038701
45.39000000 2.41498936 0.50957318
45.40000000 2.43673297 0.50877166
45.41000000 2.45868017 0.50798251
45.42000000 2.48083282 0.50720575
45.43000000 2.50319278 0.50644146
45.44000000 2.52576192 0.50568968
45.45000000 2.54854216 0.50495047
45.46000000 2.57153539 0.50422387
45.47000000 2.59474355 0.50350995
45.48000000 2.61816856 0.50280877
45.49000000 2.64181240 0.50212038
45.50000000 2.66567703 0.50144484
45.51000000 2.68976444 0.50078222
45.52000000 2.71407663 0.50013258
45.53000000 2.73861562 0.49949598
45.54000000 2.76338344 0.49887249
45.55000000 2.78838213 0.49826217
45.56000000 2.81361377 0.49766510
45.57000000 2.83908043 0.49708135
45.58000000 2.86478421 0.49651099
45.59000000 2.89072722 0.49595408
45.60000000 2.91691158 0.49541071
45.61000000 2.94333943 0.49488096
45.62000000 2.97001294 0.49436490
45.63000000 2.99693428 0.49386261
45.64000000 3.02410564 0.49337417
45.65000000 3.05152922 0.49289967
45.66000000 3.07920724 0.49243920
45.67000000 3.10714195 0.49199283
45.68000000 3.13533559 0.49156067
45.69000000 3.16379043 0.49114280
45.70000000 3.19250876 0.49073930
45.71000000 3.22149288 0.49035029
45.72000000 3.25074510 0.48997585
45.73000000 3.28026776 0.48961609
45.74000000 3.31006320 0.48927110
45.75000000 3.34013379 0.48894099
45.76000000 3.37048191 0.48862587
45.77000000 3.40110996 0.48832583
45.78000000 3.43202034 0.48804100
45.79000000 3.46321548 0.48777148
45.80000000 3.49469783 0.48751738
45.81000000 3.52646985 0.48727883
45.82000000 3.55853400 0.48705594
45.83000000 3.59089279 0.48684883
45.84000000 3.62354871 0.48665763
45.85000000 3.65650428 0.48648247
45.86000000 3.68976205 0.48632347
45.87000000 3.72332456 0.48618076
45.88000000 3.75719438 0.48605448
45.89000000 3.79137409 0.48594477
45.90000000 3.82586629 0.48585177
45.91000000 3.86067359 0.48577562
45.92000000 3.89579862 0.48571646
45.93000000 3.93124401 0.48567444
45.94000000 3.96701243 0.48564972
45.95000000 4.00310655 0.48564245
45.96000000 4.03952905 0.48565279
45.97000000 4.07628262 0.48568090
45.98000000 4.11336999 0.48572694
45.99000000 4.15079388 0.48579109
46.00000000 4.18855702 0.48587351
46.01000000 4.22666218 0.48597438
46.02000000 4.26511212 0.48609388
46.03000000 4.30390962 0.48623218
46.04000000 4.34305747 0.48638948
46.05000000 4.38255848 0.48656596
46.06000000 4.42241547 0.48676182
46.07000000 4.46263126 0.48697726
46.08000000 4.50320870 0.48721247
46.09000000 4.54415065 0.48746767
46.10000000 4.58545996 0.48774306
46.11000000 4.62713952 0.48803885
46.12000000 4.66919220 0.48835527
46.13000000 4.71162092 0.48869253
46.14000000 4.75442856 0.48905087
46.15000000 4.79761806 0.48943052
46.16000000 4.84119233 0.48983171
46.17000000 4.88515432 0.49025468
46.18000000 4.92950695 0.49069969
46.19000000 4.97425319 0.49116699
46.20000000 5.01939600 0.49165682
46.21000000 5.06493833 0.49216946
46.22000000 5.11088317 0.49270517
46.23000000 5.15723349 0.49326423
46.24000000 5.20399227 0.49384691
46.25000000 5.25116251 0.49445350
46.26000000 5.29874720 0.49508429
46.27000000 5.34674934 0.49573958
46.28000000 5.39517192 0.49641967
46.29000000 5.44401797 0.49712486
46.30000000 5.49329047 0.49785549
46.31000000 5.54299244 0.49861186
46.32000000 5.59312689 0.49939431
46.33000000 5.64369683 0.50020317
46.34000000 5.69470526 0.50103879
46.35000000 5.74615520 0.50190151
46.36000000 5.79804965 0.50279170
46.37000000 5.85039160 0.50370973
46.38000000 5.90318407 0.50465595
46.39000000 5.95643003 0.50563076
46.40000000 6.01013249 0.50663454
46.41000000 6.06429442 0.50766770
46.42000000 6.11891879 0.50873063
46.43000000 6.17400856 0.50982376
46.44000000 6.22956671 0.51094750
46.45000000 6.28559616 0.51210229
46.46000000 6.34209985 0.51328856
46.47000000 6.39908071 0.51450678
46.48000000 6.45654163 0.51575741
46.49000000 6.51448551 0.51704090
46.50000000 6.57291522 0.51835775
46.51000000 6.63183362 0.51970845
46.52000000 6.69124355 0.52109349
46.53000000 6.75114781 0.52251340
46.54000000 6.81154920 0.52396869
46.55000000 6.87245050 0.52545991
46.56000000 6.93385445 0.52698759
46.57000000 6.99576376 0.52855231
46.58000000 7.05818113 0.53015462
46.59000000 7.12110921 0.53179512
46.60000000 7.18455063 0.53347440
46.61000000 7.24850799 0.53519308
46.62000000 7.31298384 0.53695177
46.63000000 7.37798071 0.53875112
46.64000000 7.44350107 0.54059177
46.65000000 7.50954738 0.54247440
46.66000000 7.57612201 0.54439968
46.67000000 7.64322733 0.54636831
46.68000000 7.71086563 0.54838101
46.69000000 7.77903918 0.55043850
46.70000000 7.84775016 0.55254152
46.71000000 7.91700072 0.55469084
46.72000000 7.98679296 0.55688723
46.73000000 8.05712889 0.55913149
46.74000000 8.12801048 0.56142444
46.75000000 8.19943963 0.56376691
46.76000000 8.27141817 0.56615974
46.77000000 8.34394785 0.56860381
46.78000000 8.41703037 0.57110001
46.79000000 8.49066731 0.57364925
46.80000000 8.56486022 0.57625246
46.81000000 8.63961053 0.57891059
46.82000000 8.71491959 0.58162463
46.83000000 8.79078867 0.58439556
46.84000000 8.86721893 0.58722440
46.85000000 8.94421145 0.59011221
46.86000000 9.02176718 0.59306004
46.87000000 9.09988700 0.59606899
46.88000000 9.17857165 0.59914019
46.89000000 9.25782176 0.60227476
46.90000000 9.33763786 0.60547389
46.91000000 9.41802034 0.60873877
46.92000000 9.49896946 0.61207062
46.93000000 9.58048537 0.61547070
46.94000000 9.66256805 0.61894030
46.95000000 9.74521737 0.62248073
46.96000000 9.82843303 0.62609333
46.97000000 9.91221459 0.62977948
46.98000000 9.99656145 0.63354059
46.99000000 10.08147284 0.63737810
47.00000000 10.16694783 0.64129348
47.01000000 10.25298531 0.64528825
47.02000000 10.33958400 0.64936396
47.03000000 10.42674241 0.65352218
47.04000000 10.51445888 0.65776454
47.05000000 10.60273154 0.66209270
47.06000000 10.69155832 0.66650836
47.07000000 10.78093693 0.67101325
47.08000000 10.87086485 0.67560915
47.09000000 10.96133935 0.68029790
47.10000000 11.05235747 0.68508135
47.11000000 11.14391600 0.68996142
47.12000000 11.23601145 0.69494007
47.13000000 11.32864013 0.70001929
47.14000000 11.42179803 0.70520114
47.15000000 11.51548090 0.71048772
47.16000000 11.60968418 0.71588118
47.17000000 11.70440305 0.72138372
47.18000000 11.79963236 0.72699760
47.19000000 11.89536666 0.73272513
47.20000000 11.99160018 0.73856866
47.21000000 12.08832681 0.74453063
47.22000000 12.18554012 0.75061351
47.23000000 12.28323332 0.75681984
47.24000000 12.38139925 0.76315222
47.25000000 12.48003040 0.76961331
47.26000000 12.57911884 0.77620583
47.27000000 12.67865629 0.78293257
47.28000000 12.77863405 0.78979640
47.29000000 12.87904298 0.79680023
47.30000000 12.97987354 0.80394705
47.31000000 13.08111574 0.81123995
47.32000000 13.18275914 0.81868204
47.33000000 13.28479282 0.82627655
47.34000000 13.38720540 0.83402676
47.35000000 13.48998500 0.84193605
47.36000000 13.59311922 0.85000784
47.37000000 13.69659517 0.85824569
47.38000000 13.80039940 0.86665318
47.39000000 13.90451792 0.87523403
47.40000000 14.00893619 0.88399200
47.41000000 14.11363908 0.89293097
47.42000000 14.21861086 0.90205490
47.43000000 14.32383523 0.91136783
47.44000000 14.42929522 0.92087392
47.45000000 14.53497326 0.93057739
47.46000000 14.64085110 0.94048260
47.47000000 14.74690984 0.95059396
47.48000000 14.85312989 0.96091602
47.49000000 14.95949093 0.97145342
47.50000000 15.06597197 0.98221089
47.51000000 15.17255125 0.99319329
47.52000000 15.27920626 1.00440556
47.53000000 15.38591374 1.01585279
47.54000000 15.49264963 1.02754013
47.55000000 15.59938906 1.03947289
47.56000000 15.70610635 1.05165645
47.57000000 15.81277499 1.06409635
47.58000000 15.91936760 1.07679821
47.59000000 16.02585594 1.08976780
47.60000000 16.13221088 1.10301097
47.61000000 16.23840237 1.11653374
47.62000000 16.34439946 1.13034221
47.63000000 16.45017025 1.14444263
47.64000000 16.55568189 1.15884136
47.65000000 16.66090055 1.17354490
47.66000000 16.76579141 1.18855986
47.67000000 16.87031868 1.20389299
47.68000000 16.97444551 1.21955115
47.69000000 17.07813405 1.23554134
47.70000000 17.18134539 1.25187069
47.71000000 17.28403957 1.26854646
47.72000000 17.38617554 1.28557602
47.73000000 17.48771120 1.30296687
47.74000000 17.58860334 1.32072666
47.75000000 17.68880762 1.33886314
47.76000000 17.78827863 1.35738419
47.77000000 17.88696982 1.37629781
47.78000000 17.98483351 1.39561213
47.79000000 18.08182089 1.41533539
47.80000000 18.17788200 1.43547593
47.81000000 18.27296577 1.45604224
47.82000000 18.36701997 1.47704289
47.83000000 18.45999122 1.49848656
47.84000000 18.55182503 1.52038204
47.85000000 18.64246575 1.54273821
47.86000000 18.73185661 1.56556403
47.87000000 18.81993975 1.58886857
47.88000000 18.90665616 1.61266096
47.89000000 18.99194576 1.63695042
47.90000000 19.07574741 1.66174621
47.91000000 19.15799889 1.68705767
47.92000000 19.23863694 1.71289418
47.93000000 19.31759732 1.73926516
47.94000000 19.39481479 1.76618006
47.95000000 19.47022315 1.79364835
47.96000000 19.54375531 1.82167950
47.97000000 19.61534330 1.85028298
47.98000000 19.68491831 1.87946825
47.99000000 19.75241075 1.90924473
48.00000000 19.81775030 1.93962178
48.01000000 19.88086596 1.97060872
48.02000000 19.94168612 2.00221479
48.03000000 20.00013861 2.03444911
48.04000000 20.05615077 2.06732071
48.05000000 20.10964954 2.10083847
48.06000000 20.16056154 2.13501114
48.07000000 20.20881313 2.16984725
48.08000000 20.25433052 2.20535519
48.09000000 20.29703984 2.24154307
48.10000000 20.33686729 2.27841881
48.11000000 20.37373919 2.31599002
48.12000000 20.40758212 2.35426403
48.13000000 20.43832303 2.39324786
48.14000000 20.46588935 2.43294815
48.15000000 20.49020915 2.47337119
48.16000000 20.51121121 2.51452285
48.17000000 20.52882524 2.55640856
48.18000000 20.54298194 2.59903329
48.19000000 20.55361320 2.64240149
48.20000000 20.56065222 2.68651709
48.21000000 20.56403369 2.73138346
48.22000000 20.56369393 2.77700336
48.23000000 20.55957107 2.82337893
48.24000000 20.55160519 2.87051163
48.25000000 20.53973853 2.91840221
48.26000000 20.52391561 2.96705073
48.27000000 20.50408345 3.01645643
48.28000000 20.48019173 3.06661778
48.29000000 20.45219297 3.11753239
48.30000000 20.42004268 3.16919703
48.31000000 20.38369959 3.22160756
48.32000000 20.34312577 3.27475888
48.33000000 20.29828685 3.32864497
48.34000000 20.24915217 3.38325879
48.35000000 20.19569496 3.43859229
48.36000000 20.13789249 3.49463637
48.37000000 20.07572625 3.55138085
48.38000000 20.00918210 3.60881448
48.39000000 19.93825041 3.66692487
48.40000000 19.86292621 3.72569852
48.41000000 19.78320934 3.78512075
48.42000000 19.69910454 3.84517576
48.43000000 19.61062160 3.90584652
48.44000000 19.51777543 3.96711488
48.45000000 19.42058620 4.02896147
48.46000000 19.31907936 4.09136573
48.47000000 19.21328577 4.15430594
48.48000000 19.10324171 4.21775919
48.49000000 18.98898894 4.28170139
48.50000000 18.87057469 4.34610734
48.51000000 18.74805174 4.41095065
48.52000000 18.62147831 4.47620385
48.53000000 18.49091814 4.54183838
48.54000000 18.35644037 4.60782462
48.55000000 18.21811949 4.67413192
48.56000000 18.07603531 4.74072865
48.57000000 17.93027282 4.80758224
48.58000000 17.78092208 4.87465921
48.59000000 17.62807811 4.94192526
48.60000000 17.47184070 5.00934527
48.61000000 17.31231431 5.07688340
48.62000000 17.14960783 5.14450313
48.63000000 16.98383439 5.21216732
48.64000000 16.81511120 5.27983832
48.65000000 16.64355924 5.34747797
48.66000000 16.46930306 5.41504772
48.67000000 16.29247056 5.48250870
48.68000000 16.11319264 5.54982180
48.69000000 15.93160301 5.61694771
48.70000000 15.74783784 5.68384704
48.71000000 15.56203549 5.75048041
48.72000000 15.37433621 5.81680847
48.73000000 15.18488184 5.88279205
48.74000000 14.99381547 5.94839220
48.75000000 14.80128117 6.01357028
48.76000000 14.60742361 6.07828805
48.77000000 14.41238782 6.14250773
48.78000000 14.21631883 6.20619209
48.79000000 14.01936135 6.26930451
48.80000000 13.82165952 6.33180909
48.81000000 13.62335654 6.39367067
48.82000000 13.42459443 6.45485494
48.83000000 13.22551371 6.51532847
48.84000000 13.02625314 6.57505879
48.85000000 12.82694945 6.63401445
48.86000000 12.62773709 6.69216506
48.87000000 12.42874799 6.74948137
48.88000000 12.23011130 6.80593525
48.89000000 12.03195322 6.86149981
48.90000000 11.83439677 6.91614940
48.91000000 11.63756161 6.96985962
48.92000000 11.44156386 7.02260739
48.93000000 11.24651598 7.07437095
48.94000000 11.05252656 7.12512989
48.95000000 10.85970028 7.17486516
48.96000000 10.66813773 7.22355908
48.97000000 10.47793537 7.27119533
48.98000000 10.28918542 7.31775900
48.99000000 10.10197581 7.36323653
49.00000000 9.91639013 7.40761575
49.01000000 9.73250761 7.45088584
49.02000000 9.55040309 7.49303734
49.03000000 9.37014702 7.53406210
49.04000000 9.19180546 7.57395332
49.05000000 9.01544014 7.61270546
49.06000000 8.84110844 7.65031424
49.07000000 8.66886346 7.68677665
49.08000000 8.49875409 7.72209085
49.09000000 8.33082506 7.75625620
49.10000000 8.16511701 7.78927318
49.11000000 8.00166657 7.82114338
49.12000000 7.84050649 7.85186945
49.13000000 7.68166566 7.88145508
49.14000000 7.52516930 7.90990494
49.15000000 7.37103901 7.93722462
49.16000000 7.21929289 7.96342064
49.17000000 7.06994569 7.98850038
49.18000000 6.92300888 8.01247203
49.19000000 6.77849084 8.03534455
49.20000000 6.63639690 8.05712764
49.21000000 6.49672955 8.07783169
49.22000000 6.35948851 8.09746774
49.23000000 6.22467089 8.11604744
49.24000000 6.09227128 8.13358297
49.25000000 5.96228194 8.15008709
49.26000000 5.83469285 8.16557299
49.27000000 5.70949192 8.18005435
49.28000000 5.58666502 8.19354522
49.29000000 5.46619618 8.20606004
49.30000000 5.34806767 8.21761358
49.31000000 5.23226013 8.22822091
49.32000000 5.11875265 8.23789735
49.33000000 5.00752296 8.24665847
49.34000000 4.89854743 8.25452003
49.35000000 4.79180128 8.26149796
49.36000000 4.68725860 8.26760833
49.37000000 4.58489250 8.27286734
49.38000000 4.48467517 8.27729125
49.39000000 4.38657799 8.28089639
49.40000000 4.29057161 8.28369913
49.41000000 4.19662603 8.28571586
49.42000000 4.10471070 8.28696296
49.43000000 4.01479456 8.28745677
49.44000000 3.92684613 8.28721360
49.45000000 3.84083361 8.28624969
49.46000000 3.75672488 8.28458119
49.47000000 3.67448761 8.28222416
49.48000000 3.59408931 8.27919455
49.49000000 3.51549738 8.27550819
49.50000000 3.43867915 8.27118075
49.51000000 3.36360194 8.26622777
49.52000000 3.29023312 8.26066462
49.53000000 3.21854013 8.25450651
49.54000000 3.14849053 8.24776847
49.55000000 3.08005202 8.24046532
49.56000000 3.01319251 8.23261171
49.57000000 2.94788012 8.22422209
49.58000000 2.88408321 8.21531069
49.59000000 2.82177043 8.20589152
49.60000000 2.76091072 8.19597841
49.61000000 2.70147336 8.18558492
49.62000000 2.64342795 8.17472442
49.63000000 2.58674447 8.16341005
49.64000000 2.53139327 8.15165472
49.65000000 2.47734509 8.13947109
49.66000000 2.42457108 8.12687161
49.67000000 2.37304282 8.11386850
49.68000000 2.32273230 8.10047374
49.69000000 2.27361196 8.08669905
49.70000000 2.22565467 8.07255597
49.71000000 2.17883377 8.05805577
49.72000000 2.13312304 8.04320950
49.73000000 2.08849673 8.02802797
49.74000000 2.04492954 8.01252179
49.75000000 2.00239664 7.99670130
49.76000000 1.96087368 7.98057666
49.77000000 1.92033675 7.96415776
49.78000000 1.88076243 7.94745432
49.79000000 1.84212776 7.93047580
49.80000000 1.80441022 7.91323146
49.81000000 1.76758779 7.89573036
49.82000000 1.73163886 7.87798132
49.83000000 1.69654233 7.85999299
49.84000000 1.66227749 7.84177378
49.85000000 1.62882413 7.82333191
49.86000000 1.59616244 7.80467543
49.87000000 1.56427308 7.78581215
49.88000000 1.53313712 7.76674972
49.89000000 1.50273607 7.74749559
49.90000000 1.47305183 7.72805703
49.91000000 1.44406676 7.70844112
49.92000000 1.41576359 7.68865478
49.93000000 1.38812547 7.66870473
49.94000000 1.36113593 7.64859755
49.95000000 1.33477892 7.62833962
49.96000000 1.30903873 7.60793718
49.97000000 1.28390005 7.58739629
49.98000000 1.25934794 7.56672287
49.99000000 1.23536781 7.54592267
50.00000000 1.21194543 7.52500131
50.01000000 1.18906691 7.50396424
50.02000000 1.16671871 7.48281677
50.03000000 1.14488763 7.46156409
50.04000000 1.12356078 7.44021122
50.05000000 1.10272560 7.41876307
50.06000000 1.08236983 7.39722441
50.07000000 1.06248154 7.37559987
50.08000000 1.04304909 7.35389397
50.09000000 1.02406111 7.33211110
50.10000000 1.00550655 7.31025554
50.11000000 0.98737463 7.28833144
50.12000000 0.96965483 7.26634285
50.13000000 0.95233691 7.24429368
50.14000000 0.93541089 7.22218777
50.15000000 0.91886704 7.20002883
50.16000000 0.90269589 7.17782047
50.17000000 0.88688820 7.15556620
50.18000000 0.87143497 7.13326943
50.19000000 0.85632744 7.11093349
50.20000000 0.84155707 7.08856160
50.21000000 0.82711553 7.06615689
50.22000000 0.81299472 7.04372240
50.23000000 0.79918674 7.02126110
50.24000000 0.78568391 6.99877585
50.25000000 0.77247872 6.97626946
50.26000000 0.75956388 6.95374463
50.27000000 0.74693228 6.93120399
50.28000000 0.73457699 6.90865012
50.29000000 0.72249127 6.88608548
50.30000000 0.71066854 6.86351250
50.31000000 0.69910241 6.84093351
50.32000000 0.68778664 6.81835080
50.33000000 0.67671516 6.79576657
50.34000000 0.66588204 6.77318297
50.35000000 0.65528154 6.75060208
50.36000000 0.64490803 6.72802591
50.37000000 0.63475605 6.70545643
50.38000000 0.62482028 6.68289554
50.39000000 0.61509552 6.66034509
50.40000000 0.60557673 6.63780686
50.41000000 0.59625898 6.61528261
50.42000000 0.58713748 6.59277400
50.43000000 0.57820755 6.57028268
50.44000000 0.56946465 6.54781023
50.45000000 0.56090434 6.52535820
50.46000000 0.55252231 6.50292806
50.47000000 0.54431435 6.48052127
50.48000000 0.53627635 6.45813923
50.49000000 0.52840433 6.43578330
50.50000000 0.52069440 6.41345479
50.51000000 0.51314276 6.39115498
50.52000000 0.50574573 6.36888510
50.53000000 0.49849969 6.34664636
50.54000000 0.49140116 6.32443992
50.55000000 0.48444670 6.30226689
50.56000000 0.47763299 6.28012836
50.57000000 0.47095679 6.25802540
50.58000000 0.46441492 6.23595901
50.59000000 0.45800432 6.21393019
50.60000000 0.45172197 6.19193990
50.61000000 0.44556496 6.16998905
50.62000000 0.43953042 6.14807854
50.63000000 0.43361557 6.12620924
50.64000000 0.42781771 6.10438198
50.65000000 0.42213419 6.08259757
50.66000000 0.41656244 6.06085680
50.67000000 0.41109993 6.03916042
50.68000000 0.40574424 6.01750915
50.69000000 0.40049297 5.99590372
50.70000000 0.39534378 5.97434478
50.71000000 0.39029442 5.95283301
50.72000000 0.38534267 5.93136904
50.73000000 0.38048637 5.90995348
50.74000000 0.37572342 5.88858692
50.75000000 0.37105177 5.86726993
50.76000000 0.36646942 5.84600306
50.77000000 0.36197441 5.82478684
50.78000000 0.35756484 5.80362178
50.79000000 0.35323885 5.78250837
50.80000000 0.34899464 5.76144708
50.81000000 0.34483044 5.74043837
50.82000000 0.34074452 5.71948267
50.83000000 0.33673521 5.69858041
50.84000000 0.33280086 5.67773199
50.85000000 0.32893987 5.65693779
50.86000000 0.32515068 5.63619819
50.87000000 0.32143177 5.61551355
50.88000000 0.31778165 5.59488420
50.89000000 0.31419888 5.57431049
50.90000000 0.31068203 5.55379271
50.91000000 0.30722972 5.53333117
50.92000000 0.30384061 5.51292616
50.93000000 0.30051337 5.49257795
50.94000000 0.29724673 5.47228681
50.95000000 0.29403943 5.45205298
50.96000000 0.29089025 5.43187670
50.97000000 0.28779798 5.41175820
50.98000000 0.28476147 5.39169769
50.99000000 0.28177958 5.37169538
51.00000000 0.27885119 5.35175146
51.01000000 0.27597521 5.33186611
51.02000000 0.27315059 5.31203951
51.03000000 0.27037629 5.29227182
51.04000000 0.26765129 5.27256319
51.05000000 0.26497462 5.25291378
51.06000000 0.26234531 5.23332370
51.07000000 0.25976241 5.21379310
51.08000000 0.25722500 5.19432209
51.09000000 0.25473218 5.17491078
51.10000000 0.25228309 5.15555927
51.11000000 0.24987685 5.13626766
51.12000000 0.24751263 5.11703603
51.13000000 0.24518961 5.09786446
51.14000000 0.24290699 5.07875302
51.15000000 0.24066399 5.05970178
51.16000000 0.23845984 5.04071080
51.17000000 0.23629380 5.02178013
51.18000000 0.23416514 5.00290980
51.19000000 0.23207314 4.98409987
51.20000000 0.23001711 4.96535037
51.21000000 0.22799637 4.94666131
51.22000000 0.22601025 4.92803272
51.23000000 0.22405809 4.90946462
51.24000000 0.22213927 4.89095702
51.25000000 0.22025316 4.87250992
51.26000000 0.21839915 4.85412331
51.27000000 0.21657666 4.83579720
51.28000000 0.21478508 4.81753157
51.29000000 0.21302387 4.79932641
51.30000000 0.21129246 4.78118169
51.31000000 0.20959030 4.76309740
51.32000000 0.20791688 4.74507350
51.33000000 0.20627166 4.72710996
51.34000000 0.20465413 4.70920675
51.35000000 0.20306381 4.69136381
51.36000000 0.20150021 4.67358111
51.37000000 0.19996284 4.65585860
51.38000000 0.19845125 4.63819622
51.39000000 0.19696497 4.62059392
51.40000000 0.19550357 4.60305164
51.41000000 0.19406660 4.58556931
51.42000000 0.19265365 4.56814688
51.43000000 0.19126428 4.55078426
51.44000000 0.18989811 4.53348138
51.45000000 0.18855471 4.51623818
51.46000000 0.18723372 4.49905457
51.47000000 0.18593473 4.48193046
51.48000000 0.18465739 4.46486579
51.49000000 0.18340131 4.44786045
51.50000000 0.18216615 4.43091436
51.51000000 0.18095155 4.41402743
51.52000000 0.17975717 4.39719956
51.53000000 0.17858267 4.38043066
51.54000000 0.17742773 4.36372062
51.55000000 0.17629201 4.34706935
51.56000000 0.17517522 4.33047674
51.57000000 0.17407703 4.31394268
51.58000000 0.17299715 4.29746707
51.59000000 0.17193527 4.28104981
51.60000000 0.17089112 4.26469077
51.61000000 0.16986440 4.24838984
51.62000000 0.16885484 4.23214691
51.63000000 0.16786217 4.21596186
51.64000000 0.16688612 4.19983458
51.65000000 0.16592643 4.18376493
51.66000000 0.16498284 4.16775281
51.67000000 0.16405510 4.15179808
51.68000000 0.16314298 4.13590063
51.69000000 0.16224623 4.12006032
51.70000000 0.16136461 4.10427703
51.71000000 0.16049789 4.08855063
51.72000000 0.15964586 4.07288099
51.73000000 0.15880828 4.05726798
51.74000000 0.15798494 4.04171146
51.75000000 0.15717564 4.02621130
51.76000000 0.15638016 4.01076737
51.77000000 0.15559830 3.99537953
51.78000000 0.15482986 3.98004763
51.79000000 0.15407465 3.96477156
51.80000000 0.15333248 3.94955116
51.81000000 0.15260315 3.93438629
51.82000000 0.15188649 3.91927682
51.83000000 0.15118231 3.90422260
51.84000000 0.15049045 3.88922349
51.85000000 0.14981072 3.87427935
51.86000000 0.14914296 3.85939002
51.87000000 0.14848700 3.84455538
51.88000000 0.14784269 3.82977527
51.89000000 0.14720985 3.81504954
51.90000000 0.14658835 3.80037805
51.91000000 0.14597802 3.78576064
51.92000000 0.14537871 3.77119719
51.93000000 0.14479029 3.75668752
51.94000000 0.14421260 3.74223150
51.95000000 0.14364550 3.72782897
51.96000000 0.14308887 3.71347979
51.97000000 0.14254255 3.69918380
51.98000000 0.14200643 3.68494085
51.99000000 0.14148037 3.67075079
52.00000000 0.14096424 3.65661347
52.01000000 0.14045793 3.64252874
52.02000000 0.13996130 3.62849644
52.03000000 0.13947424 3.61451641
52.04000000 0.13899664 3.60058852
52.05000000 0.13852837 3.58671259
52.06000000 0.13806934 3.57288849
52.07000000 0.13761941 3.55911605
52.08000000 0.13717850 3.54539511
52.09000000 0.13674649 3.53172554
52.10000000 0.13632328 3.51810716
52.11000000 0.13590877 3.50453983
52.12000000 0.13550286 3.49102339
52.13000000 0.13510545 3.47755768
52.14000000 0.13471645 3.46414255
52.15000000 0.13433577 3.45077784
52.16000000 0.13396330 3.43746340
52.17000000 0.13359898 3.42419907
52.18000000 0.13324270 3.41098469
52.19000000 0.13289438 3.39782012
52.20000000 0.13255394 3.38470518
52.21000000 0.13222129 3.37163973
52.22000000 0.13189636 3.35862362
52.23000000 0.13157906 3.34565667
52.24000000 0.13126932 3.33273875
52.25000000 0.13096707 3.31986968
52.26000000 0.13067223 3.30704933
52.27000000 0.13038472 3.29427752
52.28000000 0.13010448 3.28155410
52.29000000 0.12983144 3.26887892
52.30000000 0.12956552 3.25625182
52.31000000 0.12930667 3.24367265
52.32000000 0.12905482 3.23114125
52.33000000 0.12880990 3.21865746
52.34000000 0.12857186 3.20622113
52.35000000 0.12834063 3.19383210
52.36000000 0.12811614 3.18149021
52.37000000 0.12789836 3.16919532
52.38000000 0.12768721 3.15694727
52.39000000 0.12748265 3.14474590
52.40000000 0.12728461 3.13259105
52.41000000 0.12709304 3.12048258
52.42000000 0.12690790 3.10842032
52.43000000 0.12672914 3.09640413
52.44000000 0.12655669 3.08443385
52.45000000 0.12639052 3.07250932
52.46000000 0.12623058 3.06063039
52.47000000 0.12607682 3.04879692
52.48000000 0.12592919 3.03700873
52.49000000 0.12578766 3.02526569
52.50000000 0.12565218 3.01356764
52.51000000 0.12552270 3.00191442
52.52000000 0.12539920 2.99030589
52.53000000 0.12528162 2.97874189
52.54000000 0.12516993 2.96722227
52.55000000 0.12506409 2.95574687
52.56000000 0.12496406 2.94431556
52.57000000 0.12486982 2.93292817
52.58000000 0.12478131 2.92158455
52.59000000 0.12469852 2.91028456
52.60000000 0.12462141 2.89902804
52.61000000 0.12454993 2.88781485
52.62000000 0.12448408 2.87664483
52.63000000 0.12442380 2.86551783
52.64000000 0.12436908 2.85443371
52.65000000 0.12431989 2.84339232
52.66000000 0.12427619 2.83239350
52.67000000 0.12423796 2.82143712
52.68000000 0.12420518 2.81052302
52.69000000 0.12417781 2.79965105
52.70000000 0.12415585 2.78882107
52.71000000 0.12413925 2.77803293
52.72000000 0.12412800 2.76728648
52.73000000 0.12412207 2.75658158
52.74000000 0.12412146 2.74591809
52.75000000 0.12412612 2.73529584
52.76000000 0.12413605 2.72471471
52.77000000 0.12415123 2.71417455
52.78000000 0.12417163 2.70367521
52.79000000 0.12419724 2.69321654
52.80000000 0.12422804 2.68279840
52.81000000 0.12426402 2.67242066
52.82000000 0.12430516 2.66208316
52.83000000 0.12435144 2.65178577
52.84000000 0.12440286 2.64152834
52.85000000 0.12445939 2.63131072
52.86000000 0.12452103 2.62113279
52.87000000 0.12458776 2.61099439
52.88000000 0.12465957 2.60089538
52.89000000 0.12473646 2.59083563
52.90000000 0.12481840 2.58081499
52.91000000 0.12490539 2.57083333
52.92000000 0.12499743 2.56089050
52.93000000 0.12509449 2.55098637
52.94000000 0.12519659 2.54112079
52.95000000 0.12530370 2.53129363
52.96000000 0.12541582 2.52150476
52.97000000 0.12553295 2.51175402
52.98000000 0.12565508 2.50204130
52.99000000 0.12578221 2.49236644
53.00000000 0.12591433 2.48272931
53.01000000 0.12605143 2.47312978
53.02000000 0.12619353 2.46356771
53.03000000 0.12634060 2.45404297
53.04000000 0.12649266 2.44455541
53.05000000 0.12664969 2.43510491
53.06000000 0.12681171 2.42569134
53.07000000 0.12697870 2.41631455
53.08000000 0.12715068 2.40697442
53.09000000 0.12732763 2.39767081
53.10000000 0.12750957 2.38840359
53.11000000 0.12769649 2.37917262
53.12000000 0.12788839 2.36997779
53.13000000 0.12808529 2.36081894
53.14000000 0.12828718 2.35169596
53.15000000 0.12849407 2.34260872
53.16000000 0.12870596 2.33355707
53.17000000 0.12892286 2.32454090
53.18000000 0.12914478 2.31556008
53.19000000 0.12937171 2.30661446
53.20000000 0.12960367 2.29770394
53.21000000 0.12984067 2.28882837
53.22000000 0.13008270 2.27998764
53.23000000 0.13032979 2.27118160
53.24000000 0.13058194 2.26241015
53.25000000 0.13083916 2.25367314
53.26000000 0.13110146 2.24497046
53.27000000 0.13136884 2.23630197
53.28000000 0.13164133 2.22766756
53.29000000 0.13191893 2.21906710
53.30000000 0.13220166 2.21050045
53.31000000 0.13248952 2.20196751
53.32000000 0.13278253 2.19346815
53.33000000 0.13308071 2.18500224
53.34000000 0.13338406 2.17656965
53.35000000 0.13369260 2.16817028
53.36000000 0.13400635 2.15980399
53.37000000 0.13432533 2.15147066
53.38000000 0.13464954 2.14317018
53.39000000 0.13497901 2.13490241
53.40000000 0.13531375 2.12666725
53.41000000 0.13565378 2.11846457
53.42000000 0.13599912 2.11029425
53.43000000 0.13634978 2.10215617
53.44000000 0.13670579 2.09405022
53.45000000 0.13706716 2.08597627
53.46000000 0.13743392 2.07793421
53.47000000 0.13780609 2.06992391
53.48000000 0.13818368 2.06194527
53.49000000 0.13856672 2.05399817
53.50000000 0.13895523 2.04608248
53.51000000 0.13934923 2.03819810
53.52000000 0.13974875 2.03034490
53.53000000 0.14015380 2.02252277
53.54000000 0.14056442 2.01473161
53.55000000 0.14098063 2.00697128
53.56000000 0.14140245 1.99924169
53.57000000 0.14182991 1.99154271
53.58000000 0.14226304 1.98387423
53.59000000 0.14270185 1.97623614
53.60000000 0.14314639 1.96862833
53.61000000 0.14359667 1.96105068
53.62000000 0.14405272 1.95350308
53.63000000 0.14451458 1.94598543
53.64000000 0.14498227 1.93849761
53.65000000 0.14545582 1.93103951
53.66000000 0.14593526 1.92361102
53.67000000 0.14642062 1.91621203
53.68000000 0.14691194 1.90884243
53.69000000 0.14740924 1.90150212
53.70000000 0.14791256 1.89419098
53.71000000 0.14842193 1.88690890
53.72000000 0.14893738 1.87965579
53.73000000 0.14945896 1.87243152
53.74000000 0.14998668 1.86523600
53.75000000 0.15052059 1.85806912
53.76000000 0.15106072 1.85093077
53.77000000 0.15160711 1.84382085
53.78000000 0.15215980 1.83673924
53.79000000 0.15271882 1.82968585
53.80000000 0.15328421 1.82266058
53.81000000 0.15385600 1.81566330
53.82000000 0.15443425 1.80869394
53.83000000 0.15501898 1.80175237
53.84000000 0.15561023 1.79483849
53.85000000 0.15620805 1.78795222
53.86000000 0.15681248 1.78109343
53.87000000 0.15742356 1.77426203
53.88000000 0.15804133 1.76745792
53.89000000 0.15866583 1.76068099
53.90000000 0.15929711 1.75393116
53.91000000 0.15993521 1.74720830
53.92000000 0.16058018 1.74051234
53.93000000 0.16123206 1.73384316
53.94000000 0.16189089 1.72720066
53.95000000 0.16255673 1.72058475
53.96000000 0.16322962 1.71399534
53.97000000 0.16390960 1.70743231
53.98000000 0.16459673 1.70089557
53.99000000 0.16529105 1.69438504
54.00000000 0.16599261 1.68790059
54.01000000 0.16670147 1.68144216
54.02000000 0.16741767 1.67500962
54.03000000 0.16814127 1.66860290
54.04000000 0.16887231 1.66222189
54.05000000 0.16961085 1.65586650
54.06000000 0.17035694 1.64953663
54.07000000 0.17111064 1.64323220
54.08000000 0.17187200 1.63695309
54.09000000 0.17264107 1.63069923
54.10000000 0.17341791 1.62447052
54.11000000 0.17420259 1.61826686
54.12000000 0.17499514 1.61208817
54.13000000 0.17579564 1.60593434
54.14000000 0.17660413 1.59980529
54.15000000 0.17742069 1.59370093
54.16000000 0.17824537 1.58762117
54.17000000 0.17907822 1.58156590
54.18000000 0.17991931 1.57553506
54.19000000 0.18076871 1.56952853
54.20000000 0.18162647 1.56354624
54.21000000 0.18249266 1.55758810
54.22000000 0.18336735 1.55165400
54.23000000 0.18425059 1.54574388
54.24000000 0.18514245 1.53985763
54.25000000 0.18604300 1.53399518
54.26000000 0.18695230 1.52815642
54.27000000 0.18787043 1.52234128
54.28000000 0.18879745 1.51654967
54.29000000 0.18973343 1.51078149
54.30000000 0.19067845 1.50503668
54.31000000 0.19163256 1.49931513
54.32000000 0.19259585 1.49361676
54.33000000 0.19356838 1.48794150
54.34000000 0.19455023 1.48228924
54.35000000 0.19554147 1.47665991
54.36000000 0.19654218 1.47105343
54.37000000 0.19755243 1.46546971
54.38000000 0.19857230 1.45990866
54.39000000 0.19960187 1.45437020
54.40000000 0.20064121 1.44885426
54.41000000 0.20169040 1.44336074
54.42000000 0.20274953 1.43788957
54.43000000 0.20381867 1.43244066
54.44000000 0.20489790 1.42701393
54.45000000 0.20598731 1.42160931
54.46000000 0.20708698 1.41622670
54.47000000 0.20819700 1.41086603
54.48000000 0.20931744 1.40552722
54.49000000 0.21044840 1.40021019
54.50000000 0.21158996 1.39491486
54.51000000 0.21274221 1.38964114
54.52000000 0.21390523 1.38438897
54.53000000 0.21507913 1.37915826
54.54000000 0.21626398 1.37394894
54.55000000 0.21745988 1.36876092
54.56000000 0.21866692 1.36359412
54.57000000 0.21988520 1.35844848
54.58000000 0.22111481 1.35332392
54.59000000 0.22235584 1.34822035
54.60000000 0.22360839 1.34313770
54.61000000 0.22487256 1.33807589
54.62000000 0.22614845 1.33303486
54.63000000 0.22743615 1.32801452
54.64000000 0.22873577 1.32301479
54.65000000 0.23004740 1.31803561
54.66000000 0.23137116 1.31307690
54.67000000 0.23270714 1.30813859
54.68000000 0.23405545 1.30322060
54.69000000 0.23541619 1.29832285
54.70000000 0.23678947 1.29344528
54.71000000 0.23817540 1.28858782
54.72000000 0.23957408 1.28375038
54.73000000 0.24098564 1.27893289
54.74000000 0.24241017 1.27413530
54.75000000 0.24384779 1.26935752
54.76000000 0.24529862 1.26459947
54.77000000 0.24676276 1.25986110
54.78000000 0.24824034 1.25514234
54.79000000 0.24973147 1.25044310
54.80000000 0.25123628 1.24576332
54.81000000 0.25275487 1.24110293
54.82000000 0.25428736 1.23646186
54.83000000 0.25583390 1.23184004
54.84000000 0.25739458 1.22723741
54.85000000 0.25896954 1.22265389
54.86000000 0.26055891 1.21808942
54.87000000 0.26216281 1.21354392
54.88000000 0.26378137 1.20901733
54.89000000 0.26541471 1.20450959
54.90000000 0.26706298 1.20002062
54.91000000 0.26872629 1.19555037
54.92000000 0.27040479 1.19109875
54.93000000 0.27209861 1.18666571
54.94000000 0.27380789 1.18225118
54.95000000 0.27553276 1.17785510
54.96000000 0.27727335 1.17347740
54.97000000 0.27902982 1.16911801
54.98000000 0.28080231 1.16477687
54.99000000 0.28259095 1.16045392
55.00000000 0.28439589 1.15614908
55.01000000 0.28621727 1.15186231
55.02000000 0.28805525 1.14759353
55.03000000 0.28990998 1.14334268
55.04000000 0.29178159 1.13910970
55.05000000 0.29367025 1.13489453
55.06000000 0.29557611 1.13069709
55.07000000 0.29749932 1.12651734
55.08000000 0.29944004 1.12235521
55.09000000 0.30139843 1.11821064
55.10000000 0.30337465 1.11408356
55.11000000 0.30536885 1.10997392
55.12000000 0.30738120 1.10588165
55.13000000 0.30941187 1.10180670
55.14000000 0.31146102 1.09774900
55.15000000 0.31352882 1.09370850
55.16000000 0.31561544 1.08968513
55.17000000 0.31772105 1.08567884
55.18000000 0.31984582 1.08168957
55.19000000 0.32198992 1.07771725
55.20000000 0.32415354 1.07376184
55.21000000 0.32633685 1.06982327
55.22000000 0.32854003 1.06590148
55.23000000 0.33076326 1.06199642
55.24000000 0.33300673 1.05810803
55.25000000 0.33527062 1.05423625
55.26000000 0.33755511 1.05038103
55.27000000 0.33986040 1.04654230
55.28000000 0.34218668 1.04272003
55.29000000 0.34453413 1.03891414
55.30000000 0.34690296 1.03512458
55.31000000 0.34929336 1.03135130
55.32000000 0.35170553 1.02759424
55.33000000 0.35413967 1.02385334
55.34000000 0.35659597 1.02012857
55.35000000 0.35907466 1.01641985
55.36000000 0.36157592 1.01272713
55.37000000 0.36409997 1.00905037
55.38000000 0.36664703 1.00538950
55.39000000 0.36921729 1.00174448
55.40000000 0.37181099 0.99811525
55.41000000 0.37442833 0.99450176
55.42000000 0.37706953 0.99090396
55.43000000 0.37973481 0.98732179
55.44000000 0.38242441 0.98375521
55.45000000 0.38513853 0.98020416
55.46000000 0.38787741 0.97666859
55.47000000 0.39064129 0.97314845
55.48000000 0.39343038 0.96964368
55.49000000 0.39624494 0.96615425
55.50000000 0.39908518 0.96268010
55.51000000 0.40195136 0.95922118
55.52000000 0.40484371 0.95577744
55.53000000 0.40776248 0.95234882
55.54000000 0.41070791 0.94893529
55.55000000 0.41368026 0.94553680
55.56000000 0.41667976 0.94215328
55.57000000 0.41970669 0.93878471
55.58000000 0.42276128 0.93543102
55.59000000 0.42584381 0.93209217
55.60000000 0.42895453 0.92876812
55.61000000 0.43209370 0.92545881
55.62000000 0.43526160 0.92216420
55.63000000 0.43845849 0.91888424
55.64000000 0.44168463 0.91561890
55.65000000 0.44494032 0.91236811
55.66000000 0.44822582 0.90913183
55.67000000 0.45154141 0.90591003
55.68000000 0.45488738 0.90270265
55.69000000 0.45826400 0.89950965
55.70000000 0.46167158 0.89633098
55.71000000 0.46511039 0.89316661
55.72000000 0.46858074 0.89001648
55.73000000 0.47208291 0.88688055
55.74000000 0.47561721 0.88375878
55.75000000 0.47918394 0.88065113
55.76000000 0.48278341 0.87755755
55.77000000 0.48641592 0.87447799
55.78000000 0.49008179 0.87141243
55.79000000 0.49378132 0.86836081
55.80000000 0.49751484 0.86532309
55.81000000 0.50128266 0.86229923
55.82000000 0.50508512 0.85928919
55.83000000 0.50892253 0.85629293
55.84000000 0.51279523 0.85331041
55.85000000 0.51670355 0.85034158
55.86000000 0.52064783 0.84738641
55.87000000 0.52462840 0.84444486
55.88000000 0.52864561 0.84151688
55.89000000 0.53269980 0.83860244
55.90000000 0.53679133 0.83570149
55.91000000 0.54092055 0.83281401
55.92000000 0.54508782 0.82993994
55.93000000 0.54929348 0.82707926
55.94000000 0.55353792 0.82423191
55.95000000 0.55782149 0.82139788
55.96000000 0.56214457 0.81857710
55.97000000 0.56650753 0.81576956
55.98000000 0.57091075 0.81297521
55.99000000 0.57535460 0.81019402
56.00000000 0.57983948 0.80742595
56.01000000 0.58436578 0.80467096
56.02000000 0.58893389 0.80192901
56.03000000 0.59354419 0.79920008
56.04000000 0.59819711 0.79648412
56.05000000 0.60289303 0.79378110
56.06000000 0.60763237 0.79109099
56.07000000 0.61241554 0.78841375
56.08000000 0.61724296 0.78574934
56.09000000 0.62211504 0.78309774
56.10000000 0.62703222 0.78045890
56.11000000 0.63199491 0.77783280
56.12000000 0.63700356 0.77521940
56.13000000 0.64205859 0.77261867
56.14000000 0.64716046 0.77003058
56.15000000 0.65230961 0.76745508
56.16000000 0.65750648 0.76489216
56.17000000 0.66275153 0.76234178
56.18000000 0.66804522 0.75980390
56.19000000 0.67338801 0.75727850
56.20000000 0.67878037 0.75476555
56.21000000 0.68422278 0.75226501
56.22000000 0.68971570 0.74977685
56.23000000 0.69525962 0.74730105
56.24000000 0.70085503 0.74483757
56.25000000 0.70650241 0.74238639
56.26000000 0.71220227 0.73994747
56.27000000 0.71795509 0.73752078
56.28000000 0.72376139 0.73510630
56.29000000 0.72962168 0.73270400
56.30000000 0.73553647 0.73031386
56.31000000 0.74150628 0.72793583
56.32000000 0.74753163 0.72556990
56.33000000 0.75361306 0.72321603
56.34000000 0.75975110 0.72087421
56.35000000 0.76594628 0.71854440
56.36000000 0.77219917 0.71622658
56.37000000 0.77851029 0.71392072
56.38000000 0.78488022 0.71162679
56.39000000 0.79130951 0.70934478
56.40000000 0.79779873 0.70707465
56.41000000 0.80434845 0.70481638
56.42000000 0.81095925 0.70256995
56.43000000 0.81763170 0.70033532
56.44000000 0.82436641 0.69811249
56.45000000 0.83116396 0.69590142
56.46000000 0.83802495 0.69370209
56.47000000 0.84494999 0.69151447
56.48000000 0.85193970 0.68933855
56.49000000 0.85899467 0.68717431
56.50000000 0.86611555 0.68502171
56.51000000 0.87330296 0.68288074
56.52000000 0.88055754 0.68075138
56.53000000 0.88787992 0.67863361
56.54000000 0.89527075 0.67652740
56.55000000 0.90273069 0.67443273
56.56000000 0.91026040 0.67234959
56.57000000 0.91786054 0.67027795
56.58000000 0.92553178 0.66821780
56.59000000 0.93327481 0.66616912
56.60000000 0.94109031 0.66413188
56.61000000 0.94897896 0.66210607
56.62000000 0.95694148 0.66009168
56.63000000 0.96497856 0.65808867
56.64000000 0.97309092 0.65609704
56.65000000 0.98127926 0.65411677
56.66000000 0.98954433 0.65214785
56.67000000 0.99788685 0.65019024
56.68000000 1.00630756 0.64824395
56.69000000 1.01480720 0.64630895
56.70000000 1.02338654 0.64438523
56.71000000 1.03204632 0.64247278
56.72000000 1.04078732 0.64057157
56.73000000 1.04961031 0.63868160
56.74000000 1.05851608 0.63680285
56.75000000 1.06750540 0.63493530
56.76000000 1.07657909 0.63307895
56.77000000 1.08573793 0.63123379
56.78000000 1.09498276 0.62939979
56.79000000 1.10431437 0.62757695
56.80000000 1.11373361 0.62576525
56.81000000 1.12324131 0.62396469
56.82000000 1.13283830 0.62217526
56.83000000 1.14252544 0.62039694
56.84000000 1.15230359 0.61862972
56.85000000 1.16217362 0.61687359
56.86000000 1.17213639 0.61512855
56.87000000 1.18219280 0.61339459
56.88000000 1.19234373 0.61167170
56.89000000 1.20259008 0.60995986
56.90000000 1.21293276 0.60825908
56.91000000 1.22337269 0.60656934
56.92000000 1.23391078 0.60489064
56.93000000 1.24454799 0.60322298
56.94000000 1.25528524 0.60156634
56.95000000 1.26612348 0.59992072
56.96000000 1.27706368 0.59828612
56.97000000 1.28810681 0.59666253
56.98000000 1.29925384 0.59504994
56.99000000 1.31050576 0.59344837
57.00000000 1.32186356 0.59185779
57.01000000 1.33332825 0.59027821
57.02000000 1.34490085 0.58870963
57.03000000 1.35658236 0.58715205
57.04000000 1.36837384 0.58560546
57.05000000 1.38027632 0.58406986
57.06000000 1.39229085 0.58254525
57.07000000 1.40441850 0.58103164
57.08000000 1.41666032 0.57952903
57.09000000 1.42901742 0.57803740
57.10000000 1.44149087 0.57655678
57.11000000 1.45408178 0.57508715
57.12000000 1.46679125 0.57362853
57.13000000 1.47962041 0.57218091
57.14000000 1.49257039 0.57074430
57.15000000 1.50564233 0.56931871
57.16000000 1.51883739 0.56790414
57.17000000 1.53215671 0.56650059
57.18000000 1.54560149 0.56510807
57.19000000 1.55917289 0.56372659
57.20000000 1.57287211 0.56235615
57.21000000 1.58670036 0.56099677
57.22000000 1.60065886 0.55964845
57.23000000 1.61474882 0.55831120
57.24000000 1.62897148 0.55698503
57.25000000 1.64332811 0.55566995
57.26000000 1.65781994 0.55436597
57.27000000 1.67244826 0.55307310
57.28000000 1.68721434 0.55179136
57.29000000 1.70211948 0.55052076
57.30000000 1.71716499 0.54926130
57.31000000 1.73235218 0.54801302
57.32000000 1.74768237 0.54677591
57.33000000 1.76315691 0.54554999
57.34000000 1.77877715 0.54433529
57.35000000 1.79454446 0.54313182
57.36000000 1.81046020 0.54193959
57.37000000 1.82652577 0.54075863
57.38000000 1.84274256 0.53958895
57.39000000 1.85911199 0.53843057
57.40000000 1.87563548 0.53728352
57.41000000 1.89231446 0.53614781
57.42000000 1.90915040 0.53502346
57.43000000 1.92614474 0.53391051
57.44000000 1.94329896 0.53280896
57.45000000 1.96061456 0.53171886
57.46000000 1.97809302 0.53064021
57.47000000 1.99573586 0.52957306
57.48000000 2.01354462 0.52851741
57.49000000 2.03152081 0.52747331
57.50000000 2.04966601 0.52644078
57.51000000 2.06798177 0.52541985
57.52000000 2.08646967 0.52441055
57.53000000 2.10513130 0.52341291
57.54000000 2.12396827 0.52242697
57.55000000 2.14298220 0.52145274
57.56000000 2.16217471 0.52049028
57.57000000 2.18154746 0.51953962
57.58000000 2.20110211 0.51860078
57.59000000 2.22084033 0.51767381
57.60000000 2.24076380 0.51675874
57.61000000 2.26087422 0.51585562
57.62000000 2.28117333 0.51496448
57.63000000 2.30166283 0.51408536
57.64000000 2.32234448 0.51321831
57.65000000 2.34322004 0.51236337
57.66000000 2.36429128 0.51152058
57.67000000 2.38555998 0.51068999
57.68000000 2.40702794 0.50987164
57.69000000 2.42869700 0.50906558
57.70000000 2.45056896 0.50827186
57.71000000 2.47264569 0.50749054
57.72000000 2.49492904 0.50672165
57.73000000 2.51742088 0.50596525
57.74000000 2.54012311 0.50522140
57.75000000 2.56303763 0.50449015
57.76000000 2.58616636 0.50377155
57.77000000 2.60951124 0.50306567
57.78000000 2.63307422 0.50237255
57.79000000 2.65685726 0.50169227
57.80000000 2.68086234 0.50102489
57.81000000 2.70509147 0.50037045
57.82000000 2.72954664 0.49972904
57.83000000 2.75422990 0.49910071
57.84000000 2.77914328 0.49848553
57.85000000 2.80428884 0.49788358
57.86000000 2.82966865 0.49729491
57.87000000 2.85528481 0.49671960
57.88000000 2.88113942 0.49615773
57.89000000 2.90723459 0.49560936
57.90000000 2.93357247 0.49507458
57.91000000 2.96015521 0.49455347
57.92000000 2.98698497 0.49404609
57.93000000 3.01406394 0.49355254
57.94000000 3.04139432 0.49307290
57.95000000 3.06897833 0.49260724
57.96000000 3.09681818 0.49215567
57.97000000 3.12491614 0.49171826
57.98000000 3.15327447 0.49129511
57.99000000 3.18189544 0.49088631
58.00000000 3.21078135 0.49049195
58.01000000 3.23993450 0.49011213
58.02000000 3.26935723 0.48974695
58.03000000 3.29905188 0.48939650
58.04000000 3.32902081 0.48906090
58.05000000 3.35926638 0.48874024
58.06000000 3.38979100 0.48843463
58.07000000 3.42059706 0.48814418
58.08000000 3.45168699 0.48786900
58.09000000 3.48306322 0.48760921
58.10000000 3.51472821 0.48736492
58.11000000 3.54668442 0.48713624
58.12000000 3.57893435 0.48692331
58.13000000 3.61148048 0.48672623
58.14000000 3.64432534 0.48654514
58.15000000 3.67747146 0.48638017
58.16000000 3.71092137 0.48623144
58.17000000 3.74467765 0.48609910
58.18000000 3.77874286 0.48598327
58.19000000 3.81311961 0.48588409
58.20000000 3.84781049 0.48580171
58.21000000 3.88281814 0.48573627
58.22000000 3.91814517 0.48568792
58.23000000 3.95379425 0.48565681
58.24000000 3.98976804 0.48564309
58.25000000 4.02606921 0.48564692
58.26000000 4.06270048 0.48566847
58.27000000 4.09966453 0.48570788
58.28000000 4.13696409 0.48576534
58.29000000 4.17460190 0.48584100
58.30000000 4.21258071 0.48593505
58.31000000 4.25090327 0.48604766
58.32000000 4.28957237 0.48617902
58.33000000 4.32859080 0.48632929
58.34000000 4.36796134 0.48649869
58.35000000 4.40768683 0.48668738
58.36000000 4.44777007 0.48689558
58.37000000 4.48821392 0.48712349
58.38000000 4.52902122 0.48737129
58.39000000 4.57019482 0.48763922
58.40000000 4.61173761 0.48792746
58.41000000 4.65365246 0.48823626
58.42000000 4.69594228 0.48856581
58.43000000 4.73860995 0.48891636
58.44000000 4.78165840 0.48928813
58.45000000 4.82509054 0.48968135
58.46000000 4.86890931 0.49009627
58.47000000 4.91311765 0.49053313
58.48000000 4.95771851 0.49099218
58.49000000 5.00271484 0.49147368
58.50000000 5.04810960 0.49197789
58.51000000 5.09390577 0.49250506
58.52000000 5.14010633 0.49305549
58.53000000 5.18671425 0.49362943
58.54000000 5.23373252 0.49422718
58.55000000 5.28116414 0.49484901
58.56000000 5.32901210 0.49549524
58.57000000 5.37727940 0.49616615
58.58000000 5.42596906 0.49686206
58.59000000 5.47508406 0.49758328
58.60000000 5.52462743 0.49833013
58.61000000 5.57460216 0.49910293
58.62000000 5.62501127 0.49990201
58.63000000 5.67585778 0.50072773
58.64000000 5.72714467 0.50158043
58.65000000 5.77887497 0.50246046
58.66000000 5.83105167 0.50336818
58.67000000 5.88367778 0.50430397
58.68000000 5.93675628 0.50526820
58.69000000 5.99029018 0.50626126
58.70000000 6.04428245 0.50728355
58.71000000 6.09873606 0.50833546
58.72000000 6.15365400 0.50941741
58.73000000 6.20903921 0.51052982
58.74000000 6.26489464 0.51167311
58.75000000 6.32122324 0.51284774
58.76000000 6.37802793 0.51405413
58.77000000 6.43531161 0.51529276
58.78000000 6.49307719 0.51656409
58.79000000 6.55132754 0.51786859
58.80000000 6.61006553 0.51920676
58.81000000 6.66929401 0.52057908
58.82000000 6.72901578 0.52198608
58.83000000 6.78923366 0.52342828
58.84000000 6.84995043 0.52490619
58.85000000 6.91116883 0.52642037
58.86000000 6.97289161 0.52797138
58.87000000 7.03512145 0.52955977
58.88000000 7.09786103 0.53118613
58.89000000 7.16111298 0.53285105
58.90000000 7.22487992 0.53455514
58.91000000 7.28916442 0.53629901
58.92000000 7.35396900 0.53808330
58.93000000 7.41929618 0.53990866
58.94000000 7.48514839 0.54177574
58.95000000 7.55152806 0.54368522
58.96000000 7.61843756 0.54563780
58.97000000 7.68587920 0.54763417
58.98000000 7.75385525 0.54967507
58.99000000 7.82236794 0.55176122
59.00000000 7.89141942 0.55389339
59.01000000 7.96101182 0.55607235
59.02000000 8.03114717 0.55829888
59.03000000 8.10182746 0.56057379
59.04000000 8.17305462 0.56289791
59.05000000 8.24483051 0.56527208
59.06000000 8.31715690 0.56769717
59.07000000 8.39003551 0.57017405
59.08000000 8.46346797 0.57270364
59.09000000 8.53745583 0.57528685
59.10000000 8.61200058 0.57792464
59.11000000 8.68710360 0.58061796
59.12000000 8.76276617 0.58336780
59.13000000 8.83898951 0.58617519
59.14000000 8.91577472 0.58904114
59.15000000 8.99312281 0.59196673
59.16000000 9.07103467 0.59495303
59.17000000 9.14951110 0.59800116
59.18000000 9.22855278 0.60111224
59.19000000 9.30816026 0.60428745
59.20000000 9.38833399 0.60752795
59.21000000 9.46907429 0.61083498
59.22000000 9.55038133 0.61420978
59.23000000 9.63225517 0.61765361
59.24000000 9.71469571 0.62116778
59.25000000 9.79770272 0.62475363
59.26000000 9.88127582 0.62841251
59.27000000 9.96541445 0.63214583
59.28000000 10.05011791 0.63595502
59.29000000 10.13538534 0.63984153
59.30000000 10.22121569 0.64380687
59.31000000 10.30760773 0.64785257
59.32000000 10.39456007 0.65198020
59.33000000 10.48207111 0.65619137
59.34000000 10.57013905 0.66048771
59.35000000 10.65876189 0.66487093
59.36000000 10.74793743 0.66934273
59.37000000 10.83766324 0.67390489
59.38000000 10.92793667 0.67855921
59.39000000 11.01875483 0.68330754
59.40000000 11.11011461 0.68815178
59.41000000 11.20201263 0.69309387
59.42000000 11.29444526 0.69813580
59.43000000 11.38740863 0.70327959
59.44000000 11.48089856 0.70852733
59.45000000 11.57491063 0.71388115
59.46000000 11.66944009 0.71934323
59.47000000 11.76448192 0.72491582
59.48000000 11.86003079 0.73060120
59.49000000 11.95608104 0.73640171
59.50000000 12.05262669 0.74231975
59.51000000 12.14966144 0.74835778
59.52000000 12.24717862 0.75451832
59.53000000 12.34517120 0.76080395
59.54000000 12.44363182 0.76721729
59.55000000 12.54255270 0.77376106
59.56000000 12.64192568 0.78043801
59.57000000 12.74174223 0.78725099
59.58000000 12.84199336 0.79420288
59.59000000 12.94266969 0.80129666
59.60000000 13.04376140 0.80853537
59.61000000 13.14525820 0.81592211
59.62000000 13.24714937 0.82346008
59.63000000 13.34942368 0.83115253
59.64000000 13.45206945 0.83900280
59.65000000 13.55507447 0.84701431
59.66000000 13.65842603 0.85519055
59.67000000 13.76211088 0.86353511
59.68000000 13.86611525 0.87205164
59.69000000 13.97042480 0.88074389
59.70000000 14.07502460 0.88961571
59.71000000 14.17989917 0.89867102
59.72000000 14.28503240 0.90791383
59.73000000 14.39040758 0.91734825
59.74000000 14.49600735 0.92697849
59.75000000 14.60181373 0.93680884
59.76000000 14.70780806 0.94684372
59.77000000 14.81397099 0.95708760
59.78000000 14.92028248 0.96754510
59.79000000 15.02672179 0.97822092
59.80000000 15.13326745 0.98911986
59.81000000 15.23989722 1.00024685
59.82000000 15.34658812 1.01160690
59.83000000 15.45331639 1.02320515
59.84000000 15.56005746 1.03504685
59.85000000 15.66678595 1.04713736
59.86000000 15.77347566 1.05948215
59.87000000 15.88009952 1.07208682
59.88000000 15.98662963 1.08495707
59.89000000 16.09303717 1.09809874
59.90000000 16.19929245 1.11151777
59.91000000 16.30536483 1.12522024
59.92000000 16.41122279 1.13921235
59.93000000 16.51683380 1.15350041
59.94000000 16.62216442 1.16809086
59.95000000 16.72718018 1.18299029
59.96000000 16.83184566 1.19820538
59.97000000 16.93612440 1.21374296
59.98000000 17.03997892 1.22960998
59.99000000 17.14337070 1.24581351
60.00000000 17.24626017 1.26236078
60.01000000 17.34860668 1.27925910
60.02000000 17.45036852 1.29651594
60.03000000 17.55150289 1.31413888
60.04000000 17.65196587 1.33213564
60.05000000 17.75171244 1.35051406
60.06000000 17.85069648 1.36928208
60.07000000 17.94887071 1.38844779
60.08000000 18.04618676 1.40801939
60.09000000 18.14259508 1.42800519
60.10000000 18.23804501 1.44841361
60.11000000 18.33248475 1.46925321
60.12000000 18.42586134 1.49053261
60.13000000 18.51812070 1.51226057
60.14000000 18.60920761 1.53444594
60.15000000 18.69906571 1.55709765
60.16000000 18.78763754 1.58022472
60.17000000 18.87486451 1.60383628
60.18000000 18.96068695 1.62794149
60.19000000 19.04504408 1.65254962
60.20000000 19.12787409 1.67766997
60.21000000 19.20911410 1.70331191
60.22000000 19.28870024 1.72948484
60.23000000 19.36656760 1.75619821
60.24000000 19.44265037 1.78346147
60.25000000 19.51688176 1.81128411
60.26000000 19.58919413 1.83967559
60.27000000 19.65951896 1.86864538
60.28000000 19.72778696 1.89820291
60.29000000 19.79392806 1.92835756
60.30000000 19.85787152 1.95911869
60.31000000 19.91954592 1.99049554
60.32000000 19.97887931 2.02249730
60.33000000 20.03579919 2.05513302
60.34000000 20.09023266 2.08841166
60.35000000 20.14210642 2.12234199
60.36000000 20.19134694 2.15693264
60.37000000 20.23788045 2.19219206
60.38000000 20.28163312 2.22812845
60.39000000 20.32253110 2.26474982
60.40000000 20.36050066 2.30206388
60.41000000 20.39546827 2.34007808
60.42000000 20.42736073 2.37879955
60.43000000 20.45610527 2.41823508
60.44000000 20.48162972 2.45839109
60.45000000 20.50386258 2.49927360
60.46000000 20.52273319 2.54088822
60.47000000 20.53817189 2.58324007
60.48000000 20.55011009 2.62633382
60.49000000 20.55848051 2.67017359
60.50000000 20.56321726 2.71476295
60.51000000 20.56425605 2.76010490
60.52000000 20.56153432 2.80620180
60.53000000 20.55499141 2.85305537
60.54000000 20.54456874 2.90066664
60.55000000 20.53020997 2.94903591
60.56000000 20.51186119 2.99816273
60.57000000 20.48947108 3.04804585
60.58000000 20.46299107 3.09868323
60.59000000 20.43237557 3.15007192
60.60000000 20.39758209 3.20220814
60.61000000 20.35857146 3.25508713
60.62000000 20.31530797 3.30870323
60.63000000 20.26775958 3.36304977
60.64000000 20.21589805 3.41811907
60.65000000 20.15969916 3.47390243
60.66000000 20.09914282 3.53039007
60.67000000 20.03421327 3.58757114
60.68000000 19.96489918 3.64543366
60.69000000 19.89119387 3.70396454
60.70000000 19.81309539 3.76314956
60.71000000 19.73060664 3.82297330
60.72000000 19.64373556 3.88341922
60.73000000 19.55249514 3.94446956
60.74000000 19.45690362 4.00610540
60.75000000 19.35698449 4.06830663
60.76000000 19.25276661 4.13105195
60.77000000 19.14428426 4.19431888
60.78000000 19.03157716 4.25808378
60.79000000 18.91469055 4.32232185
60.80000000 18.79367514 4.38700713
60.81000000 18.66858716 4.45211256
60.82000000 18.53948832 4.51760997
60.83000000 18.40644577 4.58347011
60.84000000 18.26953205 4.64966273
60.85000000 18.12882501 4.71615655
60.86000000 17.98440774 4.78291933
60.87000000 17.83636845 4.84991794
60.88000000 17.68480035 4.91711836
60.89000000 17.52980149 4.98448577
60.90000000 17.37147463 5.05198459
60.91000000 17.20992705 5.11957854
60.92000000 17.04527034 5.18723070
60.93000000 16.87762023 5.25490361
60.94000000 16.70709634 5.32255927
60.95000000 16.53382195 5.39015929
60.96000000 16.35792373 5.45766489
60.97000000 16.17953151 5.52503705
60.98000000 15.99877802 5.59223651
60.99000000 15.81579853 5.65922392
61.00000000 15.63073064 5.72595988
61.01000000 15.44371394 5.79240501
61.02000000 15.25488972 5.85852008
61.03000000 15.06440065 5.92426603
61.04000000 14.87239046 5.98960412
61.05000000 14.67900365 6.05449593
61.06000000 14.48438515 6.11890351
61.07000000 14.28868002 6.18278943
61.08000000 14.09203314 6.24611682
61.09000000 13.89458888 6.30884952
61.10000000 13.69649083 6.37095208
61.11000000 13.49788147 6.43238988
61.12000000 13.29890191 6.49312914
61.13000000 13.09969159 6.55313704
61.14000000 12.90038802 6.61238175
61.15000000 12.70112652 6.67083248
61.16000000 12.50203997 6.72845956
61.17000000 12.30325857 6.78523443
61.18000000 12.10490964 6.84112975
61.19000000 11.90711739 6.89611941
61.20000000 11.71000274 6.95017853
61.21000000 11.51368313 7.00328356
61.22000000 11.31827238 7.05541224
61.23000000 11.12388054 7.10654367
61.24000000 10.93061372 7.15665829
61.25000000 10.73857406 7.20573791
61.26000000 10.54785952 7.25376571
61.27000000 10.35856391 7.30072627
61.28000000 10.17077673 7.34660553
61.29000000 9.98458319 7.39139080
61.30000000 9.80006413 7.43507077
61.31000000 9.61729600 7.47763547
61.32000000 9.43635086 7.51907630
61.33000000 9.25729641 7.55938593
61.34000000 9.08019595 7.59855837
61.35000000 8.90510847 7.63658890
61.36000000 8.73208863 7.67347401
61.37000000 8.56118689 7.70921146
61.38000000 8.39244947 7.74380016
61.39000000 8.22591853 7.77724017
61.40000000 8.06163217 7.80953270
61.41000000 7.89962454 7.84068000
61.42000000 7.73992595 7.87068539
61.43000000 7.58256297 7.89955316
61.44000000 7.42755850 7.92728859
61.45000000 7.27493194 7.95389786
61.46000000 7.12469925 7.97938804
61.47000000 6.97687309 8.00376701
61.48000000 6.83146297 8.02704346
61.49000000 6.68847533 8.04922682
61.50000000 6.54791369 8.07032724
61.51000000 6.40977877 8.09035552
61.52000000 6.27406863 8.10932309
61.53000000 6.14077878 8.12724193
61.54000000 6.00990231 8.14412461
61.55000000 5.88143005 8.15998415
61.56000000 5.75535064 8.17483406
61.57000000 5.63165068 8.18868825
61.58000000 5.51031489 8.20156104
61.59000000 5.39132615 8.21346707
61.60000000 5.27466570 8.22442130
61.61000000 5.16031318 8.23443897
61.62000000 5.04824682 8.24353555
61.63000000 4.93844347 8.25172675
61.64000000 4.83087877 8.25902843
61.65000000 4.72552720 8.26545662
61.66000000 4.62236224 8.27102746
61.67000000 4.52135639 8.27575720
61.68000000 4.42248132 8.27966214
61.69000000 4.32570795 8.28275866
61.70000000 4.23100651 8.28506313
61.71000000 4.13834663 8.28659192
61.72000000 4.04769745 8.28736142
61.73000000 3.95902762 8.28738793
61.74000000 3.87230545 8.28668772
61.75000000 3.78749893 8.28527698
61.76000000 3.70457582 8.28317181
61.77000000 3.62350366 8.28038819
61.78000000 3.54424989 8.27694200
61.79000000 3.46678186 8.27284898
61.80000000 3.39106690 8.26812471
61.81000000 3.31707234 8.26278463
61.82000000 3.24476560 8.25684400
61.83000000 3.17411419 8.25031792
61.84000000 3.10508575 8.24322130
61.85000000 3.03764811 8.23556884
61.86000000 2.97176931 8.22737507
61.87000000 2.90741762 8.21865430
61.88000000 2.84456158 8.20942062
61.89000000 2.78317002 8.19968793
61.90000000 2.72321208 8.18946989
61.91000000 2.66465726 8.17877994
61.92000000 2.60747539 8.16763131
61.93000000 2.55163667 8.15603698
61.94000000 2.49711172 8.14400971
61.95000000 2.44387152 8.13156204
61.96000000 2.39188749 8.11870626
61.97000000 2.34113147 8.10545444
61.98000000 2.29157574 8.09181840
61.99000000 2.24319300 8.07780975
62.00000000 2.19595642 8.06343985
62.01000000 2.14983962 8.04871983
62.02000000 2.10481667 8.03366060
62.03000000 2.06086211 8.01827283
62.04000000 2.01795095 8.00256697
62.05000000 1.97605864 7.98655324
62.06000000 1.93516111 7.97024163
62.07000000 1.89523478 7.95364193
62.08000000 1.85625649 7.93676368
62.09000000 1.81820359 7.91961624
62.10000000 1.78105385 7.90220871
62.11000000 1.74478552 7.88455002
62.12000000 1.70937732 7.86664888
62.13000000 1.67480838 7.84851377
62.14000000 1.64105832 7.83015301
62.15000000 1.60810718 7.81157469
62.16000000 1.57593545 7.79278671
62.17000000 1.54452404 7.77379679
62.18000000 1.51385431 7.75461245
62.19000000 1.48390800 7.73524101
62.20000000 1.45466732 7.71568965
62.21000000 1.42611486 7.69596532
62.22000000 1.39823361 7.67607482
62.23000000 1.37100696 7.65602479
62.24000000 1.34441871 7.63582167
62.25000000 1.31845303 7.61547177
62.26000000 1.29309446 7.59498120
62.27000000 1.26832792 7.57435594
62.28000000 1.24413869 7.55360180
62.29000000 1.22051241 7.53272444
62.30000000 1.19743508 7.51172938
62.31000000 1.17489302 7.49062199
62.32000000 1.15287290 7.46940749
62.33000000 1.13136172 7.44809096
62.34000000 1.11034681 7.42667736
62.35000000 1.08981578 7.40517150
62.36000000 1.06975660 7.38357807
62.37000000 1.05015751 7.36190163
62.38000000 1.03100705 7.34014663
62.39000000 1.01229405 7.31831737
62.40000000 0.99400762 7.29641805
62.41000000 0.97613716 7.27445275
62.42000000 0.95867233 7.25242546
62.43000000 0.94160304 7.23034002
62.44000000 0.92491948 7.20820019
62.45000000 0.90861208 7.18600963
62.46000000 0.89267152 7.16377187
62.47000000 0.87708871 7.14149038
62.48000000 0.86185479 7.11916849
62.49000000 0.84696116 7.09680948
62.50000000 0.83239940 7.07441650
62.51000000 0.81816133 7.05199264
62.52000000 0.80423898 7.02954088
62.53000000 0.79062459 7.00706412
62.54000000 0.77731058 6.98456520
62.55000000 0.76428959 6.96204686
62.56000000 0.75155443 6.93951174
62.57000000 0.73909812 6.91696245
62.58000000 0.72691383 6.89440150
62.59000000 0.71499495 6.87183131
62.60000000 0.70333500 6.84925427
62.61000000 0.69192769 6.82667268
62.62000000 0.68076688 6.80408875
62.63000000 0.66984661 6.78150468
62.64000000 0.65916105 6.75892254
62.65000000 0.64870454 6.73634440
62.66000000 0.63847156 6.71377223
62.67000000 0.62845672 6.69120796
62.68000000 0.61865480 6.66865345
62.69000000 0.60906069 6.64611052
62.70000000 0.59966943 6.62358091
62.71000000 0.59047616 6.60106635
62.72000000 0.58147617 6.57856847
62.73000000 0.57266488 6.55608889
62.74000000 0.56403779 6.53362915
62.75000000 0.55559056 6.51119078
62.76000000 0.54731894 6.48877522
62.77000000 0.53921878 6.46638390
62.78000000 0.53128606 6.44401819
62.79000000 0.52351685 6.42167943
62.80000000 0.51590731 6.39936889
62.81000000 0.50845373 6.37708785
62.82000000 0.50115247 6.35483750
62.83000000 0.49399998 6.33261902
62.84000000 0.48699282 6.31043354
62.85000000 0.48012763 6.28828218
62.86000000 0.47340113 6.26616599
62.87000000 0.46681012 6.24408601
62.88000000 0.46035151 6.22204324
62.89000000 0.45402224 6.20003864
62.90000000 0.44781938 6.17807315
62.91000000 0.44174003 6.15614767
62.92000000 0.43578140 6.13426309
62.93000000 0.42994074 6.11242024
62.94000000 0.42421539 6.09061995
62.95000000 0.41860275 6.06886301
62.96000000 0.41310028 6.04715018
62.97000000 0.40770550 6.02548221
62.98000000 0.40241603 6.00385980
62.99000000 0.39722949 5.98228365
63.00000000 0.39214360 5.96075443
63.01000000 0.38715614 5.93927277
63.02000000 0.38226492 5.91783930
63.03000000 0.37746781 5.89645462
63.04000000 0.37276275 5.87511930
63.05000000 0.36814772 5.85383390
63.06000000 0.36362075 5.83259895
63.07000000 0.35917991 5.81141498
63.08000000 0.35482334 5.79028248
63.09000000 0.35054921 5.76920194
63.10000000 0.34635572 5.74817380
63.11000000 0.34224116 5.72719852
63.12000000 0.33820381 5.70627652
63.13000000 0.33424202 5.68540821
63.14000000 0.33035418 5.66459398
63.15000000 0.32653871 5.64383422
63.16000000 0.32279408 5.62312929
63.17000000 0.31911879 5.60247953
63.18000000 0.31551136 5.58188527
63.19000000 0.31197038 5.56134685
63.20000000 0.30849445 5.54086455
63.21000000 0.30508220 5.52043868
63.22000000 0.30173232 5.50006951
63.23000000 0.29844350 5.47975730
63.24000000 0.29521448 5.45950233
63.25000000 0.29204402 5.43930481
63.26000000 0.28893091 5.41916500
63.27000000 0.28587399 5.39908309
63.28000000 0.28287210 5.37905931
63.29000000 0.27992412 5.35909385
63.30000000 0.27702896 5.33918690
63.31000000 0.27418553 5.31933863
63.32000000 0.27139281 5.29954922
63.33000000 0.26864976 5.27981881
63.34000000 0.26595540 5.26014756
63.35000000 0.26330874 5.24053560
63.36000000 0.26070885 5.22098307
63.37000000 0.25815478 5.20149009
63.38000000 0.25564564 5.18205677
63.39000000 0.25318053 5.16268321
63.40000000 0.25075860 5.14336952
63.41000000 0.24837899 5.12411577
63.42000000 0.24604088 5.10492206
63.43000000 0.24374347 5.08578846
63.44000000 0.24148596 5.06671503
63.45000000 0.23926758 5.04770184
63.46000000 0.23708758 5.02874894
63.47000000 0.23494523 5.00985637
63.48000000 0.23283981 4.99102418
63.49000000 0.23077060 4.97225241
63.50000000 0.22873694 4.95354107
63.51000000 0.22673813 4.93489020
63.52000000 0.22477354 4.91629981
63.53000000 0.22284251 4.89776991
63.54000000 0.22094441 4.87930051
63.55000000 0.21907865 4.86089162
63.56000000 0.21724461 4.84254321
63.57000000 0.21544170 4.82425530
63.58000000 0.21366937 4.80602786
63.59000000 0.21192704 4.78786087
63.60000000 0.21021417 4.76975432
63.61000000 0.20853021 4.75170817
63.62000000 0.20687466 4.73372239
63.63000000 0.20524699 4.71579695
63.64000000 0.20364670 4.69793181
63.65000000 0.20207331 4.68012692
63.66000000 0.20052633 4.66238223
63.67000000 0.19900529 4.64469770
63.68000000 0.19750974 4.62707327
63.69000000 0.19603922 4.60950888
63.70000000 0.19459330 4.59200447
63.71000000 0.19317154 4.57455997
63.72000000 0.19177354 4.55717531
63.73000000 0.19039886 4.53985043
63.74000000 0.18904712 4.52258525
63.75000000 0.18771791 4.50537969
63.76000000 0.18641086 4.48823366
63.77000000 0.18512559 4.47114710
63.78000000 0.18386171 4.45411991
63.79000000 0.18261889 4.43715200
63.80000000 0.18139675 4.42024328
63.81000000 0.18019496 4.40339365
63.82000000 0.17901317 4.38660303
63.83000000 0.17785106 4.36987131
63.84000000 0.17670830 4.35319840
63.85000000 0.17558457 4.33658419
63.86000000 0.17447956 4.32002857
63.87000000 0.17339297 4.30353143
63.88000000 0.17232449 4.28709268
63.89000000 0.17127384 4.27071220
63.90000000 0.17024073 4.25438987
63.91000000 0.16922488 4.23812558
63.92000000 0.16822602 4.22191922
63.93000000 0.16724387 4.20577066
63.94000000 0.16627818 4.18967979
63.95000000 0.16532869 4.17364649
63.96000000 0.16439514 4.15767063
63.97000000 0.16347729 4.14175208
63.98000000 0.16257490 4.12589073
63.99000000 0.16168773 4.11008645
64.00000000 0.16081555 4.09433910
64.01000000 0.15995813 4.07864856
64.02000000 0.15911525 4.06301469
64.03000000 0.15828669 4.04743737
64.04000000 0.15747225 4.03191646
64.05000000 0.15667170 4.01645182
64.06000000 0.15588484 4.00104333
64.07000000 0.15511148 3.98569083
64.08000000 0.15435142 3.97039421
64.09000000 0.15360446 3.95515331
64.10000000 0.15287042 3.93996799
64.11000000 0.15214911 3.92483812
64.12000000 0.15144036 3.90976356
64.13000000 0.15074397 3.89474416
64.14000000 0.15005979 3.87977978
64.15000000 0.14938764 3.86487027
64.16000000 0.14872735 3.85001550
64.17000000 0.14807877 3.83521530
64.18000000 0.14744172 3.82046955
64.19000000 0.14681606 3.80577809
64.20000000 0.14620163 3.79114078
64.21000000 0.14559828 3.77655746
64.22000000 0.14500586 3.76202799
64.23000000 0.14442423 3.74755222
64.24000000 0.14385325 3.73313000
64.25000000 0.14329277 3.71876117
64.26000000 0.14274267 3.70444560
64.27000000 0.14220281 3.69018312
64.28000000 0.14167306 3.67597359
64.29000000 0.14115328 3.66181686
64.30000000 0.14064337 3.64771276
64.31000000 0.14014318 3.63366116
64.32000000 0.13965261 3.61966189
64.33000000 0.13917154 3.60571480
64.34000000 0.13869985 3.59181974
64.35000000 0.13823742 3.57797656
64.36000000 0.13778415 3.56418510
64.37000000 0.13733993 3.55044521
64.38000000 0.13690465 3.53675672
64.39000000 0.13647821 3.52311950
64.40000000 0.13606051 3.50953337
64.41000000 0.13565144 3.49599820
64.42000000 0.13525091 3.48251381
64.43000000 0.13485882 3.46908006
64.44000000 0.13447508 3.45569679
64.45000000 0.13409960 3.44236384
64.46000000 0.13373229 3.42908107
64.47000000 0.13337305 3.41584830
64.48000000 0.13302181 3.40266539
64.49000000 0.13267848 3.38953218
64.50000000 0.13234297 3.37644852
64.51000000 0.13201520 3.36341424
64.52000000 0.13169510 3.35042920
64.53000000 0.13138259 3.33749323
64.54000000 0.13107758 3.32460617
64.55000000 0.13078002 3.31176789
64.56000000 0.13048982 3.29897821
64.57000000 0.13020691 3.28623698
64.58000000 0.12993122 3.27354404
64.59000000 0.12966269 3.26089924
64.60000000 0.12940124 3.24830243
64.61000000 0.12914682 3.23575344
64.62000000 0.12889935 3.22325212
64.63000000 0.12865878 3.21079832
64.64000000 0.12842504 3.19839188
64.65000000 0.12819808 3.18603264
64.66000000 0.12797784 3.17372045
64.67000000 0.12776425 3.16145516
64.68000000 0.12755726 3.14923660
64.69000000 0.12735683 3.13706463
64.70000000 0.12716288 3.12493909
64.71000000 0.12697538 3.11285982
64.72000000 0.12679427 3.10082667
64.73000000 0.12661950 3.08883949
64.74000000 0.12645103 3.07689812
64.75000000 0.12628880 3.06500240
64.76000000 0.12613276 3.05315220
64.77000000 0.12598288 3.04134734
64.78000000 0.12583911 3.02958768
64.79000000 0.12570140 3.01787307
64.80000000 0.12556972 3.00620335
64.81000000 0.12544402 2.99457837
64.82000000 0.12532426 2.98299798
64.83000000 0.12521040 2.97146202
64.84000000 0.12510241 2.95997034
64.85000000 0.12500025 2.94852280
64.86000000 0.12490388 2.93711924
64.87000000 0.12481326 2.92575951
64.88000000 0.12472837 2.91444347
64.89000000 0.12464916 2.90317094
64.90000000 0.12457562 2.89194180
64.91000000 0.12450769 2.88075589
64.92000000 0.12444537 2.86961306
64.93000000 0.12438860 2.85851316
64.94000000 0.12433737 2.84745604
64.95000000 0.12429165 2.83644155
64.96000000 0.12425141 2.82546955
64.97000000 0.12421663 2.81453988
64.98000000 0.12418727 2.80365240
64.99000000 0.12416332 2.79280697
65.00000000 0.12414474 2.78200343
65.01000000 0.12413152 2.77124163
65.02000000 0.12412364 2.76052144
65.03000000 0.12412107 2.74984271
65.04000000 0.12412379 2.73920528
65.05000000 0.12413178 2.72860902
65.06000000 0.12414502 2.71805377
65.07000000 0.12416350 2.70753940
65.08000000 0.12418720 2.69706577
65.09000000 0.12421609 2.68663271
65.10000000 0.12425016 2.67624010
65.11000000 0.12428940 2.66588779
65.12000000 0.12433379 2.65557563
65.13000000 0.12438332 2.64530349
65.14000000 0.12443796 2.63507122
65.15000000 0.12449772 2.62487868
65.16000000 0.12456258 2.61472573
65.17000000 0.12463252 2.60461222
65.18000000 0.12470754 2.59453802
65.19000000 0.12478762 2.58450299
65.20000000 0.12487275 2.57450698
65.21000000 0.12496293 2.56454986
65.22000000 0.12505814 2.55463148
65.23000000 0.12515838 2.54475172
65.24000000 0.12526365 2.53491042
65.25000000 0.12537392 2.52510745
65.26000000 0.12548921 2.51534268
65.27000000 0.12560950 2.50561596
65.28000000 0.12573478 2.49592716
65.29000000 0.12586506 2.48627615
65.30000000 0.12600033 2.47666278
65.31000000 0.12614059 2.46708692
65.32000000 0.12628583 2.45754844
65.33000000 0.12643605 2.44804719
65.34000000 0.12659125 2.43858306
65.35000000 0.12675143 2.42915589
65.36000000 0.12691659 2.41976556
65.37000000 0.12708673 2.41041194
65.38000000 0.12726184 2.40109489
65.39000000 0.12744194 2.39181427
65.40000000 0.12762703 2.38256996
65.41000000 0.12781710 2.37336183
65.42000000 0.12801216 2.36418974
65.43000000 0.12821221 2.35505356
65.44000000 0.12841725 2.34595316
65.45000000 0.12862730 2.33688841
65.46000000 0.12884235 2.32785918
65.47000000 0.12906242 2.31886535
65.48000000 0.12928750 2.30990677
65.49000000 0.12951761 2.30098333
65.50000000 0.12975275 2.29209490
65.51000000 0.12999293 2.28324134
65.52000000 0.13023815 2.27442254
65.53000000 0.13048844 2.26563836
65.54000000 0.13074379 2.25688867
65.55000000 0.13100421 2.24817335
65.56000000 0.13126972 2.23949228
65.57000000 0.13154033 2.23084533
65.58000000 0.13181604 2.22223237
65.59000000 0.13209688 2.21365328
65.60000000 0.13238285 2.20510793
65.61000000 0.13267396 2.19659621
65.62000000 0.13297023 2.18811799
65.63000000 0.13327167 2.17967313
65.64000000 0.13357830 2.17126154
65.65000000 0.13389013 2.16288307
65.66000000 0.13420718 2.15453761
65.67000000 0.13452946 2.14622504
65.68000000 0.13485699 2.13794523
65.69000000 0.13518978 2.12969807
65.70000000 0.13552786 2.12148343
65.71000000 0.13587124 2.11330120
65.72000000 0.13621994 2.10515126
65.73000000 0.13657398 2.09703348
65.74000000 0.13693337 2.08894775
65.75000000 0.13729815 2.08089395
65.76000000 0.13766832 2.07287196
65.77000000 0.13804391 2.06488167
65.78000000 0.13842493 2.05692296
65.79000000 0.13881143 2.04899571
65.80000000 0.13920340 2.04109980
65.81000000 0.13960088 2.03323513
65.82000000 0.14000390 2.02540157
65.83000000 0.14041247 2.01759901
65.84000000 0.14082661 2.00982733
65.85000000 0.14124636 2.00208642
65.86000000 0.14167174 1.99437618
65.87000000 0.14210277 1.98669647
65.88000000 0.14253949 1.97904720
65.89000000 0.14298191 1.97142824
65.90000000 0.14343007 1.96383949
65.91000000 0.14388400 1.95628083
65.92000000 0.14434371 1.94875216
65.93000000 0.14480925 1.94125336
65.94000000 0.14528063 1.93378432
65.95000000 0.14575790 1.92634493
65.96000000 0.14624108 1.91893508
65.97000000 0.14673020 1.91155467
65.98000000 0.14722529 1.90420358
65.99000000 0.14772639 1.89688170
66.00000000 0.14823352 1.88958893
66.01000000 0.14874673 1.88232515
66.02000000 0.14926605 1.87509027
66.03000000 0.14979150 1.86788417
66.04000000 0.15032313 1.86070675
66.05000000 0.15086096 1.85355789
66.06000000 0.15140504 1.84643751
66.07000000 0.15195540 1.83934548
66.08000000 0.15251209 1.83228170
66.09000000 0.15307512 1.82524608
66.10000000 0.15364455 1.81823850
66.11000000 0.15422042 1.81125886
66.12000000 0.15480275 1.80430706
66.13000000 0.15539160 1.79738300
66.14000000 0.15598699 1.79048656
66.15000000 0.15658898 1.78361765
66.16000000 0.15719761 1.77677617
66.17000000 0.15781290 1.76996202
66.18000000 0.15843492 1.76317509
66.19000000 0.15906370 1.75641528
66.20000000 0.15969928 1.74968250
66.21000000 0.16034171 1.74297664
66.22000000 0.16099104 1.73629760
66.23000000 0.16164731 1.72964528
66.24000000 0.16231056 1.72301959
66.25000000 0.16298084 1.71642042
66.26000000 0.16365820 1.70984768
66.27000000 0.16434269 1.70330127
66.28000000 0.16503436 1.69678108
66.29000000 0.16573325 1.69028704
66.30000000 0.16643941 1.68381903
66.31000000 0.16715290 1.67737696
66.32000000 0.16787376 1.67096074
66.33000000 0.16860206 1.66457026
66.34000000 0.16933783 1.65820544
66.35000000 0.17008113 1.65186618
66.36000000 0.17083202 1.64555239
66.37000000 0.17159055 1.63926396
66.38000000 0.17235677 1.63300081
66.39000000 0.17313075 1.62676284
66.40000000 0.17391253 1.62054996
66.41000000 0.17470217 1.61436208
66.42000000 0.17549973 1.60819910
66.43000000 0.17630527 1.60206093
66.44000000 0.17711885 1.59594748
66.45000000 0.17794053 1.58985866
66.46000000 0.17877036 1.58379438
66.47000000 0.17960841 1.57775455
66.48000000 0.18045475 1.57173907
66.49000000 0.18130942 1.56574786
66.50000000 0.18217249 1.55978083
66.51000000 0.18304404 1.55383789
66.52000000 0.18392412 1.54791894
66.53000000 0.18481280 1.54202390
66.54000000 0.18571014 1.53615269
66.55000000 0.18661621 1.53030521
66.56000000 0.18753108 1.52448138
66.57000000 0.18845481 1.51868111
66.58000000 0.18938748 1.51290431
66.59000000 0.19032916 1.50715089
66.60000000 0.19127991 1.50142078
66.61000000 0.19223981 1.49571388
66.62000000 0.19320893 1.49003011
66.63000000 0.19418733 1.48436939
66.64000000 0.19517511 1.47873162
66.65000000 0.19617232 1.47311673
66.66000000 0.19717904 1.46752463
66.67000000 0.19819536 1.46195523
66.68000000 0.19922135 1.45640846
66.69000000 0.20025708 1.45088423
66.70000000 0.20130263 1.44538246
66.71000000 0.20235809 1.43990307
66.72000000 0.20342353 1.43444596
66.73000000 0.20449903 1.42901107
66.74000000 0.20558468 1.42359831
66.75000000 0.20668056 1.41820760
66.76000000 0.20778675 1.41283885
66.77000000 0.20890334 1.40749200
66.78000000 0.21003042 1.40216695
66.79000000 0.21116806 1.39686363
66.80000000 0.21231636 1.39158196
66.81000000 0.21347541 1.38632186
66.82000000 0.21464528 1.38108325
66.83000000 0.21582609 1.37586605
66.84000000 0.21701791 1.37067019
66.85000000 0.21822083 1.36549559
66.86000000 0.21943496 1.36034216
66.87000000 0.22066038 1.35520984
66.88000000 0.22189719 1.35009854
66.89000000 0.22314549 1.34500819
66.90000000 0.22440536 1.33993871
66.91000000 0.22567692 1.33489003
66.92000000 0.22696026 1.32986208
66.93000000 0.22825547 1.32485476
66.94000000 0.22956267 1.31986802
66.95000000 0.23088195 1.31490178
66.96000000 0.23221341 1.30995596
66.97000000 0.23355716 1.30503049
66.98000000 0.23491331 1.30012529
66.99000000 0.23628196 1.29524029
67.00000000 0.23766321 1.29037543
67.01000000 0.23905719 1.28553062
67.02000000 0.24046399 1.28070579
67.03000000 0.24188372 1.27590087
67.04000000 0.24331651 1.27111580
67.05000000 0.24476246 1.26635049
67.06000000 0.24622168 1.26160488
67.07000000 0.24769429 1.25687890
67.08000000 0.24918042 1.25217247
67.09000000 0.25068017 1.24748553
67.10000000 0.25219366 1.24281800
67.11000000 0.25372102 1.23816982
67.12000000 0.25526237 1.23354092
67.13000000 0.25681782 1.22893122
67.14000000 0.25838751 1.22434067
67.15000000 0.25997156 1.21976918
67.16000000 0.26157009 1.21521670
67.17000000 0.26318323 1.21068316
67.18000000 0.26481111 1.20616848
67.19000000 0.26645386 1.20167260
67.20000000 0.26811161 1.19719546
67.21000000 0.26978450 1.19273698
67.22000000 0.27147266 1.18829710
67.23000000 0.27317623 1.18387576
67.24000000 0.27489533 1.17947289
67.25000000 0.27663012 1.17508842
67.26000000 0.27838072 1.17072229
67.27000000 0.28014729 1.16637443
67.28000000 0.28192996 1.16204478
67.29000000 0.28372887 1.15773328
67.30000000 0.28554418 1.15343986
67.31000000 0.28737603 1.14916446
67.32000000 0.28922457 1.14490701
67.33000000 0.29108994 1.14066745
67.34000000 0.29297230 1.13644572
67.35000000 0.29487180 1.13224176
67.36000000 0.29678860 1.12805550
67.37000000 0.29872285 1.12388688
67.38000000 0.30067471 1.11973585
67.39000000 0.30264434 1.11560233
67.40000000 0.30463190 1.11148627
67.41000000 0.30663754 1.10738761
67.42000000 0.30866144 1.10330628
67.43000000 0.31070376 1.09924223
67.44000000 0.31276467 1.09519540
67.45000000 0.31484434 1.09116573
67.46000000 0.31694293 1.08715315
67.47000000 0.31906061 1.08315761
67.48000000 0.32119757 1.07917905
67.49000000 0.32335398 1.07521742
67.50000000 0.32553002 1.07127265
67.51000000 0.32772585 1.06734468
67.52000000 0.32994167 1.06343346
67.53000000 0.33217766 1.05953894
67.54000000 0.33443400 1.05566104
67.55000000 0.33671088 1.05179973
67.56000000 0.33900849 1.04795493
67.57000000 0.34132701 1.04412660
67.58000000 0.34366663 1.04031468
67.59000000 0.34602757 1.03651911
67.60000000 0.34840999 1.03273984
67.61000000 0.35081412 1.02897680
67.62000000 0.35324013 1.02522996
67.63000000 0.35568825 1.02149925
67.64000000 0.35815866 1.01778462
67.65000000 0.36065158 1.01408601
67.66000000 0.36316721 1.01040338
67.67000000 0.36570577 1.00673666
67.68000000 0.36826745 1.00308581
67.69000000 0.37085249 0.99945076
67.70000000 0.37346109 0.99583148
67.71000000 0.37609347 0.99222790
67.72000000 0.37874986 0.98863998
67.73000000 0.38143047 0.98506766
67.74000000 0.38413552 0.98151089
67.75000000 0.38686526 0.97796962
67.76000000 0.38961990 0.97444380
67.77000000 0.39239967 0.97093338
67.78000000 0.39520482 0.96743831
67.79000000 0.39803557 0.96395853
67.80000000 0.40089216 0.96049400
67.81000000 0.40377484 0.95704467
67.82000000 0.40668384 0.95361049
67.83000000 0.40961942 0.95019141
67.84000000 0.41258182 0.94678737
67.85000000 0.41557129 0.94339835
67.86000000 0.41858808 0.94002427
67.87000000 0.42163245 0.93666510
67.88000000 0.42470465 0.93332079
67.89000000 0.42780495 0.92999129
67.90000000 0.43093361 0.92667655
67.91000000 0.43409089 0.92337653
67.92000000 0.43727706 0.92009118
67.93000000 0.44049240 0.91682046
67.94000000 0.44373717 0.91356431
67.95000000 0.44701165 0.91032269
67.96000000 0.45031612 0.90709556
67.97000000 0.45365086 0.90388287
67.98000000 0.45701616 0.90068458
67.99000000 0.46041229 0.89750064
68.00000000 0.46383956 0.89433100
68.01000000 0.46729825 0.89117563
68.02000000 0.47078866 0.88803447
68.03000000 0.47431109 0.88490749
68.04000000 0.47786584 0.88179464
68.05000000 0.48145320 0.87869588
68.06000000 0.48507350 0.87561116
68.07000000 0.48872704 0.87254045
68.08000000 0.49241413 0.86948369
68.09000000 0.49613509 0.86644085
68.10000000 0.49989023 0.86341189
68.11000000 0.50367989 0.86039677
68.12000000 0.50750438 0.85739543
68.13000000 0.51136404 0.85440785
68.14000000 0.51525920 0.85143399
68.15000000 0.51919018 0.84847379
68.16000000 0.52315734 0.84552722
68.17000000 0.52716101 0.84259424
68.18000000 0.53120153 0.83967482
68.19000000 0.53527927 0.83676891
68.20000000 0.53939456 0.83387646
68.21000000 0.54354776 0.83099746
68.22000000 0.54773923 0.82813185
68.23000000 0.55196934 0.82527959
68.24000000 0.55623845 0.82244065
68.25000000 0.56054692 0.81961500
68.26000000 0.56489514 0.81680259
68.27000000 0.56928348 0.81400338
68.28000000 0.57371232 0.81121735
68.29000000 0.57818204 0.80844444
68.30000000 0.58269303 0.80568463
68.31000000 0.58724568 0.80293789
68.32000000 0.59184039 0.80020416
68.33000000 0.59647756 0.79748343
68.34000000 0.60115759 0.79477565
68.35000000 0.60588088 0.79208078
68.36000000 0.61064785 0.78939880
68.37000000 0.61545891 0.78672967
68.38000000 0.62031449 0.78407335
68.39000000 0.62521500 0.78142981
68.40000000 0.63016087 0.77879902
68.41000000 0.63515253 0.77618095
68.42000000 0.64019042 0.77357555
68.43000000 0.64527498 0.77098280
68.44000000 0.65040665 0.76840267
68.45000000 0.65558589 0.76583512
68.46000000 0.66081313 0.76328012
68.47000000 0.66608884 0.76073764
68.48000000 0.67141349 0.75820765
68.49000000 0.67678753 0.75569011
68.50000000 0.68221144 0.75318500
68.51000000 0.68768569 0.75069228
68.52000000 0.69321076 0.74821193
68.53000000 0.69878714 0.74574392
68.54000000 0.70441531 0.74328820
68.55000000 0.71009577 0.74084477
68.56000000 0.71582902 0.73841358
68.57000000 0.72161556 0.73599460
68.58000000 0.72745589 0.73358782
68.59000000 0.73335054 0.73119320
68.60000000 0.73930001 0.72881071
68.61000000 0.74530483 0.72644032
68.62000000 0.75136554 0.72408202
68.63000000 0.75748265 0.72173576
68.64000000 0.76365672 0.71940152
68.65000000 0.76988827 0.71707929
68.66000000 0.77617787 0.71476902
68.67000000 0.78252607 0.71247070
68.68000000 0.78893342 0.71018430
68.69000000 0.79540049 0.70790980
68.70000000 0.80192785 0.70564716
68.71000000 0.80851607 0.70339637
68.72000000 0.81516574 0.70115740
68.73000000 0.82187744 0.69893022
68.74000000 0.82865176 0.69671482
68.75000000 0.83548930 0.69451116
68.76000000 0.84239067 0.69231923
68.77000000 0.84935648 0.69013901
68.78000000 0.85638733 0.68797046
68.79000000 0.86348385 0.68581357
68.80000000 0.87064667 0.68366832
68.81000000 0.87787642 0.68153469
68.82000000 0.88517374 0.67941265
68.83000000 0.89253927 0.67730218
68.84000000 0.89997367 0.67520326
68.85000000 0.90747759 0.67311587
68.86000000 0.91505170 0.67104000
68.87000000 0.92269667 0.66897562
68.88000000 0.93041316 0.66692271
68.89000000 0.93820187 0.66488126
68.90000000 0.94606349 0.66285124
68.91000000 0.95399871 0.66083264
68.92000000 0.96200823 0.65882544
68.93000000 0.97009276 0.65682962
68.94000000 0.97825303 0.65484517
68.95000000 0.98648974 0.65287206
68.96000000 0.99480363 0.65091029
68.97000000 1.00319544 0.64895983
68.98000000 1.01166591 0.64702067
68.99000000 1.02021579 0.64509280
69.00000000 1.02884584 0.64317619
69.01000000 1.03755682 0.64127084
69.02000000 1.04634951 0.63937673
69.03000000 1.05522468 0.63749385
69.04000000 1.06418312 0.63562218
69.05000000 1.07322563 0.63376170
69.06000000 1.08235300 0.63191242
69.07000000 1.09156605 0.63007430
69.08000000 1.10086559 0.62824735
69.09000000 1.11025244 0.62643155
69.10000000 1.11972744 0.62462689
69.11000000 1.12929143 0.62283336
69.12000000 1.13894525 0.62105094
69.13000000 1.14868977 0.61927963
69.14000000 1.15852584 0.61751942
69.15000000 1.16845433 0.61577030
69.16000000 1.17847613 0.61403226
69.17000000 1.18859212 0.61230528
69.18000000 1.19880321 0.61058937
69.19000000 1.20911028 0.60888452
69.20000000 1.21951427 0.60719071
69.21000000 1.23001609 0.60550795
69.22000000 1.24061666 0.60383622
69.23000000 1.25131693 0.60217551
69.24000000 1.26211785 0.60052584
69.25000000 1.27302037 0.59888717
69.26000000 1.28402546 0.59725953
69.27000000 1.29513408 0.59564289
69.28000000 1.30634724 0.59403726
69.29000000 1.31766590 0.59244263
69.30000000 1.32909109 0.59085900
69.31000000 1.34062380 0.58928637
69.32000000 1.35226506 0.58772473
69.33000000 1.36401590 0.58617409
69.34000000 1.37587736 0.58463444
69.35000000 1.38785047 0.58310578
69.36000000 1.39993631 0.58158812
69.37000000 1.41213594 0.58008145
69.38000000 1.42445043 0.57858578
69.39000000 1.43688088 0.57710110
69.40000000 1.44942837 0.57562742
69.41000000 1.46209403 0.57416474
69.42000000 1.47487895 0.57271307
69.43000000 1.48778428 0.57127240
69.44000000 1.50081115 0.56984275
69.45000000 1.51396070 0.56842412
69.46000000 1.52723410 0.56701650
69.47000000 1.54063251 0.56561992
69.48000000 1.55415711 0.56423437
69.49000000 1.56780909 0.56285987
69.50000000 1.58158966 0.56149641
69.51000000 1.59550001 0.56014401
69.52000000 1.60954139 0.55880268
69.53000000 1.62371501 0.55747242
69.54000000 1.63802212 0.55615326
69.55000000 1.65246399 0.55484518
69.56000000 1.66704186 0.55354822
69.57000000 1.68175703 0.55226238
69.58000000 1.69661078 0.55098767
69.59000000 1.71160441 0.54972411
69.60000000 1.72673923 0.54847170
69.61000000 1.74201657 0.54723047
69.62000000 1.75743777 0.54600043
69.63000000 1.77300416 0.54478160
69.64000000 1.78871711 0.54357398
69.65000000 1.80457800 0.54237761
69.66000000 1.82058819 0.54119250
69.67000000 1.83674909 0.54001866
69.68000000 1.85306211 0.53885611
69.69000000 1.86952867 0.53770488
69.70000000 1.88615019 0.53656499
69.71000000 1.90292812 0.53543645
69.72000000 1.91986392 0.53431930
69.73000000 1.93695905 0.53321355
69.74000000 1.95421501 0.53211922
69.75000000 1.97163328 0.53103635
69.76000000 1.98921537 0.52996496
69.77000000 2.00696281 0.52890507
69.78000000 2.02487713 0.52785671
69.79000000 2.04295987 0.52681992
69.80000000 2.06121259 0.52579471
69.81000000 2.07963687 0.52478112
69.82000000 2.09823430 0.52377918
69.83000000 2.11700647 0.52278892
69.84000000 2.13595500 0.52181037
69.85000000 2.15508152 0.52084357
69.86000000 2.17438766 0.51988856
69.87000000 2.19387509 0.51894536
69.88000000 2.21354546 0.51801401
69.89000000 2.23340047 0.51709455
69.90000000 2.25344181 0.51618702
69.91000000 2.27367118 0.51529146
69.92000000 2.29409032 0.51440791
69.93000000 2.31470097 0.51353641
69.94000000 2.33550486 0.51267700
69.95000000 2.35650379 0.51182973
69.96000000 2.37769951 0.51099464
69.97000000 2.39909384 0.51017177
69.98000000 2.42068859 0.50936118
69.99000000 2.44248557 0.50856291
70.00000000 2.46448662 0.50777701
70.01000000 2.48669361 0.50700353
70.02000000 2.50910841 0.50624252
70.03000000 2.53173289 0.50549404
70.04000000 2.55456896 0.50475814
70.05000000 2.57761853 0.50403487
70.06000000 2.60088354 0.50332430
70.07000000 2.62436592 0.50262647
70.08000000 2.64806764 0.50194146
70.09000000 2.67199067 0.50126931
70.10000000 2.69613700 0.50061010
70.11000000 2.72050865 0.49996388
70.12000000 2.74510762 0.49933072
70.13000000 2.76993596 0.49871069
70.14000000 2.79499573 0.49810385
70.15000000 2.82028898 0.49751028
70.16000000 2.84581780 0.49693004
70.17000000 2.87158429 0.49636321
70.18000000 2.89759057 0.49580985
70.19000000 2.92383877 0.49527006
70.20000000 2.95033102 0.49474390
70.21000000 2.97706950 0.49423145
70.22000000 3.00405639 0.49373280
70.23000000 3.03129387 0.49324802
70.24000000 3.05878416 0.49277720
70.25000000 3.08652947 0.49232043
70.26000000 3.11453206 0.49187779
70.27000000 3.14279418 0.49144938
70.28000000 3.17131810 0.49103528
70.29000000 3.20010611 0.49063558
70.30000000 3.22916052 0.49025039
70.31000000 3.25848364 0.48987981
70.32000000 3.28807782 0.48952392
70.33000000 3.31794540 0.48918284
70.34000000 3.34808875 0.48885666
70.35000000 3.37851026 0.48854549
70.36000000 3.40921233 0.48824944
70.37000000 3.44019738 0.48796862
70.38000000 3.47146782 0.48770315
70.39000000 3.50302612 0.48745313
70.40000000 3.53487473 0.48721868
70.41000000 3.56701614 0.48699993
70.42000000 3.59945283 0.48679700
70.43000000 3.63218731 0.48661000
70.44000000 3.66522212 0.48643908
70.45000000 3.69855979 0.48628435
70.46000000 3.73220288 0.48614595
70.47000000 3.76615395 0.48602402
70.48000000 3.80041560 0.48591869
70.49000000 3.83499042 0.48583010
70.50000000 3.86988103 0.48575840
70.51000000 3.90509007 0.48570374
70.52000000 3.94062016 0.48566626
70.53000000 3.97647399 0.48564611
70.54000000 4.01265421 0.48564346
70.55000000 4.04916353 0.48565846
70.56000000 4.08600463 0.48569127
70.57000000 4.12318024 0.48574206
70.58000000 4.16069309 0.48581099
70.59000000 4.19854592 0.48589825
70.60000000 4.23674149 0.48600400
70.61000000 4.27528257 0.48612842
70.62000000 4.31417195 0.48627170
70.63000000 4.35341241 0.48643403
70.64000000 4.39300678 0.48661559
70.65000000 4.43295786 0.48681658
70.66000000 4.47326850 0.48703720
70.67000000 4.51394153 0.48727765
70.68000000 4.55497982 0.48753813
70.69000000 4.59638624 0.48781887
70.70000000 4.63816365 0.48812006
70.71000000 4.68031495 0.48844194
70.72000000 4.72284305 0.48878473
70.73000000 4.76575084 0.48914865
70.74000000 4.80904126 0.48953394
70.75000000 4.85271722 0.48994084
70.76000000 4.89678166 0.49036958
70.77000000 4.94123754 0.49082043
70.78000000 4.98608779 0.49129363
70.79000000 5.03133539 0.49178943
70.80000000 5.07698330 0.49230811
70.81000000 5.12303449 0.49284994
70.82000000 5.16949196 0.49341518
70.83000000 5.21635867 0.49400412
70.84000000 5.26363762 0.49461705
70.85000000 5.31133182 0.49525426
70.86000000 5.35944425 0.49591604
70.87000000 5.40797792 0.49660270
70.88000000 5.45693583 0.49731455
70.89000000 5.50632100 0.49805192
70.90000000 5.55613643 0.49881511
70.91000000 5.60638512 0.49960448
70.92000000 5.65707010 0.50042034
70.93000000 5.70819436 0.50126306
70.94000000 5.75976092 0.50213297
70.95000000 5.81177278 0.50303044
70.96000000 5.86423293 0.50395585
70.97000000 5.91714439 0.50490955
70.98000000 5.97051013 0.50589195
70.99000000 6.02433314 0.50690342
71.00000000 6.07861641 0.50794436
71.01000000 6.13336290 0.50901520
71.02000000 6.18857558 0.51011633
71.03000000 6.24425739 0.51124820
71.04000000 6.30041129 0.51241122
71.05000000 6.35704021 0.51360586
71.06000000 6.41414704 0.51483256
71.07000000 6.47173471 0.51609178
71.08000000 6.52980609 0.51738400
71.09000000 6.58836406 0.51870970
71.10000000 6.64741146 0.52006938
71.11000000 6.70695113 0.52146355
71.12000000 6.76698588 0.52289271
71.13000000 6.82751849 0.52435740
71.14000000 6.88855172 0.52585815
71.15000000 6.95008832 0.52739552
71.16000000 7.01213100 0.52897007
71.17000000 7.07468244 0.53058237
71.18000000 7.13774528 0.53223301
71.19000000 7.20132215 0.53392260
71.20000000 7.26541563 0.53565174
71.21000000 7.33002828 0.53742106
71.22000000 7.39516259 0.53923121
71.23000000 7.46082105 0.54108283
71.24000000 7.52700608 0.54297661
71.25000000 7.59372007 0.54491323
71.26000000 7.66096535 0.54689338
71.27000000 7.72874421 0.54891779
71.28000000 7.79705889 0.55098718
71.29000000 7.86591159 0.55310230
71.30000000 7.93530442 0.55526392
71.31000000 8.00523946 0.55747283
71.32000000 8.07571872 0.55972982
71.33000000 8.14674414 0.56203571
71.34000000 8.21831762 0.56439134
71.35000000 8.29044095 0.56679756
71.36000000 8.36311587 0.56925525
71.37000000 8.43634406 0.57176532
71.38000000 8.51012708 0.57432866
71.39000000 8.58446646 0.57694622
71.40000000 8.65936360 0.57961896
71.41000000 8.73481984 0.58234786
71.42000000 8.81083640 0.58513393
71.43000000 8.88741445 0.58797818
71.44000000 8.96455501 0.59088167
71.45000000 9.04225902 0.59384547
71.46000000 9.12052733 0.59687068
71.47000000 9.19936064 0.59995843
71.48000000 9.27875957 0.60310987
71.49000000 9.35872460 0.60632617
71.50000000 9.43925610 0.60960855
71.51000000 9.52035428 0.61295822
71.52000000 9.60201926 0.61637647
71.53000000 9.68425100 0.61986456
71.54000000 9.76704931 0.62342384
71.55000000 9.85041386 0.62705565
71.56000000 9.93434416 0.63076138
71.57000000 10.01883958 0.63454244
71.58000000 10.10389931 0.63840029
71.59000000 10.18952235 0.64233640
71.60000000 10.27570757 0.64635231
71.61000000 10.36245363 0.65044957
71.62000000 10.44975899 0.65462976
71.63000000 10.53762193 0.65889452
71.64000000 10.62604054 0.66324553
71.65000000 10.71501269 0.66768448
71.66000000 10.80453602 0.67221314
71.67000000 10.89460798 0.67683328
71.68000000 10.98522576 0.68154676
71.69000000 11.07638633 0.68635543
71.70000000 11.16808642 0.69126124
71.71000000 11.26032249 0.69626614
71.72000000 11.35309076 0.70137215
71.73000000 11.44638716 0.70658134
71.74000000 11.54020735 0.71189582
71.75000000 11.63454673 0.71731776
71.76000000 11.72940036 0.72284936
71.77000000 11.82476303 0.72849291
71.78000000 11.92062920 0.73425071
71.79000000 12.01699302 0.74012516
71.80000000 12.11384829 0.74611869
71.81000000 12.21118850 0.75223379
71.82000000 12.30900674 0.75847302
71.83000000 12.40729577 0.76483899
71.84000000 12.50604797 0.77133438
71.85000000 12.60525533 0.77796193
71.86000000 12.70490945 0.78472445
71.87000000 12.80500151 0.79162481
71.88000000 12.90552228 0.79866595
71.89000000 13.00646209 0.80585090
71.90000000 13.10781085 0.81318273
71.91000000 13.20955797 0.82066459
71.92000000 13.31169243 0.82829973
71.93000000 13.41420271 0.83609145
71.94000000 13.51707680 0.84404314
71.95000000 13.62030218 0.85215827
71.96000000 13.72386579 0.86044038
71.97000000 13.82775406 0.86889311
71.98000000 13.93195285 0.87752017
71.99000000 14.03644747 0.88632537
72.00000000 14.14122263 0.89531260
72.01000000 14.24626245 0.90448584
72.02000000 14.35155046 0.91384917
72.03000000 14.45706953 0.92340676
72.04000000 14.56280192 0.93316286
72.05000000 14.66872920 0.94312186
72.06000000 14.77483229 0.95328819
72.07000000 14.88109142 0.96366643
72.08000000 14.98748609 0.97426125
72.09000000 15.09399510 0.98507741
72.10000000 15.20059651 0.99611978
72.11000000 15.30726761 1.00739336
72.12000000 15.41398493 1.01890323
72.13000000 15.52072419 1.03065460
72.14000000 15.62746032 1.04265280
72.15000000 15.73416742 1.05490324
72.16000000 15.84081875 1.06741149
72.17000000 15.94738671 1.08018320
72.18000000 16.05384282 1.09322417
72.19000000 16.16015772 1.10654030
72.20000000 16.26630112 1.12013761
72.21000000 16.37224182 1.13402226
72.22000000 16.47794768 1.14820051
72.23000000 16.58338557 1.16267878
72.24000000 16.68852143 1.17746358
72.25000000 16.79332018 1.19256156
72.26000000 16.89774573 1.20797951
72.27000000 17.00176100 1.22372431
72.28000000 17.10532784 1.23980301
72.29000000 17.20840708 1.25622277
72.30000000 17.31095846 1.27299087
72.31000000 17.41294068 1.29011472
72.32000000 17.51431131 1.30760186
72.33000000 17.61502687 1.32545997
72.34000000 17.71504275 1.34369683
72.35000000 17.81431321 1.36232035
72.36000000 17.91279142 1.38133857
72.37000000 18.01042941 1.40075964
72.38000000 18.10717805 1.42059183
72.39000000 18.20298711 1.44084353
72.40000000 18.29780520 1.46152325
72.41000000 18.39157978 1.48263957
72.42000000 18.48425720 1.50420122
72.43000000 18.57578265 1.52621700
72.44000000 18.66610019 1.54869582
72.45000000 18.75515276 1.57164667
72.46000000 18.84288218 1.59507863
72.47000000 18.92922919 1.61900086
72.48000000 19.01413342 1.64342258
72.49000000 19.09753342 1.66835310
72.50000000 19.17936672 1.69380174
72.51000000 19.25956979 1.71977791
72.52000000 19.33807812 1.74629103
72.53000000 19.41482622 1.77335056
72.54000000 19.48974766 1.80096597
72.55000000 19.56277510 1.82914674
72.56000000 19.63384035 1.85790232
72.57000000 19.70287439 1.88724218
72.58000000 19.76980744 1.91717571
72.59000000 19.83456898 1.94771227
72.60000000 19.89708786 1.97886116
72.61000000 19.95729230 2.01063158
72.62000000 20.01511001 2.04303265
72.63000000 20.07046821 2.07607334
72.64000000 20.12329376 2.10976251
72.65000000 20.17351318 2.14410885
72.66000000 20.22105279 2.17912086
72.67000000 20.26583878 2.21480685
72.68000000 20.30779728 2.25117490
72.69000000 20.34685452 2.28823282
72.70000000 20.38293686 2.32598818
72.71000000 20.41597098 2.36444822
72.72000000 20.44588394 2.40361986
72.73000000 20.47260333 2.44350965
72.74000000 20.49605738 2.48412378
72.75000000 20.51617513 2.52546800
72.76000000 20.53288650 2.56754762
72.77000000 20.54612251 2.61036747
72.78000000 20.55581538 2.65393189
72.79000000 20.56189868 2.69824465
72.80000000 20.56430752 2.74330897
72.81000000 20.56297868 2.78912744
72.82000000 20.55785077 2.83570203
72.83000000 20.54886444 2.88303402
72.84000000 20.53596251 2.93112398
72.85000000 20.51909014 2.97997174
72.86000000 20.49819503 3.02957637
72.87000000 20.47322759 3.07993610
72.88000000 20.44414110 3.13104834
72.89000000 20.41089191 3.18290960
72.90000000 20.37343962 3.23551549
72.91000000 20.33174720 3.28886070
72.92000000 20.28578126 3.34293891
72.93000000 20.23551213 3.39774284
72.94000000 20.18091409 3.45326415
72.95000000 20.12196551 3.50949347
72.96000000 20.05864901 3.56642035
72.97000000 19.99095162 3.62403322
72.98000000 19.91886493 3.68231942
72.99000000 19.84238522 3.74126512
73.00000000 19.76151361 3.80085536
73.01000000 19.67625614 3.86107401
73.02000000 19.58662395 3.92190376
73.03000000 19.49263334 3.98332613
73.04000000 19.39430583 4.04532143
73.05000000 19.29166831 4.10786881
73.06000000 19.18475305 4.17094622
73.07000000 19.07359778 4.23453045
73.08000000 18.95824567 4.29859712
73.09000000 18.83874545 4.36312069
73.10000000 18.71515130 4.42807452
73.11000000 18.58752291 4.49343083
73.12000000 18.45592543 4.55916078
73.13000000 18.32042943 4.62523447
73.14000000 18.18111081 4.69162100
73.15000000 18.03805075 4.75828848
73.16000000 17.89133556 4.82520410
73.17000000 17.74105665 4.89233416
73.18000000 17.58731029 4.95964414
73.19000000 17.43019753 5.02709872
73.20000000 17.26982400 5.09466187
73.21000000 17.10629974 5.16229692
73.22000000 16.93973896 5.22996658
73.23000000 16.77025989 5.29763304
73.24000000 16.59798447 5.36525806
73.25000000 16.42303817 5.43280298
73.26000000 16.24554968 5.50022887
73.27000000 16.06565069 5.56749654
73.28000000 15.88347557 5.63456668
73.29000000 15.69916110 5.70139988
73.30000000 15.51284617 5.76795675
73.31000000 15.32467148 5.83419800
73.32000000 15.13477922 5.90008450
73.33000000 14.94331277 5.96557737
73.34000000 14.75041639 6.03063807
73.35000000 14.55623488 6.09522847
73.36000000 14.36091330 6.15931094
73.37000000 14.16459661 6.22284839
73.38000000 13.96742943 6.28580440
73.39000000 13.76955565 6.34814323
73.40000000 13.57111821 6.40982997
73.41000000 13.37225874 6.47083050
73.42000000 13.17311735 6.53111166
73.43000000 12.97383228 6.59064124
73.44000000 12.77453968 6.64938806
73.45000000 12.57537336 6.70732203
73.46000000 12.37646455 6.76441418
73.47000000 12.17794163 6.82063672
73.48000000 11.97993000 6.87596307
73.49000000 11.78255181 6.93036790
73.50000000 11.58592579 6.98382716
73.51000000 11.39016713 7.03631813
73.52000000 11.19538727 7.08781938
73.53000000 11.00169379 7.13831088
73.54000000 10.80919031 7.18777391
73.55000000 10.61797633 7.23619117
73.56000000 10.42814721 7.28354671
73.57000000 10.23979404 7.32982597
73.58000000 10.05300362 7.37501576
73.59000000 9.86785840 7.41910425
73.60000000 9.68443644 7.46208100
73.61000000 9.50281143 7.50393689
73.62000000 9.32305268 7.54466412
73.63000000 9.14522510 7.58425623
73.64000000 8.96938926 7.62270801
73.65000000 8.79560142 7.66001553
73.66000000 8.62391357 7.69617608
73.67000000 8.45437349 7.73118813
73.68000000 8.28702483 7.76505135
73.69000000 8.12190718 7.79776651
73.70000000 7.95905612 7.82933549
73.71000000 7.79850338 7.85976122
73.72000000 7.64027689 7.88904763
73.73000000 7.48440088 7.91719965
73.74000000 7.33089604 7.94422313
73.75000000 7.17977958 7.97012480
73.76000000 7.03106536 7.99491227
73.77000000 6.88476404 8.01859394
73.78000000 6.74088317 8.04117896
73.79000000 6.59942733 8.06267721
73.80000000 6.46039827 8.08309927
73.81000000 6.32379500 8.10245633
73.82000000 6.18961397 8.12076019
73.83000000 6.05784914 8.13802320
73.84000000 5.92849215 8.15425821
73.85000000 5.80153244 8.16947856
73.86000000 5.67695735 8.18369803
73.87000000 5.55475228 8.19693077
73.88000000 5.43490077 8.20919132
73.89000000 5.31738464 8.22049452
73.90000000 5.20218413 8.23085552
73.91000000 5.08927796 8.24028970
73.92000000 4.97864348 8.24881269
73.93000000 4.87025676 8.25644029
73.94000000 4.76409270 8.26318848
73.95000000 4.66012514 8.26907337
73.96000000 4.55832692 8.27411115
73.97000000 4.45867002 8.27831812
73.98000000 4.36112562 8.28171064
73.99000000 4.26566419 8.28430506
74.00000000 4.17225558 8.28611778
74.01000000 4.08086909 8.28716517
74.02000000 3.99147355 8.28746357
74.03000000 3.90403739 8.28702927
74.04000000 3.81852871 8.28587848
74.05000000 3.73491534 8.28402733
74.06000000 3.65316490 8.28149186
74.07000000 3.57324486 8.27828799
74.08000000 3.49512260 8.27443150
74.09000000 3.41876545 8.26993804
74.10000000 3.34414073 8.26482309
74.11000000 3.27121583 8.25910200
74.12000000 3.19995821 8.25278991
74.13000000 3.13033547 8.24590180
74.14000000 3.06231536 8.23845247
74.15000000 2.99586585 8.23045649
74.16000000 2.93095510 8.22192826
74.17000000 2.86755156 8.21288196
74.18000000 2.80562396 8.20333155
74.19000000 2.74514131 8.19329078
74.20000000 2.68607298 8.18277318
74.21000000 2.62838867 8.17179205
74.22000000 2.57205845 8.16036045
74.23000000 2.51705278 8.14849125
74.24000000 2.46334250 8.13619706
74.25000000 2.41089889 8.12349025
74.26000000 2.35969360 8.11038297
74.27000000 2.30969877 8.09688715
74.28000000 2.26088694 8.08301447
74.29000000 2.21323110 8.06877638
74.30000000 2.16670471 8.05418410
74.31000000 2.12128168 8.03924861
74.32000000 2.07693636 8.02398068
74.33000000 2.03364359 8.00839083
74.34000000 1.99137866 7.99248937
74.35000000 1.95011733 7.97628638
74.36000000 1.90983584 7.95979172
74.37000000 1.87051087 7.94301502
74.38000000 1.83211957 7.92596569
74.39000000 1.79463958 7.90865296
74.40000000 1.75804896 7.89108579
74.41000000 1.72232625 7.87327299
74.42000000 1.68745045 7.85522313
74.43000000 1.65340099 7.83694456
74.44000000 1.62015775 7.81844548
74.45000000 1.58770105 7.79973386
74.46000000 1.55601166 7.78081747
74.47000000 1.52507077 7.76170390
74.48000000 1.49485998 7.74240057
74.49000000 1.46536133 7.72291468
74.50000000 1.43655726 7.70325329
74.51000000 1.40843062 7.68342324
74.52000000 1.38096467 7.66343124
74.53000000 1.35414304 7.64328379
74.54000000 1.32794976 7.62298726
74.55000000 1.30236924 7.60254782
74.56000000 1.27738627 7.58197151
74.57000000 1.25298600 7.56126419
74.58000000 1.22915393 7.54043159
74.59000000 1.20587592 7.51947927
74.60000000 1.18313819 7.49841266
74.61000000 1.16092727 7.47723702
74.62000000 1.13923004 7.45595751
74.63000000 1.11803371 7.43457911
74.64000000 1.09732579 7.41310669
74.65000000 1.07709413 7.39154500
74.66000000 1.05732684 7.36989863
74.67000000 1.03801238 7.34817207
74.68000000 1.01913946 7.32636967
74.69000000 1.00069709 7.30449569
74.70000000 0.98267457 7.28255424
74.71000000 0.96506145 7.26054933
74.72000000 0.94784756 7.23848488
74.73000000 0.93102299 7.21636466
74.74000000 0.91457808 7.19419238
74.75000000 0.89850341 7.17197160
74.76000000 0.88278981 7.14970583
74.77000000 0.86742834 7.12739844
74.78000000 0.85241031 7.10505274
74.79000000 0.83772722 7.08267191
74.80000000 0.82337081 7.06025908
74.81000000 0.80933304 7.03781726
74.82000000 0.79560605 7.01534938
74.83000000 0.78218222 6.99285831
74.84000000 0.76905410 6.97034680
74.85000000 0.75621444 6.94781756
74.86000000 0.74365617 6.92527320
74.87000000 0.73137243 6.90271626
74.88000000 0.71935651 6.88014920
74.89000000 0.70760189 6.85757441
74.90000000 0.69610220 6.83499423
74.91000000 0.68485126 6.81241091
74.92000000 0.67384304 6.78982664
74.93000000 0.66307166 6.76724355
74.94000000 0.65253140 6.74466370
74.95000000 0.64221668 6.72208911
74.96000000 0.63212207 6.69952170
74.97000000 0.62224230 6.67696338
74.98000000 0.61257220 6.65441598
74.99000000 0.60310675 6.63188126
75.00000000 0.59384108 6.60936096
75.01000000 0.58477041 6.58685674
75.02000000 0.57589011 6.56437023
75.03000000 0.56719566 6.54190301
75.04000000 0.55868266 6.51945659
75.05000000 0.55034681 6.49703245
75.06000000 0.54218394 6.47463204
75.07000000 0.53418998 6.45225674
75.08000000 0.52636097 6.42990789
75.09000000 0.51869303 6.40758681
75.10000000 0.51118241 6.38529475
75.11000000 0.50382544 6.36303295
75.12000000 0.49661853 6.34080259
75.13000000 0.48955822 6.31860483
75.14000000 0.48264110 6.29644077
75.15000000 0.47586387 6.27431150
75.16000000 0.46922330 6.25221806
75.17000000 0.46271625 6.23016146
75.18000000 0.45633967 6.20814268
75.19000000 0.45009057 6.18616267
75.20000000 0.44396604 6.16422235
75.21000000 0.43796325 6.14232259
75.22000000 0.43207943 6.12046427
75.23000000 0.42631189 6.09864821
75.24000000 0.42065802 6.07687520
75.25000000 0.41511524 6.05514603
75.26000000 0.40968106 6.03346144
75.27000000 0.40435306 6.01182217
75.28000000 0.39912886 5.99022889
75.29000000 0.39400615 5.96868230
75.30000000 0.38898268 5.94718304
75.31000000 0.38405624 5.92573175
75.32000000 0.37922469 5.90432902
75.33000000 0.37448595 5.88297544
75.34000000 0.36983798 5.86167158
75.35000000 0.36527878 5.84041798
75.36000000 0.36080643 5.81921517
75.37000000 0.35641902 5.79806365
75.38000000 0.35211472 5.77696390
75.39000000 0.34789172 5.75591640
75.40000000 0.34374827 5.73492159
75.41000000 0.33968266 5.71397990
75.42000000 0.33569322 5.69309176
75.43000000 0.33177832 5.67225757
75.44000000 0.32793637 5.65147769
75.45000000 0.32416581 5.63075251
75.46000000 0.32046514 5.61008238
75.47000000 0.31683287 5.58946764
75.48000000 0.31326757 5.56890860
75.49000000 0.30976782 5.54840559
75.50000000 0.30633227 5.52795889
75.51000000 0.30295956 5.50756879
75.52000000 0.29964838 5.48723557
75.53000000 0.29639747 5.46695947
75.54000000 0.29320557 5.44674076
75.55000000 0.29007147 5.42657965
75.56000000 0.28699399 5.40647639
75.57000000 0.28397195 5.38643116
75.58000000 0.28100423 5.36644419
75.59000000 0.27808973 5.34651566
75.60000000 0.27522736 5.32664575
75.61000000 0.27241608 5.30683463
75.62000000 0.26965484 5.28708246
75.63000000 0.26694265 5.26738939
75.64000000 0.26427853 5.24775557
75.65000000 0.26166151 5.22818113
75.66000000 0.25909066 5.20866619
75.67000000 0.25656507 5.18921087
75.68000000 0.25408384 5.16981528
75.69000000 0.25164610 5.15047951
75.70000000 0.24925099 5.13120367
75.71000000 0.24689768 5.11198782
75.72000000 0.24458536 5.09283206
75.73000000 0.24231324 5.07373645
75.74000000 0.24008053 5.05470106
75.75000000 0.23788648 5.03572593
75.76000000 0.23573034 5.01681113
75.77000000 0.23361139 4.99795669
75.78000000 0.23152892 4.97916265
75.79000000 0.22948224 4.96042904
75.80000000 0.22747066 4.94175588
75.81000000 0.22549354 4.92314320
75.82000000 0.22355021 4.90459101
75.83000000 0.22164006 4.88609932
75.84000000 0.21976245 4.86766813
75.85000000 0.21791678 4.84929744
75.86000000 0.21610248 4.83098723
75.87000000 0.21431894 4.81273751
75.88000000 0.21256562 4.79454825
75.89000000 0.21084195 4.77641943
75.90000000 0.20914741 4.75835102
75.91000000 0.20748145 4.74034300
75.92000000 0.20584356 4.72239533
75.93000000 0.20423324 4.70450798
75.94000000 0.20265000 4.68668089
75.95000000 0.20109334 4.66891403
75.96000000 0.19956279 4.65120733
75.97000000 0.19805790 4.63356076
75.98000000 0.19657821 4.61597426
75.99000000 0.19512328 4.59844775
76.00000000 0.19369267 4.58098118
76.01000000 0.19228596 4.56357448
76.02000000 0.19090273 4.54622758
76.03000000 0.18954258 4.52894041
76.04000000 0.18820512 4.51171289
76.05000000 0.18688995 4.49454493
76.06000000 0.18559669 4.47743647
76.07000000 0.18432497 4.46038741
76.08000000 0.18307443 4.44339766
76.09000000 0.18184471 4.42646714
76.10000000 0.18063547 4.40959575
76.11000000 0.17944635 4.39278340
76.12000000 0.17827702 4.37602999
76.13000000 0.17712717 4.35933542
76.14000000 0.17599646 4.34269959
76.15000000 0.17488459 4.32612239
76.16000000 0.17379124 4.30960372
76.17000000 0.17271613 4.29314347
76.18000000 0.17165894 4.27674152
76.19000000 0.17061940 4.26039778
76.20000000 0.16959722 4.24411212
76.21000000 0.16859213 4.22788442
76.22000000 0.16760386 4.21171458
76.23000000 0.16663213 4.19560246
76.24000000 0.16567670 4.17954796
76.25000000 0.16473731 4.16355095
76.26000000 0.16381370 4.14761130
76.27000000 0.16290564 4.13172888
76.28000000 0.16201289 4.11590359
76.29000000 0.16113521 4.10013527
76.30000000 0.16027238 4.08442381
76.31000000 0.15942417 4.06876908
76.32000000 0.15859036 4.05317094
76.33000000 0.15777074 4.03762925
76.34000000 0.15696509 4.02214390
76.35000000 0.15617321 4.00671473
76.36000000 0.15539490 3.99134162
76.37000000 0.15462996 3.97602442
76.38000000 0.15387820 3.96076300
76.39000000 0.15313942 3.94555722
76.40000000 0.15241344 3.93040694
76.41000000 0.15170008 3.91531201
76.42000000 0.15099916 3.90027230
76.43000000 0.15031050 3.88528766
76.44000000 0.14963393 3.87035795
76.45000000 0.14896930 3.85548302
76.46000000 0.14831642 3.84066273
76.47000000 0.14767514 3.82589694
76.48000000 0.14704530 3.81118549
76.49000000 0.14642675 3.79652824
76.50000000 0.14581933 3.78192504
76.51000000 0.14522290 3.76737574
76.52000000 0.14463731 3.75288020
76.53000000 0.14406242 3.73843827
76.54000000 0.14349809 3.72404978
76.55000000 0.14294418 3.70971460
76.56000000 0.14240056 3.69543258
76.57000000 0.14186710 3.68120356
76.58000000 0.14134366 3.66702738
76.59000000 0.14083013 3.65290391
76.60000000 0.14032637 3.63883298
76.61000000 0.13983228 3.62481444
76.62000000 0.13934772 3.61084815
76.63000000 0.13887258 3.59693393
76.64000000 0.13840675 3.58307165
76.65000000 0.13795012 3.56926115
76.66000000 0.13750258 3.55550227
76.67000000 0.13706402 3.54179486
76.68000000 0.13663433 3.52813877
76.69000000 0.13621342 3.51453383
76.70000000 0.13580118 3.50097990
76.71000000 0.13539751 3.48747681
76.72000000 0.13500233 3.47402442
76.73000000 0.13461552 3.46062257
76.74000000 0.13423701 3.44727110
76.75000000 0.13386670 3.43396985
76.76000000 0.13350449 3.42071868
76.77000000 0.13315032 3.40751741
76.78000000 0.13280408 3.39436591
76.79000000 0.13246569 3.38126401
76.80000000 0.13213508 3.36821155
76.81000000 0.13181217 3.35520838
76.82000000 0.13149687 3.34225434
76.83000000 0.13118911 3.32934928
76.84000000 0.13088881 3.31649305
76.85000000 0.13059590 3.30368547
76.86000000 0.13031031 3.29092640
76.87000000 0.13003197 3.27821569
76.88000000 0.12976081 3.26555317
76.89000000 0.12949676 3.25293870
76.90000000 0.12923976 3.24037210
76.91000000 0.12898973 3.22785324
76.92000000 0.12874663 3.21538194
76.93000000 0.12851038 3.20295807
76.94000000 0.12828093 3.19058145
76.95000000 0.12805822 3.17825195
76.96000000 0.12784218 3.16596939
76.97000000 0.12763277 3.15373363
76.98000000 0.12742993 3.14154451
76.99000000 0.12723360 3.12940187
77.00000000 0.12704373 3.11730557
77.01000000 0.12686027 3.10525545
77.02000000 0.12668317 3.09325134
77.03000000 0.12651238 3.08129311
77.04000000 0.12634785 3.06938059
77.05000000 0.12618954 3.05751363
77.06000000 0.12603740 3.04569208
77.07000000 0.12589138 3.03391579
77.08000000 0.12575144 3.02218459
77.09000000 0.12561755 3.01049835
77.10000000 0.12548964 2.99885690
77.11000000 0.12536770 2.98726009
77.12000000 0.12525167 2.97570778
77.13000000 0.12514153 2.96419981
77.14000000 0.12503722 2.95273602
77.15000000 0.12493872 2.94131627
77.16000000 0.12484598 2.92994041
77.17000000 0.12475899 2.91860828
77.18000000 0.12467769 2.90731974
77.19000000 0.12460206 2.89607463
77.20000000 0.12453207 2.88487280
77.21000000 0.12446768 2.87371411
77.22000000 0.12440887 2.86259841
77.23000000 0.12435561 2.85152554
77.24000000 0.12430786 2.84049536
77.25000000 0.12426561 2.82950772
77.26000000 0.12422881 2.81856247
77.27000000 0.12419746 2.80765947
77.28000000 0.12417152 2.79679856
77.29000000 0.12415096 2.78597959
77.30000000 0.12413577 2.77520243
77.31000000 0.12412593 2.76446693
77.32000000 0.12412140 2.75377293
77.33000000 0.12412217 2.74312030
77.34000000 0.12412822 2.73250889
77.35000000 0.12413953 2.72193855
77.36000000 0.12415609 2.71140913
77.37000000 0.12417786 2.70092050
77.38000000 0.12420484 2.69047251
77.39000000 0.12423700 2.68006501
77.40000000 0.12427434 2.66969787
77.41000000 0.12431683 2.65937093
77.42000000 0.12436447 2.64908406
77.43000000 0.12441723 2.63883711
77.44000000 0.12447511 2.62862995
77.45000000 0.12453809 2.61846243
77.46000000 0.12460616 2.60833440
77.47000000 0.12467930 2.59824573
77.48000000 0.12475752 2.58819628
77.49000000 0.12484079 2.57818591
77.50000000 0.12492911 2.56821447
77.51000000 0.12502247 2.55828184
77.52000000 0.12512086 2.54838786
77.53000000 0.12522427 2.53853240
77.54000000 0.12533271 2.52871533
77.55000000 0.12544615 2.51893649
77.56000000 0.12556459 2.50919577
77.57000000 0.12568804 2.49949301
77.58000000 0.12581648 2.48982809
77.59000000 0.12594991 2.48020087
77.60000000 0.12608832 2.47061120
77.61000000 0.12623173 2.46105896
77.62000000 0.12638011 2.45154401
77.63000000 0.12653348 2.44206622
77.64000000 0.12669182 2.43262545
77.65000000 0.12685515 2.42322156
77.66000000 0.12702345 2.41385442
77.67000000 0.12719674 2.40452391
77.68000000 0.12737500 2.39522988
77.69000000 0.12755825 2.38597221
77.70000000 0.12774648 2.37675076
77.71000000 0.12793970 2.36756541
77.72000000 0.12813791 2.35841601
77.73000000 0.12834111 2.34930244
77.74000000 0.12854932 2.34022457
77.75000000 0.12876253 2.33118227
77.76000000 0.12898074 2.32217541
77.77000000 0.12920398 2.31320385
77.78000000 0.12943223 2.30426748
77.79000000 0.12966552 2.29536616
77.80000000 0.12990384 2.28649977
77.81000000 0.13014720 2.27766817
77.82000000 0.13039562 2.26887125
77.83000000 0.13064910 2.26010886
77.84000000 0.13090766 2.25138090
77.85000000 0.13117129 2.24268722
77.86000000 0.13144002 2.23402771
77.87000000 0.13171385 2.22540224
77.88000000 0.13199280 2.21681068
77.89000000 0.13227687 2.20825292
77.90000000 0.13256609 2.19972882
77.91000000 0.13286045 2.19123826
77.92000000 0.13315999 2.18278113
77.93000000 0.13346471 2.17435729
77.94000000 0.13377462 2.16596663
77.95000000 0.13408974 2.15760902
77.96000000 0.13441009 2.14928434
77.97000000 0.13473568 2.14099248
77.98000000 0.13506654 2.13273330
77.99000000 0.13540267 2.12450669
78.00000000 0.13574409 2.11631253
78.01000000 0.13609083 2.10815071
78.02000000 0.13644290 2.10002109
78.03000000 0.13680031 2.09192356
78.04000000 0.13716310 2.08385801
78.05000000 0.13753128 2.07582432
78.06000000 0.13790487 2.06782236
78.07000000 0.13828389 2.05985203
78.08000000 0.13866837 2.05191319
78.09000000 0.13905832 2.04400575
78.10000000 0.13945377 2.03612958
78.11000000 0.13985475 2.02828457
78.12000000 0.14026126 2.02047060
78.13000000 0.14067335 2.01268755
78.14000000 0.14109103 2.00493532
78.15000000 0.14151434 1.99721379
78.16000000 0.14194328 1.98952284
78.17000000 0.14237790 1.98186237
78.18000000 0.14281822 1.97423225
78.19000000 0.14326426 1.96663239
78.20000000 0.14371606 1.95906265
78.21000000 0.14417363 1.95152294
78.22000000 0.14463702 1.94401315
78.23000000 0.14510625 1.93653316
78.24000000 0.14558134 1.92908285
78.25000000 0.14606234 1.92166213
78.26000000 0.14654927 1.91427088
78.27000000 0.14704215 1.90690900
78.28000000 0.14754104 1.89957637
78.29000000 0.14804594 1.89227288
78.30000000 0.14855691 1.88499844
78.31000000 0.14907397 1.87775292
78.32000000 0.14959716 1.87053623
78.33000000 0.15012650 1.86334825
78.34000000 0.15066205 1.85618888
78.35000000 0.15120382 1.84905802
78.36000000 0.15175187 1.84195555
78.37000000 0.15230622 1.83488138
78.38000000 0.15286691 1.82783539
78.39000000 0.15343398 1.82081749
78.40000000 0.15400746 1.81382757
78.41000000 0.15458741 1.80686552
78.42000000 0.15517385 1.79993125
78.43000000 0.15576683 1.79302464
78.44000000 0.15636638 1.78614560
78.45000000 0.15697256 1.77929403
78.46000000 0.15758539 1.77246982
78.47000000 0.15820493 1.76567287
78.48000000 0.15883121 1.75890308
78.49000000 0.15946428 1.75216035
78.50000000 0.16010418 1.74544457
78.51000000 0.16075096 1.73875566
78.52000000 0.16140467 1.73209351
78.53000000 0.16206534 1.72545802
78.54000000 0.16273302 1.71884909
78.55000000 0.16340777 1.71226662
78.56000000 0.16408963 1.70571052
78.57000000 0.16477864 1.69918068
78.58000000 0.16547487 1.69267702
78.59000000 0.16617834 1.68619942
78.60000000 0.16688913 1.67974781
78.61000000 0.16760727 1.67332207
78.62000000 0.16833282 1.66692212
78.63000000 0.16906583 1.66054786
78.64000000 0.16980635 1.65419919
78.65000000 0.17055444 1.64787602
78.66000000 0.17131014 1.64157826
78.67000000 0.17207353 1.63530580
78.68000000 0.17284464 1.62905856
78.69000000 0.17362353 1.62283645
78.70000000 0.17441027 1.61663937
78.71000000 0.17520491 1.61046722
78.72000000 0.17600751 1.60431992
78.73000000 0.17681812 1.59819738
78.74000000 0.17763680 1.59209949
78.75000000 0.17846362 1.58602618
78.76000000 0.17929864 1.57997735
78.77000000 0.18014191 1.57395291
78.78000000 0.18099350 1.56795277
78.79000000 0.18185348 1.56197683
78.80000000 0.18272189 1.55602502
78.81000000 0.18359882 1.55009724
78.82000000 0.18448432 1.54419341
78.83000000 0.18537846 1.53831343
78.84000000 0.18628131 1.53245721
78.85000000 0.18719293 1.52662468
78.86000000 0.18811339 1.52081573
78.87000000 0.18904276 1.51503029
78.88000000 0.18998111 1.50926827
78.89000000 0.19092851 1.50352958
78.90000000 0.19188503 1.49781414
78.91000000 0.19285074 1.49212186
78.92000000 0.19382571 1.48645265
78.93000000 0.19481002 1.48080643
78.94000000 0.19580375 1.47518312
78.95000000 0.19680696 1.46958263
78.96000000 0.19781974 1.46400488
78.97000000 0.19884215 1.45844978
78.98000000 0.19987428 1.45291726
78.99000000 0.20091620 1.44740722
79.00000000 0.20196800 1.44191959
79.01000000 0.20302975 1.43645428
79.02000000 0.20410154 1.43101121
79.03000000 0.20518344 1.42559031
79.04000000 0.20627554 1.42019148
79.05000000 0.20737792 1.41481465
79.06000000 0.20849067 1.40945974
79.07000000 0.20961387 1.40412666
79.08000000 0.21074761 1.39881535
79.09000000 0.21189197 1.39352571
79.10000000 0.21304705 1.38825767
79.11000000 0.21421293 1.38301115
79.12000000 0.21538969 1.37778607
79.13000000 0.21657744 1.37258236
79.14000000 0.21777626 1.36739993
79.15000000 0.21898625 1.36223870
79.16000000 0.22020750 1.35709861
79.17000000 0.22144010 1.35197958
79.18000000 0.22268416 1.34688152
79.19000000 0.22393975 1.34180436
79.20000000 0.22520700 1.33674802
79.21000000 0.22648598 1.33171244
79.22000000 0.22777681 1.32669753
79.23000000 0.22907958 1.32170321
79.24000000 0.23039439 1.31672943
79.25000000 0.23172135 1.31177609
79.26000000 0.23306056 1.30684313
79.27000000 0.23441213 1.30193047
79.28000000 0.23577616 1.29703804
79.29000000 0.23715276 1.29216576
79.30000000 0.23854203 1.28731357
79.31000000 0.23994409 1.28248138
79.32000000 0.24135905 1.27766914
79.33000000 0.24278701 1.27287676
79.34000000 0.24422810 1.26810418
79.35000000 0.24568241 1.26335132
79.36000000 0.24715008 1.25861811
79.37000000 0.24863121 1.25390448
79.38000000 0.25012593 1.24921037
79.39000000 0.25163434 1.24453570
79.40000000 0.25315658 1.23988040
79.41000000 0.25469276 1.23524440
79.42000000 0.25624300 1.23062763
79.43000000 0.25780743 1.22603003
79.44000000 0.25938617 1.22145153
79.45000000 0.26097935 1.21689205
79.46000000 0.26258709 1.21235154
79.47000000 0.26420952 1.20782992
79.48000000 0.26584678 1.20332712
79.49000000 0.26749899 1.19884308
79.50000000 0.26916629 1.19437773
79.51000000 0.27084880 1.18993101
79.52000000 0.27254667 1.18550284
79.53000000 0.27426004 1.18109317
79.54000000 0.27598903 1.17670193
79.55000000 0.27773379 1.17232905
79.56000000 0.27949445 1.16797446
79.57000000 0.28127117 1.16363812
79.58000000 0.28306409 1.15931993
79.59000000 0.28487334 1.15501986
79.60000000 0.28669907 1.15073782
79.61000000 0.28854144 1.14647377
79.62000000 0.29040059 1.14222762
79.63000000 0.29227668 1.13799933
79.64000000 0.29416985 1.13378883
79.65000000 0.29608025 1.12959605
79.66000000 0.29800806 1.12542094
79.67000000 0.29995341 1.12126343
79.68000000 0.30191647 1.11712347
79.69000000 0.30389740 1.11300098
79.70000000 0.30589636 1.10889591
79.71000000 0.30791352 1.10480821
79.72000000 0.30994903 1.10073780
79.73000000 0.31200307 1.09668463
79.74000000 0.31407580 1.09264864
79.75000000 0.31616740 1.08862977
79.76000000 0.31827803 1.08462796
79.77000000 0.32040787 1.08064315
79.78000000 0.32255709 1.07667529
79.79000000 0.32472587 1.07272431
79.80000000 0.32691439 1.06879016
79.81000000 0.32912282 1.06487278
79.82000000 0.33135136 1.06097211
79.83000000 0.33360018 1.05708809
79.84000000 0.33586947 1.05322067
79.85000000 0.33815941 1.04936979
79.86000000 0.34047020 1.04553540
79.87000000 0.34280203 1.04171744
79.88000000 0.34515509 1.03791585
79.89000000 0.34752957 1.03413058
79.90000000 0.34992568 1.03036157
79.91000000 0.35234360 1.02660877
79.92000000 0.35478355 1.02287212
79.93000000 0.35724572 1.01915157
79.94000000 0.35973033 1.01544706
79.95000000 0.36223756 1.01175855
79.96000000 0.36476765 1.00808597
79.97000000 0.36732079 1.00442928
79.98000000 0.36989719 1.00078842
79.99000000 0.37249708 0.99716333
80.00000000 0.37512068 0.99355397
80.01000000 0.37776819 0.98996029
80.02000000 0.38043985 0.98638222
80.03000000 0.38313587 0.98281973
80.04000000 0.38585649 0.97927276
80.05000000 0.38860192 0.97574125
80.06000000 0.39137241 0.97222516
80.07000000 0.39416817 0.96872443
80.08000000 0.39698946 0.96523903
80.09000000 0.39983650 0.96176889
80.10000000 0.40270954 0.95831396
80.11000000 0.40560882 0.95487420
80.12000000 0.40853457 0.95144956
80.13000000 0.41148706 0.94803999
80.14000000 0.41446652 0.94464544
80.15000000 0.41747322 0.94126586
80.16000000 0.42050739 0.93790120
80.17000000 0.42356931 0.93455142
80.18000000 0.42665923 0.93121647
80.19000000 0.42977740 0.92789630
80.20000000 0.43292411 0.92459086
80.21000000 0.43609960 0.92130011
80.22000000 0.43930416 0.91802400
80.23000000 0.44253805 0.91476249
80.24000000 0.44580155 0.91151552
80.25000000 0.44909494 0.90828306
80.26000000 0.45241849 0.90506505
80.27000000 0.45577249 0.90186146
80.28000000 0.45915723 0.89867223
80.29000000 0.46257300 0.89549733
80.30000000 0.46602007 0.89233670
80.31000000 0.46949876 0.88919031
80.32000000 0.47300936 0.88605811
80.33000000 0.47655216 0.88294006
80.34000000 0.48012747 0.87983611
80.35000000 0.48373560 0.87674623
80.36000000 0.48737685 0.87367036
80.37000000 0.49105154 0.87060846
80.38000000 0.49475998 0.86756050
80.39000000 0.49850249 0.86452643
80.40000000 0.50227939 0.86150621
80.41000000 0.50609101 0.85849980
80.42000000 0.50993767 0.85550716
80.43000000 0.51381971 0.85252824
80.44000000 0.51773745 0.84956301
80.45000000 0.52169124 0.84661143
80.46000000 0.52568141 0.84367345
80.47000000 0.52970832 0.84074903
80.48000000 0.53377230 0.83783815
80.49000000 0.53787371 0.83494074
80.50000000 0.54201290 0.83205679
80.51000000 0.54619023 0.82918625
80.52000000 0.55040606 0.82632908
80.53000000 0.55466075 0.82348524
80.54000000 0.55895468 0.82065469
80.55000000 0.56328821 0.81783740
80.56000000 0.56766172 0.81503334
80.57000000 0.57207559 0.81224245
80.58000000 0.57653020 0.80946471
80.59000000 0.58102593 0.80670008
80.60000000 0.58556319 0.80394853
80.61000000 0.59014235 0.80121001
80.62000000 0.59476383 0.79848449
80.63000000 0.59942802 0.79577194
80.64000000 0.60413532 0.79307232
80.65000000 0.60888615 0.79038560
80.66000000 0.61368091 0.78771173
80.67000000 0.61852004 0.78505070
80.68000000 0.62340394 0.78240246
80.69000000 0.62833304 0.77976697
80.70000000 0.63330778 0.77714422
80.71000000 0.63832859 0.77453415
80.72000000 0.64339590 0.77193675
80.73000000 0.64851016 0.76935197
80.74000000 0.65367181 0.76677978
80.75000000 0.65888131 0.76422016
80.76000000 0.66413911 0.76167307
80.77000000 0.66944567 0.75913848
80.78000000 0.67480146 0.75661636
80.79000000 0.68020693 0.75410667
80.80000000 0.68566258 0.75160939
80.81000000 0.69116887 0.74912449
80.82000000 0.69672628 0.74665193
80.83000000 0.70233531 0.74419169
80.84000000 0.70799645 0.74174373
80.85000000 0.71371018 0.73930803
80.86000000 0.71947703 0.73688456
80.87000000 0.72529748 0.73447329
80.88000000 0.73117205 0.73207419
80.89000000 0.73710126 0.72968723
80.90000000 0.74308562 0.72731239
80.91000000 0.74912567 0.72494963
80.92000000 0.75522194 0.72259894
80.93000000 0.76137496 0.72026028
80.94000000 0.76758526 0.71793362
80.95000000 0.77385341 0.71561895
80.96000000 0.78017995 0.71331623
80.97000000 0.78656544 0.71102544
80.98000000 0.79301043 0.70874656
80.99000000 0.79951551 0.70647955
81.00000000 0.80608124 0.70422439
81.01000000 0.81270819 0.70198107
81.02000000 0.81939697 0.69974955
81.03000000 0.82614814 0.69752981
81.04000000 0.83296232 0.69532183
81.05000000 0.83984010 0.69312558
81.06000000 0.84678209 0.69094105
81.07000000 0.85378890 0.68876820
81.08000000 0.86086115 0.68660702
81.09000000 0.86799947 0.68445748
81.10000000 0.87520448 0.68231957
81.11000000 0.88247683 0.68019326
81.12000000 0.88981715 0.67807852
81.13000000 0.89722609 0.67597535
81.14000000 0.90470432 0.67388372
81.15000000 0.91225249 0.67180361
81.16000000 0.91987126 0.66973499
81.17000000 0.92756132 0.66767786
81.18000000 0.93532334 0.66563219
81.19000000 0.94315801 0.66359796
81.20000000 0.95106603 0.66157515
81.21000000 0.95904809 0.65956376
81.22000000 0.96710490 0.65756375
81.23000000 0.97523717 0.65557511
81.24000000 0.98344563 0.65359782
81.25000000 0.99173099 0.65163187
81.26000000 1.00009401 0.64967725
81.27000000 1.00853540 0.64773393
81.28000000 1.01705593 0.64580190
81.29000000 1.02565635 0.64388114
81.30000000 1.03433742 0.64197164
81.31000000 1.04309991 0.64007339
81.32000000 1.05194460 0.63818637
81.33000000 1.06087226 0.63631057
81.34000000 1.06988370 0.63444597
81.35000000 1.07897970 0.63259257
81.36000000 1.08816108 0.63075034
81.37000000 1.09742866 0.62891928
81.38000000 1.10678324 0.62709937
81.39000000 1.11622566 0.62529060
81.40000000 1.12575676 0.62349297
81.41000000 1.13537738 0.62170646
81.42000000 1.14508838 0.61993106
81.43000000 1.15489061 0.61816676
81.44000000 1.16478494 0.61641355
81.45000000 1.17477225 0.61467143
81.46000000 1.18485343 0.61294037
81.47000000 1.19502937 0.61122039
81.48000000 1.20530097 0.60951146
81.49000000 1.21566914 0.60781358
81.50000000 1.22613480 0.60612675
81.51000000 1.23669887 0.60445095
81.52000000 1.24736230 0.60278619
81.53000000 1.25812602 0.60113245
81.54000000 1.26899099 0.59948973
81.55000000 1.27995816 0.59785802
81.56000000 1.29102852 0.59623733
81.57000000 1.30220304 0.59462764
81.58000000 1.31348272 0.59302896
81.59000000 1.32486853 0.59144128
81.60000000 1.33636150 0.58986459
81.61000000 1.34796265 0.58829890
81.62000000 1.35967299 0.58674421
81.63000000 1.37149356 0.58520051
81.64000000 1.38342540 0.58366780
81.65000000 1.39546958 0.58214609
81.66000000 1.40762715 0.58063537
81.67000000 1.41989919 0.57913564
81.68000000 1.43228679 0.57764691
81.69000000 1.44479102 0.57616918
81.70000000 1.45741301 0.57470245
81.71000000 1.47015385 0.57324672
81.72000000 1.48301468 0.57180200
81.73000000 1.49599663 0.57036829
81.74000000 1.50910084 0.56894559
81.75000000 1.52232846 0.56753392
81.76000000 1.53568067 0.56613327
81.77000000 1.54915863 0.56474365
81.78000000 1.56276353 0.56336508
81.79000000 1.57649658 0.56199755
81.80000000 1.59035897 0.56064107
81.81000000 1.60435192 0.55929566
81.82000000 1.61847666 0.55796133
81.83000000 1.63273444 0.55663807
81.84000000 1.64712650 0.55532591
81.85000000 1.66165411 0.55402485
81.86000000 1.67631854 0.55273491
81.87000000 1.69112107 0.55145610
81.88000000 1.70606300 0.55018842
81.89000000 1.72114564 0.54893190
81.90000000 1.73637031 0.54768656
81.91000000 1.75173834 0.54645239
81.92000000 1.76725108 0.54522943
81.93000000 1.78290986 0.54401768
81.94000000 1.79871607 0.54281716
81.95000000 1.81467109 0.54162789
81.96000000 1.83077629 0.54044989
81.97000000 1.84703309 0.53928319
81.98000000 1.86344290 0.53812778
81.99000000 1.88000715 0.53698371
82.00000000 1.89672728 0.53585099
82.01000000 1.91360473 0.53472964
82.02000000 1.93064098 0.53361968
82.03000000 1.94783750 0.53252114
82.04000000 1.96519579 0.53143405
82.05000000 1.98271734 0.53035842
82.06000000 2.00040367 0.52929429
82.07000000 2.01825631 0.52824168
82.08000000 2.03627681 0.52720062
82.09000000 2.05446671 0.52617114
82.10000000 2.07282759 0.52515327
82.11000000 2.09136103 0.52414703
82.12000000 2.11006862 0.52315246
82.13000000 2.12895198 0.52216960
82.14000000 2.14801272 0.52119846
82.15000000 2.16725248 0.52023910
82.16000000 2.18667291 0.51929154
82.17000000 2.20627567 0.51835582
82.18000000 2.22606245 0.51743198
82.19000000 2.24603493 0.51652005
82.20000000 2.26619481 0.51562008
82.21000000 2.28654382 0.51473209
82.22000000 2.30708370 0.51385615
82.23000000 2.32781618 0.51299228
82.24000000 2.34874303 0.51214053
82.25000000 2.36986603 0.51130094
82.26000000 2.39118696 0.51047357
82.27000000 2.41270764 0.50965844
82.28000000 2.43442988 0.50885563
82.29000000 2.45635553 0.50806516
82.30000000 2.47848641 0.50728710
82.31000000 2.50082442 0.50652149
82.32000000 2.52337141 0.50576839
82.33000000 2.54612929 0.50502785
82.34000000 2.56909996 0.50429992
82.35000000 2.59228536 0.50358466
82.36000000 2.61568741 0.50288213
82.37000000 2.63930808 0.50219239
82.38000000 2.66314932 0.50151549
82.39000000 2.68721314 0.50085150
82.40000000 2.71150152 0.50020049
82.41000000 2.73601649 0.49956251
82.42000000 2.76076008 0.49893763
82.43000000 2.78573432 0.49832593
82.44000000 2.81094129 0.49772746
82.45000000 2.83638306 0.49714230
82.46000000 2.86206173 0.49657052
82.47000000 2.88797940 0.49601219
82.48000000 2.91413821 0.49546739
82.49000000 2.94054028 0.49493620
82.50000000 2.96718777 0.49441869
82.51000000 2.99408287 0.49391494
82.52000000 3.02122775 0.49342504
82.53000000 3.04862462 0.49294907
82.54000000 3.07627570 0.49248711
82.55000000 3.10418323 0.49203925
82.56000000 3.13234945 0.49160558
82.57000000 3.16077663 0.49118620
82.58000000 3.18946706 0.49078118
82.59000000 3.21842303 0.49039064
82.60000000 3.24764686 0.49001466
82.61000000 3.27714088 0.48965335
82.62000000 3.30690744 0.48930679
82.63000000 3.33694890 0.48897511
82.64000000 3.36726763 0.48865840
82.65000000 3.39786604 0.48835677
82.66000000 3.42874653 0.48807032
82.67000000 3.45991152 0.48779918
82.68000000 3.49136346 0.48754345
82.69000000 3.52310481 0.48730325
82.70000000 3.55513803 0.48707871
82.71000000 3.58746562 0.48686993
82.72000000 3.62009008 0.48667705
82.73000000 3.65301392 0.48650019
82.74000000 3.68623969 0.48633947
82.75000000 3.71976994 0.48619504
82.76000000 3.75360722 0.48606703
82.77000000 3.78775412 0.48595556
82.78000000 3.82221324 0.48586079
82.79000000 3.85698718 0.48578285
82.80000000 3.89207857 0.48572189
82.81000000 3.92749005 0.48567806
82.82000000 3.96322427 0.48565151
82.83000000 3.99928391 0.48564239
82.84000000 4.03567164 0.48565087
82.85000000 4.07239016 0.48567709
82.86000000 4.10944219 0.48572124
82.87000000 4.14683046 0.48578347
82.88000000 4.18455769 0.48586395
82.89000000 4.22262664 0.48596287
82.90000000 4.26104008 0.48608039
82.91000000 4.29980079 0.48621670
82.92000000 4.33891155 0.48637199
82.93000000 4.37837518 0.48654644
82.94000000 4.41819448 0.48674025
82.95000000 4.45837229 0.48695361
82.96000000 4.49891146 0.48718673
82.97000000 4.53981482 0.48743980
82.98000000 4.58108525 0.48771305
82.99000000 4.62272561 0.48800668
83.00000000 4.66473881 0.48832091
83.01000000 4.70712772 0.48865597
83.02000000 4.74989526 0.48901207
83.03000000 4.79304434 0.48938946
83.04000000 4.83657789 0.48978837
83.05000000 4.88049884 0.49020904
83.06000000 4.92481013 0.49065171
83.07000000 4.96951471 0.49111664
83.08000000 5.01461555 0.49160408
83.09000000 5.06011560 0.49211431
83.10000000 5.10601784 0.49264757
83.11000000 5.15232525 0.49320415
83.12000000 5.19904081 0.49378433
83.13000000 5.24616750 0.49438838
83.14000000 5.29370833 0.49501661
83.15000000 5.34166630 0.49566930
83.16000000 5.39004439 0.49634675
83.17000000 5.43884563 0.49704929
83.18000000 5.48807301 0.49777721
83.19000000 5.53772954 0.49853085
83.20000000 5.58781823 0.49931054
83.21000000 5.63834209 0.50011660
83.22000000 5.68930413 0.50094938
83.23000000 5.74070735 0.50180923
83.24000000 5.79255477 0.50269650
83.25000000 5.84484938 0.50361157
83.26000000 5.89759419 0.50455480
83.27000000 5.95079218 0.50552658
83.28000000 6.00444634 0.50652729
83.29000000 6.05855966 0.50755733
83.30000000 6.11313511 0.50861710
83.31000000 6.16817566 0.50970702
83.32000000 6.22368426 0.51082751
83.33000000 6.27966386 0.51197900
83.34000000 6.33611739 0.51316194
83.35000000 6.39304778 0.51437677
83.36000000 6.45045793 0.51562395
83.37000000 6.50835073 0.51690396
83.38000000 6.56672906 0.51821726
83.39000000 6.62559578 0.51956437
83.40000000 6.68495373 0.52094576
83.41000000 6.74480571 0.52236197
83.42000000 6.80515454 0.52381351
83.43000000 6.86600298 0.52530091
83.44000000 6.92735378 0.52682472
83.45000000 6.98920965 0.52838550
83.46000000 7.05157330 0.52998382
83.47000000 7.11444739 0.53162026
83.48000000 7.17783454 0.53329543
83.49000000 7.24173736 0.53500992
83.50000000 7.30615840 0.53676436
83.51000000 7.37110020 0.53855939
83.52000000 7.43656523 0.54039565
83.53000000 7.50255594 0.54227382
83.54000000 7.56907473 0.54419457
83.55000000 7.63612397 0.54615860
83.56000000 7.70370594 0.54816661
83.57000000 7.77182293 0.55021934
83.58000000 7.84047712 0.55231752
83.59000000 7.90967067 0.55446192
83.60000000 7.97940567 0.55665331
83.61000000 8.04968416 0.55889249
83.62000000 8.12050810 0.56118026
83.63000000 8.19187941 0.56351746
83.64000000 8.26379991 0.56590494
83.65000000 8.33627138 0.56834357
83.66000000 8.40929551 0.57083423
83.67000000 8.48287390 0.57337783
83.68000000 8.55700809 0.57597530
83.69000000 8.63169954 0.57862760
83.70000000 8.70694961 0.58133569
83.71000000 8.78275956 0.58410057
83.72000000 8.85913057 0.58692325
83.73000000 8.93606374 0.58980479
83.74000000 9.01356002 0.59274624
83.75000000 9.09162030 0.59574870
83.76000000 9.17024533 0.59881327
83.77000000 9.24943578 0.60194110
83.78000000 9.32919215 0.60513337
83.79000000 9.40951487 0.60839125
83.80000000 9.49040422 0.61171598
83.81000000 9.57186034 0.61510881
83.82000000 9.65388324 0.61857101
83.83000000 9.73647280 0.62210391
83.84000000 9.81962875 0.62570883
83.85000000 9.90335064 0.62938716
83.86000000 9.98763791 0.63314029
83.87000000 10.07248979 0.63696967
83.88000000 10.15790538 0.64087677
83.89000000 10.24388359 0.64486310
83.90000000 10.33042315 0.64893019
83.91000000 10.41752260 0.65307963
83.92000000 10.50518029 0.65731304
83.93000000 10.59339438 0.66163207
83.94000000 10.68216281 0.66603842
83.95000000 10.77148332 0.67053381
83.96000000 10.86135343 0.67512003
83.97000000 10.95177042 0.67979890
83.98000000 11.04273134 0.68457227
83.99000000 11.13423302 0.68944206
84.00000000 11.22627201 0.69441021
84.01000000 11.31884463 0.69947873
84.02000000 11.41194690 0.70464965
84.03000000 11.50557461 0.70992509
84.04000000 11.59972322 0.71530717
84.05000000 11.69438794 0.72079810
84.06000000 11.78956366 0.72640013
84.07000000 11.88524496 0.73211556
84.08000000 11.98142610 0.73794675
84.09000000 12.07810102 0.74389611
84.10000000 12.17526331 0.74996611
84.11000000 12.27290623 0.75615930
84.12000000 12.37102264 0.76247826
84.13000000 12.46960508 0.76892564
84.14000000 12.56864567 0.77550417
84.15000000 12.66813617 0.78221662
84.16000000 12.76806790 0.78906585
84.17000000 12.86843180 0.79605477
84.18000000 12.96921835 0.80318637
84.19000000 13.07041761 0.81046371
84.20000000 13.17201920 0.81788992
84.21000000 13.27401224 0.82546820
84.22000000 13.37638541 0.83320183
84.23000000 13.47912687 0.84109417
84.24000000 13.58222428 0.84914866
84.25000000 13.68566481 0.85736882
84.26000000 13.78943506 0.86575825
84.27000000 13.89352111 0.87432063
84.28000000 13.99790846 0.88305974
84.29000000 14.10258206 0.89197944
84.30000000 14.20752624 0.90108367
84.31000000 14.31272476 0.91037647
84.32000000 14.41816071 0.91986198
84.33000000 14.52381660 0.92954444
84.34000000 14.62967425 0.93942815
84.35000000 14.73571482 0.94951756
84.36000000 14.84191879 0.95981718
84.37000000 14.94826595 0.97033164
84.38000000 15.05473534 0.98106567
84.39000000 15.16130530 0.99202411
84.40000000 15.26795341 1.00321190
84.41000000 15.37465648 1.01463410
84.42000000 15.48139053 1.02629587
84.43000000 15.58813078 1.03820249
84.44000000 15.69485164 1.05035934
84.45000000 15.80152669 1.06277194
84.46000000 15.90812864 1.07544590
84.47000000 16.01462934 1.08838697
84.48000000 16.12099975 1.10160100
84.49000000 16.22720992 1.11509399
84.50000000 16.33322901 1.12887203
84.51000000 16.43902520 1.14294136
84.52000000 16.54456575 1.15730833
84.53000000 16.64981694 1.17197940
84.54000000 16.75474405 1.18696120
84.55000000 16.85931139 1.20226044
84.56000000 16.96348222 1.21788399
84.57000000 17.06721881 1.23383882
84.58000000 17.17048235 1.25013206
84.59000000 17.27323300 1.26677094
84.60000000 17.37542982 1.28376283
84.61000000 17.47703082 1.30111522
84.62000000 17.57799290 1.31883573
84.63000000 17.67827187 1.33693211
84.64000000 17.77782240 1.35541222
84.65000000 17.87659808 1.37428405
84.66000000 17.97455133 1.39355571
84.67000000 18.07163348 1.41323544
84.68000000 18.16779468 1.43333158
84.69000000 18.26298399 1.45385258
84.70000000 18.35714928 1.47480700
84.71000000 18.45023732 1.49620353
84.72000000 18.54219370 1.51805094
84.73000000 18.63296293 1.54035809
84.74000000 18.72248834 1.56313394
84.75000000 18.81071217 1.58638756
84.76000000 18.89757556 1.61012806
84.77000000 18.98301853 1.63436465
84.78000000 19.06698005 1.65910659
84.79000000 19.14939800 1.68436322
84.80000000 19.23020925 1.71014390
84.81000000 19.30934965 1.73645806
84.82000000 19.38675407 1.76331514
84.83000000 19.46235640 1.79072461
84.84000000 19.53608966 1.81869594
84.85000000 19.60788595 1.84723861
84.86000000 19.67767656 1.87636207
84.87000000 19.74539197 1.90607574
84.88000000 19.81096195 1.93638901
84.89000000 19.87431555 1.96731118
84.90000000 19.93538123 1.99885151
84.91000000 19.99408688 2.03101913
84.92000000 20.05035989 2.06382309
84.93000000 20.10412723 2.09727228
84.94000000 20.15531555 2.13137546
84.95000000 20.20385124 2.16614120
84.96000000 20.24966051 2.20157788
84.97000000 20.29266951 2.23769367
84.98000000 20.33280442 2.27449648
84.99000000 20.36999154 2.31199398
85.00000000 20.40415742 2.35019353
85.01000000 20.43522896 2.38910217
85.02000000 20.46313355 2.42872658
85.03000000 20.48779916 2.46907311
85.04000000 20.50915451 2.51014765
85.05000000 20.52712920 2.55195569
85.06000000 20.54165381 2.59450224
85.07000000 20.55266010 2.63779182
85.08000000 20.56008114 2.68182842
85.09000000 20.56385144 2.72661546
85.10000000 20.56390715 2.77215577
85.11000000 20.56018619 2.81845155
85.12000000 20.55262844 2.86550433
85.13000000 20.54117589 2.91331496
85.14000000 20.52577281 2.96188355
85.15000000 20.50636597 3.01120944
85.16000000 20.48290475 3.06129118
85.17000000 20.45534135 3.11212648
85.18000000 20.42363097 3.16371219
85.19000000 20.38773198 3.21604426
85.20000000 20.34760610 3.26911772
85.21000000 20.30321857 3.32292662
85.22000000 20.25453834 3.37746404
85.23000000 20.20153822 3.43272204
85.24000000 20.14419503 3.48869162
85.25000000 20.08248983 3.54536274
85.26000000 20.01640799 3.60272424
85.27000000 19.94593941 3.66076387
85.28000000 19.87107863 3.71946822
85.29000000 19.79182496 3.77882277
85.30000000 19.70818262 3.83881181
85.31000000 19.62016087 3.89941847
85.32000000 19.52777408 3.96062468
85.33000000 19.43104184 4.02241123
85.34000000 19.32998906 4.08475767
85.35000000 19.22464603 4.14764241
85.36000000 19.11504843 4.21104265
85.37000000 19.00123746 4.27493446
85.38000000 18.88325977 4.33929271
85.39000000 18.76116755 4.40409116
85.40000000 18.63501846 4.46930246
85.41000000 18.50487564 4.53489815
85.42000000 18.37080767 4.60084872
85.43000000 18.23288849 4.66712362
85.44000000 18.09119735 4.73369135
85.45000000 17.94581868 4.80051940
85.46000000 17.79684203 4.86757442
85.47000000 17.64436189 4.93482217
85.48000000 17.48847758 5.00222762
85.49000000 17.32929305 5.06975500
85.50000000 17.16691674 5.13736786
85.51000000 17.00146135 5.20502913
85.52000000 16.83304365 5.27270120
85.53000000 16.66178425 5.34034597
85.54000000 16.48780734 5.40792492
85.55000000 16.31124046 5.47539922
85.56000000 16.13221422 5.54272977
85.57000000 15.95086205 5.60987728
85.58000000 15.76731986 5.67680237
85.59000000 15.58172580 5.74346565
85.60000000 15.39421995 5.80982777
85.61000000 15.20494397 5.87584952
85.62000000 15.01404086 5.94149195
85.63000000 14.82165457 6.00671636
85.64000000 14.62792975 6.07148447
85.65000000 14.43301140 6.13575846
85.66000000 14.23704455 6.19950102
85.67000000 14.04017398 6.26267548
85.68000000 13.84254389 6.32524584
85.69000000 13.64429760 6.38717688
85.70000000 13.44557726 6.44843419
85.71000000 13.24652357 6.50898423
85.72000000 13.04727548 6.56879445
85.73000000 12.84796996 6.62783327
85.74000000 12.64874170 6.68607020
85.75000000 12.44972290 6.74347585
85.76000000 12.25104303 6.80002199
85.77000000 12.05282861 6.85568160
85.78000000 11.85520300 6.91042886
85.79000000 11.65828621 6.96423928
85.80000000 11.46219477 7.01708962
85.81000000 11.26704150 7.06895798
85.82000000 11.07293543 7.11982381
85.83000000 10.87998164 7.16966792
85.84000000 10.68828118 7.21847247
85.85000000 10.49793092 7.26622101
85.86000000 10.30902355 7.31289848
85.87000000 10.12164744 7.35849117
85.88000000 9.93588666 7.40298678
85.89000000 9.75182088 7.44637433
85.90000000 9.56952542 7.48864422
85.91000000 9.38907118 7.52978818
85.92000000 9.21052469 7.56979925
85.93000000 9.03394814 7.60867176
85.94000000 8.85939935 7.64640131
85.95000000 8.68693188 7.68298474
85.96000000 8.51659507 7.71842011
85.97000000 8.34843407 7.75270663
85.98000000 8.18248996 7.78584468
85.99000000 8.01879978 7.81783574
86.00000000 7.85739668 7.84868234
86.01000000 7.69830996 7.87838806
86.02000000 7.54156523 7.90695746
86.03000000 7.38718445 7.93439606
86.04000000 7.23518610 7.96071028
86.05000000 7.08558526 7.98590739
86.06000000 6.93839376 8.00999551
86.07000000 6.79362028 8.03298352
86.08000000 6.65127049 8.05488104
86.09000000 6.51134715 8.07569841
86.10000000 6.37385027 8.09544657
86.11000000 6.23877724 8.11413712
86.12000000 6.10612290 8.13178220
86.13000000 5.97587976 8.14839449
86.14000000 5.84803803 8.16398716
86.15000000 5.72258583 8.17857382
86.16000000 5.59950924 8.19216849
86.17000000 5.47879248 8.20478558
86.18000000 5.36041800 8.21643981
86.19000000 5.24436660 8.22714622
86.20000000 5.13061755 8.23692012
86.21000000 5.01914868 8.24577705
86.22000000 4.90993654 8.25373275
86.23000000 4.80295644 8.26080313
86.24000000 4.69818259 8.26700425
86.25000000 4.59558820 8.27235229
86.26000000 4.49514555 8.27686351
86.27000000 4.39682611 8.28055425
86.28000000 4.30060060 8.28344085
86.29000000 4.20643908 8.28553972
86.30000000 4.11431105 8.28686723
86.31000000 4.02418552 8.28743973
86.32000000 3.93603104 8.28727353
86.33000000 3.84981582 8.28638487
86.34000000 3.76550780 8.28478993
86.35000000 3.68307467 8.28250478
86.36000000 3.60248393 8.27954536
86.37000000 3.52370300 8.27592753
86.38000000 3.44669922 8.27166697
86.39000000 3.37143991 8.26677925
86.40000000 3.29789243 8.26127974
86.41000000 3.22602421 8.25518368
86.42000000 3.15580279 8.24850610
86.43000000 3.08719586 8.24126187
86.44000000 3.02017131 8.23346564
86.45000000 2.95469722 8.22513188
86.46000000 2.89074194 8.21627485
86.47000000 2.82827409 8.20690859
86.48000000 2.76726257 8.19704693
86.49000000 2.70767661 8.18670347
86.50000000 2.64948580 8.17589161
86.51000000 2.59266007 8.16462451
86.52000000 2.53716973 8.15291508
86.53000000 2.48298547 8.14077604
86.54000000 2.43007842 8.12821985
86.55000000 2.37842008 8.11525874
86.56000000 2.32798243 8.10190473
86.57000000 2.27873783 8.08816957
86.58000000 2.23065913 8.07406482
86.59000000 2.18371961 8.05960176
86.60000000 2.13789300 8.04479148
86.61000000 2.09315351 8.02964481
86.62000000 2.04947578 8.01417237
86.63000000 2.00683494 7.99838456
86.64000000 1.96520659 7.98229152
86.65000000 1.92456677 7.96590321
86.66000000 1.88489201 7.94922933
86.67000000 1.84615929 7.93227938
86.68000000 1.80834606 7.91506265
86.69000000 1.77143023 7.89758821
86.70000000 1.73539018 7.87986492
86.71000000 1.70020471 7.86190142
86.72000000 1.66585311 7.84370617
86.73000000 1.63231510 7.82528741
86.74000000 1.59957083 7.80665319
86.75000000 1.56760090 7.78781136
86.76000000 1.53638635 7.76876958
86.77000000 1.50590864 7.74953533
86.78000000 1.47614964 7.73011588
86.79000000 1.44709164 7.71051835
86.80000000 1.41871734 7.69074967
86.81000000 1.39100985 7.67081658
86.82000000 1.36395267 7.65072566
86.83000000 1.33752968 7.63048334
86.84000000 1.31172516 7.61009585
86.85000000 1.28652375 7.58956928
86.86000000 1.26191046 7.56890957
86.87000000 1.23787067 7.54812248
86.88000000 1.21439012 7.52721364
86.89000000 1.19145488 7.50618852
86.90000000 1.16905138 7.48505245
86.91000000 1.14716637 7.46381062
86.92000000 1.12578693 7.44246809
86.93000000 1.10490047 7.42102976
86.94000000 1.08449470 7.39950042
86.95000000 1.06455766 7.37788473
86.96000000 1.04507766 7.35618720
86.97000000 1.02604332 7.33441225
86.98000000 1.00744356 7.31256416
86.99000000 0.98926756 7.29064710
87.00000000 0.97150478 7.26866512
87.01000000 0.95414494 7.24662216
87.02000000 0.93717805 7.22452206
87.03000000 0.92059434 7.20236854
87.04000000 0.90438432 7.18016522
87.05000000 0.88853872 7.15791563
87.06000000 0.87304852 7.13562319
87.07000000 0.85790493 7.11329123
87.08000000 0.84309939 7.09092298
87.09000000 0.82862355 7.06852158
87.10000000 0.81446929 7.04609009
87.11000000 0.80062868 7.02363148
87.12000000 0.78709401 7.00114863
87.13000000 0.77385778 6.97864434
87.14000000 0.76091265 6.95612133
87.15000000 0.74825151 6.93358224
87.16000000 0.73586739 6.91102964
87.17000000 0.72375355 6.88846602
87.18000000 0.71190339 6.86589381
87.19000000 0.70031049 6.84331535
87.20000000 0.68896860 6.82073293
87.21000000 0.67787163 6.79814876
87.22000000 0.66701365 6.77556499
87.23000000 0.65638887 6.75298371
87.24000000 0.64599168 6.73040695
87.25000000 0.63581659 6.70783667
87.26000000 0.62585826 6.68527479
87.27000000 0.61611149 6.66272315
87.28000000 0.60657120 6.64018356
87.29000000 0.59723248 6.61765774
87.30000000 0.58809050 6.59514741
87.31000000 0.57914058 6.57265419
87.32000000 0.57037816 6.55017968
87.33000000 0.56179880 6.52772542
87.34000000 0.55339816 6.50529290
87.35000000 0.54517204 6.48288359
87.36000000 0.53711630 6.46049887
87.37000000 0.52922696 6.43814012
87.38000000 0.52150011 6.41580866
87.39000000 0.51393195 6.39350576
87.40000000 0.50651878 6.37123267
87.41000000 0.49925699 6.34899059
87.42000000 0.49214306 6.32678069
87.43000000 0.48517356 6.30460408
87.44000000 0.47834516 6.28246187
87.45000000 0.47165460 6.26035510
87.46000000 0.46509871 6.23828481
87.47000000 0.45867441 6.21625198
87.48000000 0.45237867 6.19425758
87.49000000 0.44620857 6.17230253
87.50000000 0.44016125 6.15038772
87.51000000 0.43423390 6.12851404
87.52000000 0.42842383 6.10668230
87.53000000 0.42272837 6.08489334
87.54000000 0.41714495 6.06314793
87.55000000 0.41167104 6.04144683
87.56000000 0.40630419 6.01979077
87.57000000 0.40104201 5.99818047
87.58000000 0.39588217 5.97661660
87.59000000 0.39082239 5.95509982
87.60000000 0.38586044 5.93363078
87.61000000 0.38099418 5.91221008
87.62000000 0.37622148 5.89083833
87.63000000 0.37154029 5.86951608
87.64000000 0.36694861 5.84824390
87.65000000 0.36244448 5.82702232
87.66000000 0.35802598 5.80585184
87.67000000 0.35369127 5.78473295
87.68000000 0.34943852 5.76366615
87.69000000 0.34526596 5.74265187
87.70000000 0.34117186 5.72169056
87.71000000 0.33715455 5.70078264
87.72000000 0.33321236 5.67992852
87.73000000 0.32934371 5.65912858
87.74000000 0.32554702 5.63838321
87.75000000 0.32182077 5.61769275
87.76000000 0.31816347 5.59705756
87.77000000 0.31457365 5.57647796
87.78000000 0.31104992 5.55595427
87.79000000 0.30759086 5.53548678
87.80000000 0.30419515 5.51507580
87.81000000 0.30086145 5.49472158
87.82000000 0.29758848 5.47442441
87.83000000 0.29437498 5.45418452
87.84000000 0.29121972 5.43400216
87.85000000 0.28812151 5.41387756
87.86000000 0.28507917 5.39381092
87.87000000 0.28209157 5.37380246
87.88000000 0.27915758 5.35385237
87.89000000 0.27627613 5.33396084
87.90000000 0.27344614 5.31412803
87.91000000 0.27066658 5.29435412
87.92000000 0.26793643 5.27463926
87.93000000 0.26525471 5.25498359
87.94000000 0.26262044 5.23538725
87.95000000 0.26003269 5.21585037
87.96000000 0.25749053 5.19637307
87.97000000 0.25499305 5.17695546
87.98000000 0.25253938 5.15759764
87.99000000 0.25012866 5.13829970
88.00000000 0.24776005 5.11906174
88.01000000 0.24543272 5.09988383
88.02000000 0.24314588 5.08076605
88.03000000 0.24089873 5.06170846
88.04000000 0.23869052 5.04271112
88.05000000 0.23652050 5.02377408
88.06000000 0.23438793 5.00489739
88.07000000 0.23229210 4.98608109
88.08000000 0.23023231 4.96732521
88.09000000 0.22820787 4.94862977
88.10000000 0.22621813 4.92999481
88.11000000 0.22426242 4.91142033
88.12000000 0.22234012 4.89290634
88.13000000 0.22045058 4.87445285
88.14000000 0.21859322 4.85605987
88.15000000 0.21676742 4.83772738
88.16000000 0.21497262 4.81945537
88.17000000 0.21320823 4.80124383
88.18000000 0.21147370 4.78309274
88.19000000 0.20976848 4.76500208
88.20000000 0.20809205 4.74697181
88.21000000 0.20644388 4.72900190
88.22000000 0.20482346 4.71109233
88.23000000 0.20323029 4.69324304
88.24000000 0.20166389 4.67545399
88.25000000 0.20012378 4.65772513
88.26000000 0.19860949 4.64005641
88.27000000 0.19712056 4.62244777
88.28000000 0.19565656 4.60489917
88.29000000 0.19421703 4.58741052
88.30000000 0.19280157 4.56998177
88.31000000 0.19140973 4.55261284
88.32000000 0.19004113 4.53530367
88.33000000 0.18869535 4.51805417
88.34000000 0.18737201 4.50086428
88.35000000 0.18607072 4.48373390
88.36000000 0.18479111 4.46666296
88.37000000 0.18353281 4.44965137
88.38000000 0.18229546 4.43269903
88.39000000 0.18107871 4.41580587
88.40000000 0.17988221 4.39897177
88.41000000 0.17870563 4.38219665
88.42000000 0.17754864 4.36548041
88.43000000 0.17641091 4.34882295
88.44000000 0.17529214 4.33222415
88.45000000 0.17419200 4.31568393
88.46000000 0.17311020 4.29920216
88.47000000 0.17204644 4.28277875
88.48000000 0.17100043 4.26641357
88.49000000 0.16997189 4.25010652
88.50000000 0.16896053 4.23385747
88.51000000 0.16796609 4.21766633
88.52000000 0.16698830 4.20153295
88.53000000 0.16602689 4.18545724
88.54000000 0.16508162 4.16943905
88.55000000 0.16415222 4.15347828
88.56000000 0.16323846 4.13757479
88.57000000 0.16234010 4.12172846
88.58000000 0.16145689 4.10593916
88.59000000 0.16058862 4.09020677
88.60000000 0.15973504 4.07453115
88.61000000 0.15889595 4.05891217
88.62000000 0.15807113 4.04334969
88.63000000 0.15726035 4.02784360
88.64000000 0.15646342 4.01239374
88.65000000 0.15568014 3.99699999
88.66000000 0.15491029 3.98166220
88.67000000 0.15415370 3.96638024
88.68000000 0.15341015 3.95115398
88.69000000 0.15267948 3.93598326
88.70000000 0.15196149 3.92086795
88.71000000 0.15125601 3.90580791
88.72000000 0.15056285 3.89080299
88.73000000 0.14988185 3.87585306
88.74000000 0.14921283 3.86095796
88.75000000 0.14855564 3.84611756
88.76000000 0.14791010 3.83133170
88.77000000 0.14727607 3.81660024
88.78000000 0.14665338 3.80192303
88.79000000 0.14604187 3.78729994
88.80000000 0.14544141 3.77273079
88.81000000 0.14485185 3.75821546
88.82000000 0.14427303 3.74375379
88.83000000 0.14370482 3.72934563
88.84000000 0.14314709 3.71499082
88.85000000 0.14259969 3.70068923
88.86000000 0.14206250 3.68644069
88.87000000 0.14153539 3.67224506
88.88000000 0.14101822 3.65810219
88.89000000 0.14051087 3.64401191
88.90000000 0.14001323 3.62997409
88.91000000 0.13952517 3.61598856
88.92000000 0.13904658 3.60205517
88.93000000 0.13857733 3.58817377
88.94000000 0.13811732 3.57434421
88.95000000 0.13766644 3.56056633
88.96000000 0.13722459 3.54683997
88.97000000 0.13679164 3.53316498
88.98000000 0.13636751 3.51954121
88.99000000 0.13595208 3.50596850
89.00000000 0.13554527 3.49244670
89.01000000 0.13514697 3.47897565
89.02000000 0.13475709 3.46555519
89.03000000 0.13437553 3.45218517
89.04000000 0.13400221 3.43886543
89.05000000 0.13363703 3.42559582
89.06000000 0.13327990 3.41237619
89.07000000 0.13293075 3.39920637
89.08000000 0.13258948 3.38608620
89.09000000 0.13225601 3.37301554
89.10000000 0.13193027 3.35999423
89.11000000 0.13161217 3.34702211
89.12000000 0.13130164 3.33409902
89.13000000 0.13099860 3.32122481
89.14000000 0.13070298 3.30839932
89.15000000 0.13041470 3.29562240
89.16000000 0.13013370 3.28289388
89.17000000 0.12985990 3.27021362
89.18000000 0.12959324 3.25758146
89.19000000 0.12933365 3.24499724
89.20000000 0.12908106 3.23246081
89.21000000 0.12883541 3.21997200
89.22000000 0.12859665 3.20753067
89.23000000 0.12836470 3.19513666
89.24000000 0.12813951 3.18278981
89.25000000 0.12792102 3.17048997
89.26000000 0.12770917 3.15823698
89.27000000 0.12750391 3.14603070
89.28000000 0.12730519 3.13387095
89.29000000 0.12711295 3.12175759
89.30000000 0.12692713 3.10969047
89.31000000 0.12674769 3.09766943
89.32000000 0.12657459 3.08569431
89.33000000 0.12640776 3.07376496
89.34000000 0.12624716 3.06188123
89.35000000 0.12609275 3.05004297
89.36000000 0.12594448 3.03825001
89.37000000 0.12580230 3.02650222
89.38000000 0.12566619 3.01479943
89.39000000 0.12553608 3.00314149
89.40000000 0.12541195 2.99152825
89.41000000 0.12529374 2.97995956
89.42000000 0.12518143 2.96843526
89.43000000 0.12507498 2.95695521
89.44000000 0.12497434 2.94551925
89.45000000 0.12487949 2.93412724
89.46000000 0.12479038 2.92277901
89.47000000 0.12470699 2.91147442
89.48000000 0.12462927 2.90021333
89.49000000 0.12455721 2.88899557
89.50000000 0.12449076 2.87782100
89.51000000 0.12442990 2.86668948
89.52000000 0.12437459 2.85560084
89.53000000 0.12432482 2.84455495
89.54000000 0.12428054 2.83355165
89.55000000 0.12424174 2.82259080
89.56000000 0.12420838 2.81167224
89.57000000 0.12418045 2.80079584
89.58000000 0.12415791 2.78996143
89.59000000 0.12414075 2.77916889
89.60000000 0.12412893 2.76841805
89.61000000 0.12412245 2.75770878
89.62000000 0.12412127 2.74704092
89.63000000 0.12412538 2.73641433
89.64000000 0.12413476 2.72582887
89.65000000 0.12414938 2.71528439
89.66000000 0.12416923 2.70478075
89.67000000 0.12419429 2.69431780
89.68000000 0.12422455 2.68389540
89.69000000 0.12425998 2.67351340
89.70000000 0.12430058 2.66317166
89.71000000 0.12434632 2.65287005
89.72000000 0.12439719 2.64260841
89.73000000 0.12445319 2.63238660
89.74000000 0.12451429 2.62220448
89.75000000 0.12458048 2.61206192
89.76000000 0.12465176 2.60195877
89.77000000 0.12472811 2.59189488
89.78000000 0.12480952 2.58187012
89.79000000 0.12489598 2.57188436
89.80000000 0.12498748 2.56193744
89.81000000 0.12508402 2.55202923
89.82000000 0.12518558 2.54215959
89.83000000 0.12529217 2.53232839
89.84000000 0.12540376 2.52253548
89.85000000 0.12552036 2.51278073
89.86000000 0.12564197 2.50306400
89.87000000 0.12576857 2.49338516
89.88000000 0.12590016 2.48374405
89.89000000 0.12603674 2.47414056
89.90000000 0.12617830 2.46457455
89.91000000 0.12632485 2.45504588
89.92000000 0.12647638 2.44555440
89.93000000 0.12663289 2.43610000
89.94000000 0.12679438 2.42668254
89.95000000 0.12696085 2.41730188
89.96000000 0.12713230 2.40795789
89.97000000 0.12730873 2.39865043
89.98000000 0.12749014 2.38937938
89.99000000 0.12767654 2.38014460
90.00000000 0.12786792 2.37094595
90.01000000 0.12806429 2.36178332
90.02000000 0.12826565 2.35265656
90.03000000 0.12847201 2.34356555
90.04000000 0.12868338 2.33451016
90.05000000 0.12889975 2.32549026
90.06000000 0.12912113 2.31650571
90.07000000 0.12934754 2.30755639
90.08000000 0.12957897 2.29864217
90.09000000 0.12981543 2.28976292
90.10000000 0.13005694 2.28091851
90.11000000 0.13030349 2.27210883
90.12000000 0.13055511 2.26333373
90.13000000 0.13081179 2.25459309
90.14000000 0.13107355 2.24588680
90.15000000 0.13134040 2.23721471
90.16000000 0.13161235 2.22857671
90.17000000 0.13188941 2.21997267
90.18000000 0.13217159 2.21140247
90.19000000 0.13245891 2.20286598
90.20000000 0.13275138 2.19436308
90.21000000 0.13304901 2.18589364
90.22000000 0.13335182 2.17745755
90.23000000 0.13365981 2.16905468
90.24000000 0.13397301 2.16068490
90.25000000 0.13429144 2.15234811
90.26000000 0.13461510 2.14404416
90.27000000 0.13494401 2.13577295
90.28000000 0.13527819 2.12753436
90.29000000 0.13561766 2.11932826
90.30000000 0.13596244 2.11115453
90.31000000 0.13631254 2.10301306
90.32000000 0.13666798 2.09490372
90.33000000 0.13702879 2.08682640
90.34000000 0.13739498 2.07878098
90.35000000 0.13776658 2.07076734
90.36000000 0.13814359 2.06278537
90.37000000 0.13852606 2.05483494
90.38000000 0.13891399 2.04691594
90.39000000 0.13930741 2.03902826
90.40000000 0.13970635 2.03117178
90.41000000 0.14011082 2.02334639
90.42000000 0.14052085 2.01555196
90.43000000 0.14093647 2.00778839
90.44000000 0.14135770 2.00005556
90.45000000 0.14178456 1.99235335
90.46000000 0.14221709 1.98468166
90.47000000 0.14265530 1.97704037
90.48000000 0.14309923 1.96942937
90.49000000 0.14354890 1.96184855
90.50000000 0.14400434 1.95429779
90.51000000 0.14446559 1.94677698
90.52000000 0.14493266 1.93928602
90.53000000 0.14540559 1.93182479
90.54000000 0.14588441 1.92439318
90.55000000 0.14636914 1.91699109
90.56000000 0.14685983 1.90961839
90.57000000 0.14735650 1.90227499
90.58000000 0.14785919 1.89496078
90.59000000 0.14836792 1.88767565
90.60000000 0.14888273 1.88041948
90.61000000 0.14940365 1.87319218
90.62000000 0.14993072 1.86599363
90.63000000 0.15046398 1.85882373
90.64000000 0.15100346 1.85168238
90.65000000 0.15154919 1.84456946
90.66000000 0.15210121 1.83748487
90.67000000 0.15265956 1.83042851
90.68000000 0.15322427 1.82340028
90.69000000 0.15379539 1.81640006
90.70000000 0.15437295 1.80942775
90.71000000 0.15495699 1.80248325
90.72000000 0.15554756 1.79556646
90.73000000 0.15614469 1.78867728
90.74000000 0.15674842 1.78181560
90.75000000 0.15735879 1.77498131
90.76000000 0.15797585 1.76817433
90.77000000 0.15859964 1.76139454
90.78000000 0.15923021 1.75464185
90.79000000 0.15986759 1.74791616
90.80000000 0.16051183 1.74121736
90.81000000 0.16116297 1.73454536
90.82000000 0.16182107 1.72790005
90.83000000 0.16248617 1.72128135
90.84000000 0.16315831 1.71468914
90.85000000 0.16383754 1.70812333
90.86000000 0.16452391 1.70158383
90.87000000 0.16521747 1.69507053
90.88000000 0.16591827 1.68858334
90.89000000 0.16662636 1.68212217
90.90000000 0.16734178 1.67568691
90.91000000 0.16806459 1.66927746
90.92000000 0.16879485 1.66289375
90.93000000 0.16953259 1.65653566
90.94000000 0.17027789 1.65020310
90.95000000 0.17103078 1.64389599
90.96000000 0.17179133 1.63761422
90.97000000 0.17255959 1.63135770
90.98000000 0.17333561 1.62512634
90.99000000 0.17411945 1.61892004
91.00000000 0.17491117 1.61273872
91.01000000 0.17571083 1.60658227
91.02000000 0.17651848 1.60045062
91.03000000 0.17733418 1.59434366
91.04000000 0.17815800 1.58826130
91.05000000 0.17898998 1.58220346
91.06000000 0.17983021 1.57617004
91.07000000 0.18067873 1.57016095
91.08000000 0.18153560 1.56417611
91.09000000 0.18240090 1.55821542
91.10000000 0.18327468 1.55227880
91.11000000 0.18415702 1.54636615
91.12000000 0.18504797 1.54047739
91.13000000 0.18594760 1.53461243
91.14000000 0.18685598 1.52877117
91.15000000 0.18777317 1.52295355
91.16000000 0.18869925 1.51715946
91.17000000 0.18963428 1.51138882
91.18000000 0.19057834 1.50564154
91.19000000 0.19153149 1.49991754
91.20000000 0.19249380 1.49421673
91.21000000 0.19346536 1.48853903
91.22000000 0.19444622 1.48288435
91.23000000 0.19543647 1.47725261
91.24000000 0.19643618 1.47164372
91.25000000 0.19744542 1.46605760
91.26000000 0.19846427 1.46049417
91.27000000 0.19949281 1.45495333
91.28000000 0.20053112 1.44943502
91.29000000 0.20157927 1.44393914
91.30000000 0.20263734 1.43846562
91.31000000 0.20370542 1.43301436
91.32000000 0.20478359 1.42758530
91.33000000 0.20587192 1.42217834
91.34000000 0.20697050 1.41679342
91.35000000 0.20807942 1.41143044
91.36000000 0.20919876 1.40608933
91.37000000 0.21032861 1.40077000
91.38000000 0.21146904 1.39547238
91.39000000 0.21262016 1.39019640
91.40000000 0.21378205 1.38494195
91.41000000 0.21495479 1.37970898
91.42000000 0.21613848 1.37449741
91.43000000 0.21733321 1.36930714
91.44000000 0.21853908 1.36413812
91.45000000 0.21975616 1.35899025
91.46000000 0.22098457 1.35386346
91.47000000 0.22222439 1.34875768
91.48000000 0.22347573 1.34367283
91.49000000 0.22473867 1.33860883
91.50000000 0.22601331 1.33356561
91.51000000 0.22729976 1.32854309
91.52000000 0.22859812 1.32354119
91.53000000 0.22990848 1.31855985
91.54000000 0.23123096 1.31359898
91.55000000 0.23256564 1.30865852
91.56000000 0.23391264 1.30373839
91.57000000 0.23527207 1.29883851
91.58000000 0.23664402 1.29395882
91.59000000 0.23802861 1.28909923
91.60000000 0.23942595 1.28425969
91.61000000 0.24083614 1.27944010
91.62000000 0.24225930 1.27464041
91.63000000 0.24369553 1.26986054
91.64000000 0.24514496 1.26510042
91.65000000 0.24660770 1.26035998
91.66000000 0.24808385 1.25563915
91.67000000 0.24957355 1.25093785
91.68000000 0.25107690 1.24625602
91.69000000 0.25259403 1.24159359
91.70000000 0.25412506 1.23695049
91.71000000 0.25567010 1.23232665
91.72000000 0.25722929 1.22772199
91.73000000 0.25880274 1.22313646
91.74000000 0.26039058 1.21856998
91.75000000 0.26199294 1.21402249
91.76000000 0.26360995 1.20949391
91.77000000 0.26524173 1.20498418
91.78000000 0.26688841 1.20049324
91.79000000 0.26855014 1.19602101
91.80000000 0.27022703 1.19156743
91.81000000 0.27191923 1.18713243
91.82000000 0.27362686 1.18271596
91.83000000 0.27535008 1.17831793
91.84000000 0.27708901 1.17393829
91.85000000 0.27884380 1.16957697
91.86000000 0.28061459 1.16523391
91.87000000 0.28240152 1.16090904
91.88000000 0.28420473 1.15660230
91.89000000 0.28602438 1.15231363
91.90000000 0.28786060 1.14804295
91.91000000 0.28971355 1.14379022
91.92000000 0.29158337 1.13955535
91.93000000 0.29347023 1.13533830
91.94000000 0.29537427 1.13113900
91.95000000 0.29729564 1.12695739
91.96000000 0.29923451 1.12279340
91.97000000 0.30119102 1.11864698
91.98000000 0.30316535 1.11451806
91.99000000 0.30515765 1.11040658
92.00000000 0.30716808 1.10631248
92.01000000 0.30919681 1.10223571
92.02000000 0.31124401 1.09817619
92.03000000 0.31330983 1.09413388
92.04000000 0.31539446 1.09010871
92.05000000 0.31749805 1.08610062
92.06000000 0.31962079 1.08210955
92.07000000 0.32176285 1.07813545
92.08000000 0.32392440 1.07417826
92.09000000 0.32610563 1.07023791
92.10000000 0.32830670 1.06631436
92.11000000 0.33052781 1.06240753
92.12000000 0.33276913 1.05851739
92.13000000 0.33503086 1.05464386
92.14000000 0.33731317 1.05078689
92.15000000 0.33961625 1.04694643
92.16000000 0.34194031 1.04312242
92.17000000 0.34428552 1.03931481
92.18000000 0.34665209 1.03552353
92.19000000 0.34904020 1.03174853
92.20000000 0.35145006 1.02798977
92.21000000 0.35388187 1.02424717
92.22000000 0.35633583 1.02052070
92.23000000 0.35881215 1.01681028
92.24000000 0.36131102 1.01311588
92.25000000 0.36383266 1.00943744
92.26000000 0.36637728 1.00577490
92.27000000 0.36894508 1.00212821
92.28000000 0.37153630 0.99849732
92.29000000 0.37415113 0.99488217
92.30000000 0.37678981 0.99128271
92.31000000 0.37945254 0.98769890
92.32000000 0.38213956 0.98413068
92.33000000 0.38485108 0.98057799
92.34000000 0.38758735 0.97704079
92.35000000 0.39034857 0.97351902
92.36000000 0.39313500 0.97001264
92.37000000 0.39594685 0.96652160
92.38000000 0.39878438 0.96304584
92.39000000 0.40164781 0.95958531
92.40000000 0.40453739 0.95613997
92.41000000 0.40745336 0.95270976
92.42000000 0.41039597 0.94929464
92.43000000 0.41336546 0.94589456
92.44000000 0.41636209 0.94250947
92.45000000 0.41938611 0.93913932
92.46000000 0.42243777 0.93578406
92.47000000 0.42551734 0.93244365
92.48000000 0.42862507 0.92911804
92.49000000 0.43176123 0.92580718
92.50000000 0.43492609 0.92251102
92.51000000 0.43811991 0.91922952
92.52000000 0.44134296 0.91596264
92.53000000 0.44459551 0.91271031
92.54000000 0.44787785 0.90947251
92.55000000 0.45119026 0.90624918
92.56000000 0.45453301 0.90304029
92.57000000 0.45790639 0.89984577
92.58000000 0.46131068 0.89666559
92.59000000 0.46474619 0.89349971
92.60000000 0.46821319 0.89034808
92.61000000 0.47171200 0.88721066
92.62000000 0.47524289 0.88408740
92.63000000 0.47880619 0.88097826
92.64000000 0.48240219 0.87788319
92.65000000 0.48603120 0.87480216
92.66000000 0.48969353 0.87173513
92.67000000 0.49338950 0.86868204
92.68000000 0.49711942 0.86564285
92.69000000 0.50088361 0.86261753
92.70000000 0.50468240 0.85960604
92.71000000 0.50851611 0.85660833
92.72000000 0.51238507 0.85362436
92.73000000 0.51628962 0.85065409
92.74000000 0.52023008 0.84769748
92.75000000 0.52420681 0.84475449
92.76000000 0.52822014 0.84182508
92.77000000 0.53227042 0.83890922
92.78000000 0.53635799 0.83600685
92.79000000 0.54048322 0.83311795
92.80000000 0.54464645 0.83024247
92.81000000 0.54884805 0.82738037
92.82000000 0.55308838 0.82453162
92.83000000 0.55736781 0.82169618
92.84000000 0.56168670 0.81887401
92.85000000 0.56604544 0.81606508
92.86000000 0.57044439 0.81326934
92.87000000 0.57488394 0.81048676
92.88000000 0.57936448 0.80771731
92.89000000 0.58388639 0.80496094
92.90000000 0.58845006 0.80221762
92.91000000 0.59305590 0.79948731
92.92000000 0.59770430 0.79676999
92.93000000 0.60239567 0.79406561
92.94000000 0.60713041 0.79137414
92.95000000 0.61190894 0.78869554
92.96000000 0.61673167 0.78602978
92.97000000 0.62159902 0.78337683
92.98000000 0.62651142 0.78073665
92.99000000 0.63146929 0.77810920
93.00000000 0.63647307 0.77549447
93.01000000 0.64152319 0.77289240
93.02000000 0.64662010 0.77030297
93.03000000 0.65176424 0.76772615
93.04000000 0.65695605 0.76516191
93.05000000 0.66219600 0.76261020
93.06000000 0.66748454 0.76007101
93.07000000 0.67282213 0.75754429
93.08000000 0.67820924 0.75503003
93.09000000 0.68364635 0.75252818
93.10000000 0.68913392 0.75003872
93.11000000 0.69467244 0.74756162
93.12000000 0.70026239 0.74509684
93.13000000 0.70590427 0.74264436
93.14000000 0.71159856 0.74020415
93.15000000 0.71734578 0.73777617
93.16000000 0.72314641 0.73536041
93.17000000 0.72900098 0.73295682
93.18000000 0.73491000 0.73056540
93.19000000 0.74087398 0.72818609
93.20000000 0.74689345 0.72581889
93.21000000 0.75296894 0.72346375
93.22000000 0.75910098 0.72112066
93.23000000 0.76529011 0.71878958
93.24000000 0.77153688 0.71647050
93.25000000 0.77784184 0.71416338
93.26000000 0.78420554 0.71186820
93.27000000 0.79062854 0.70958493
93.28000000 0.79711141 0.70731354
93.29000000 0.80365472 0.70505402
93.30000000 0.81025905 0.70280634
93.31000000 0.81692497 0.70057048
93.32000000 0.82365309 0.69834640
93.33000000 0.83044398 0.69613409
93.34000000 0.83729825 0.69393352
93.35000000 0.84421651 0.69174467
93.36000000 0.85119936 0.68956752
93.37000000 0.85824743 0.68740204
93.38000000 0.86536132 0.68524822
93.39000000 0.87254169 0.68310602
93.40000000 0.87978915 0.68097544
93.41000000 0.88710434 0.67885644
93.42000000 0.89448793 0.67674901
93.43000000 0.90194055 0.67465313
93.44000000 0.90946286 0.67256878
93.45000000 0.91705554 0.67049593
93.46000000 0.92471925 0.66843457
93.47000000 0.93245468 0.66638467
93.48000000 0.94026250 0.66434623
93.49000000 0.94814341 0.66231922
93.50000000 0.95609810 0.66030362
93.51000000 0.96412728 0.65829941
93.52000000 0.97223166 0.65630658
93.53000000 0.98041196 0.65432512
93.54000000 0.98866890 0.65235499
93.55000000 0.99700322 0.65039620
93.56000000 1.00541564 0.64844871
93.57000000 1.01390693 0.64651252
93.58000000 1.02247782 0.64458762
93.59000000 1.03112908 0.64267397
93.60000000 1.03986148 0.64077158
93.61000000 1.04867578 0.63888042
93.62000000 1.05757278 0.63700049
93.63000000 1.06655325 0.63513176
93.64000000 1.07561800 0.63327423
93.65000000 1.08476783 0.63142789
93.66000000 1.09400354 0.62959271
93.67000000 1.10332597 0.62776869
93.68000000 1.11273592 0.62595582
93.69000000 1.12223425 0.62415409
93.70000000 1.13182178 0.62236348
93.71000000 1.14149938 0.62058399
93.72000000 1.15126789 0.61881560
93.73000000 1.16112818 0.61705831
93.74000000 1.17108113 0.61531210
93.75000000 1.18112762 0.61357697
93.76000000 1.19126853 0.61185290
93.77000000 1.20150478 0.61013990
93.78000000 1.21183725 0.60843795
93.79000000 1.22226688 0.60674705
93.80000000 1.23279458 0.60506719
93.81000000 1.24342128 0.60339836
93.82000000 1.25414794 0.60174056
93.83000000 1.26497548 0.60009378
93.84000000 1.27590489 0.59845801
93.85000000 1.28693711 0.59683326
93.86000000 1.29807313 0.59521952
93.87000000 1.30931394 0.59361678
93.88000000 1.32066053 0.59202505
93.89000000 1.33211390 0.59044431
93.90000000 1.34367506 0.58887457
93.91000000 1.35534504 0.58731582
93.92000000 1.36712487 0.58576807
93.93000000 1.37901559 0.58423132
93.94000000 1.39101825 0.58270555
93.95000000 1.40313392 0.58119078
93.96000000 1.41536365 0.57968700
93.97000000 1.42770853 0.57819422
93.98000000 1.44016966 0.57671244
93.99000000 1.45274813 0.57524165
94.00000000 1.46544504 0.57378187
94.01000000 1.47826153 0.57233309
94.02000000 1.49119871 0.57089532
94.03000000 1.50425773 0.56946856
94.04000000 1.51743974 0.56805283
94.05000000 1.53074591 0.56664811
94.06000000 1.54417739 0.56525443
94.07000000 1.55773538 0.56387179
94.08000000 1.57142107 0.56250019
94.09000000 1.58523565 0.56113964
94.10000000 1.59918035 0.55979015
94.11000000 1.61325638 0.55845173
94.12000000 1.62746500 0.55712439
94.13000000 1.64180743 0.55580814
94.14000000 1.65628494 0.55450299
94.15000000 1.67089880 0.55320895
94.16000000 1.68565029 0.55192603
94.17000000 1.70054071 0.55065425
94.18000000 1.71557135 0.54939362
94.19000000 1.73074353 0.54814416
94.20000000 1.74605857 0.54690587
94.21000000 1.76151782 0.54567878
94.22000000 1.77712263 0.54446289
94.23000000 1.79287436 0.54325823
94.24000000 1.80877438 0.54206482
94.25000000 1.82482408 0.54088267
94.26000000 1.84102485 0.53971180
94.27000000 1.85737811 0.53855222
94.28000000 1.87388529 0.53740397
94.29000000 1.89054780 0.53626707
94.30000000 1.90736711 0.53514152
94.31000000 1.92434468 0.53402736
94.32000000 1.94148197 0.53292462
94.33000000 1.95878047 0.53183330
94.34000000 1.97624168 0.53075345
94.35000000 1.99386712 0.52968508
94.36000000 2.01165830 0.52862822
94.37000000 2.02961676 0.52758290
94.38000000 2.04774405 0.52654915
94.39000000 2.06604175 0.52552699
94.40000000 2.08451141 0.52451646
94.41000000 2.10315465 0.52351759
94.42000000 2.12197305 0.52253041
94.43000000 2.14096823 0.52155495
94.44000000 2.16014183 0.52059125
94.45000000 2.17949549 0.51963934
94.46000000 2.19903088 0.51869925
94.47000000 2.21874965 0.51777102
94.48000000 2.23865350 0.51685470
94.49000000 2.25874413 0.51595032
94.50000000 2.27902324 0.51505791
94.51000000 2.29949258 0.51417753
94.52000000 2.32015389 0.51330920
94.53000000 2.34100891 0.51245298
94.54000000 2.36205942 0.51160891
94.55000000 2.38330721 0.51077702
94.56000000 2.40475407 0.50995738
94.57000000 2.42640183 0.50915003
94.58000000 2.44825230 0.50835500
94.59000000 2.47030734 0.50757236
94.60000000 2.49256881 0.50680216
94.61000000 2.51503857 0.50604444
94.62000000 2.53771852 0.50529927
94.63000000 2.56061056 0.50456668
94.64000000 2.58371660 0.50384675
94.65000000 2.60703859 0.50313952
94.66000000 2.63057847 0.50244506
94.67000000 2.65433821 0.50176342
94.68000000 2.67831978 0.50109467
94.69000000 2.70252517 0.50043887
94.70000000 2.72695641 0.49979608
94.71000000 2.75161552 0.49916637
94.72000000 2.77650453 0.49854980
94.73000000 2.80162550 0.49794644
94.74000000 2.82698050 0.49735637
94.75000000 2.85257163 0.49677965
94.76000000 2.87840099 0.49621636
94.77000000 2.90447069 0.49566657
94.78000000 2.93078286 0.49513035
94.79000000 2.95733967 0.49460779
94.80000000 2.98414328 0.49409896
94.81000000 3.01119586 0.49360395
94.82000000 3.03849962 0.49312283
94.83000000 3.06605676 0.49265570
94.84000000 3.09386953 0.49220264
94.85000000 3.12194016 0.49176373
94.86000000 3.15027091 0.49133907
94.87000000 3.17886407 0.49092875
94.88000000 3.20772192 0.49053286
94.89000000 3.23684678 0.49015151
94.90000000 3.26624097 0.48978478
94.91000000 3.29590682 0.48943277
94.92000000 3.32584671 0.48909560
94.93000000 3.35606299 0.48877336
94.94000000 3.38655806 0.48846616
94.95000000 3.41733432 0.48817410
94.96000000 3.44839419 0.48789731
94.97000000 3.47974011 0.48763589
94.98000000 3.51137452 0.48738995
94.99000000 3.54329990 0.48715962
95.00000000 3.57551873 0.48694502
95.01000000 3.60803350 0.48674627
95.02000000 3.64084673 0.48656349
95.03000000 3.67396095 0.48639681
95.04000000 3.70737870 0.48624636
95.05000000 3.74110254 0.48611228
95.06000000 3.77513505 0.48599470
95.07000000 3.80947881 0.48589376
95.08000000 3.84413644 0.48580960
95.09000000 3.87911054 0.48574237
95.10000000 3.91440376 0.48569221
95.11000000 3.95001875 0.48565927
95.12000000 3.98595816 0.48564371
95.13000000 4.02222468 0.48564569
95.14000000 4.05882099 0.48566535
95.15000000 4.09574981 0.48570288
95.16000000 4.13301386 0.48575842
95.17000000 4.17061586 0.48583216
95.18000000 4.20855857 0.48592426
95.19000000 4.24684475 0.48603491
95.20000000 4.28547716 0.48616427
95.21000000 4.32445861 0.48631255
95.22000000 4.36379188 0.48647991
95.23000000 4.40347979 0.48666657
95.24000000 4.44352517 0.48687270
95.25000000 4.48393085 0.48709851
95.26000000 4.52469967 0.48734421
95.27000000 4.56583450 0.48761000
95.28000000 4.60733822 0.48789610
95.29000000 4.64921369 0.48820271
95.30000000 4.69146381 0.48853007
95.31000000 4.73409149 0.48887839
95.32000000 4.77709964 0.48924791
95.33000000 4.82049117 0.48963886
95.34000000 4.86426902 0.49005148
95.35000000 4.90843613 0.49048601
95.36000000 4.95299545 0.49094271
95.37000000 4.99794992 0.49142183
95.38000000 5.04330252 0.49192363
95.39000000 5.08905621 0.49244837
95.40000000 5.13521397 0.49299633
95.41000000 5.18177878 0.49356777
95.42000000 5.22875363 0.49416300
95.43000000 5.27614151 0.49478228
95.44000000 5.32394541 0.49542592
95.45000000 5.37216834 0.49609421
95.46000000 5.42081330 0.49678747
95.47000000 5.46988330 0.49750600
95.48000000 5.51938134 0.49825013
95.49000000 5.56931043 0.49902018
95.50000000 5.61967359 0.49981648
95.51000000 5.67047381 0.50063937
95.52000000 5.72171411 0.50148921
95.53000000 5.77339750 0.50236633
95.54000000 5.82552698 0.50327112
95.55000000 5.87810554 0.50420393
95.56000000 5.93113618 0.50516514
95.57000000 5.98462190 0.50615514
95.58000000 6.03856568 0.50717433
95.59000000 6.09297050 0.50822309
95.60000000 6.14783931 0.50930186
95.61000000 6.20317510 0.51041103
95.62000000 6.25898080 0.51155105
95.63000000 6.31525935 0.51272235
95.64000000 6.37201368 0.51392537
95.65000000 6.42924670 0.51516058
95.66000000 6.48696131 0.51642843
95.67000000 6.54516040 0.51772941
95.68000000 6.60384682 0.51906401
95.69000000 6.66302342 0.52043271
95.70000000 6.72269303 0.52183603
95.71000000 6.78285845 0.52327448
95.72000000 6.84352246 0.52474860
95.73000000 6.90468783 0.52625893
95.74000000 6.96635727 0.52780603
95.75000000 7.02853350 0.52939045
95.76000000 7.09121919 0.53101277
95.77000000 7.15441698 0.53267360
95.78000000 7.21812947 0.53437353
95.79000000 7.28235926 0.53611317
95.80000000 7.34710887 0.53789317
95.81000000 7.41238080 0.53971416
95.82000000 7.47817752 0.54157681
95.83000000 7.54450145 0.54348179
95.84000000 7.61135494 0.54542979
95.85000000 7.67874034 0.54742151
95.86000000 7.74665992 0.54945768
95.87000000 7.81511590 0.55153902
95.88000000 7.88411045 0.55366630
95.89000000 7.95364570 0.55584028
95.90000000 8.02372368 0.55806176
95.91000000 8.09434640 0.56033153
95.92000000 8.16551579 0.56265042
95.93000000 8.23723371 0.56501927
95.94000000 8.30950196 0.56743895
95.95000000 8.38232224 0.56991033
95.96000000 8.45569620 0.57243431
95.97000000 8.52962542 0.57501182
95.98000000 8.60411136 0.57764380
95.99000000 8.67915542 0.58033122
96.00000000 8.75475892 0.58307506
96.01000000 8.83092306 0.58587632
96.02000000 8.90764895 0.58873605
96.03000000 8.98493762 0.59165530
96.04000000 9.06278998 0.59463515
96.05000000 9.14120682 0.59767670
96.06000000 9.22018885 0.60078109
96.07000000 9.29973663 0.60394947
96.08000000 9.37985062 0.60718303
96.09000000 9.46053114 0.61048299
96.10000000 9.54177840 0.61385057
96.11000000 9.62359245 0.61728706
96.12000000 9.70597323 0.62079375
96.13000000 9.78892051 0.62437198
96.14000000 9.87243391 0.62802309
96.15000000 9.95651292 0.63174849
96.16000000 10.04115684 0.63554961
96.17000000 10.12636483 0.63942790
96.18000000 10.21213586 0.64338485
96.19000000 10.29846872 0.64742200
96.20000000 10.38536203 0.65154091
96.21000000 10.47281422 0.65574319
96.22000000 10.56082351 0.66003047
96.23000000 10.64938792 0.66440444
96.24000000 10.73850528 0.66886682
96.25000000 10.82817316 0.67341936
96.26000000 10.91838896 0.67806388
96.27000000 11.00914981 0.68280220
96.28000000 11.10045261 0.68763624
96.29000000 11.19229402 0.69256791
96.30000000 11.28467044 0.69759921
96.31000000 11.37757802 0.70273216
96.32000000 11.47101262 0.70796883
96.33000000 11.56496983 0.71331136
96.34000000 11.65944494 0.71876193
96.35000000 11.75443298 0.72432275
96.36000000 11.84992862 0.72999612
96.37000000 11.94592627 0.73578437
96.38000000 12.04241996 0.74168991
96.39000000 12.13940342 0.74771517
96.40000000 12.23687004 0.75386266
96.41000000 12.33481282 0.76013497
96.42000000 12.43322443 0.76653472
96.43000000 12.53209714 0.77306460
96.44000000 12.63142283 0.77972737
96.45000000 12.73119301 0.78652586
96.46000000 12.83139873 0.79346296
96.47000000 12.93203067 0.80054164
96.48000000 13.03307904 0.80776491
96.49000000 13.13453362 0.81513589
96.50000000 13.23638370 0.82265776
96.51000000 13.33861815 0.83033375
96.52000000 13.44122530 0.83816722
96.53000000 13.54419302 0.84616155
96.54000000 13.64750864 0.85432025
96.55000000 13.75115898 0.86264688
96.56000000 13.85513031 0.87114510
96.57000000 13.95940836 0.87981864
96.58000000 14.06397827 0.88867134
96.59000000 14.16882460 0.89770710
96.60000000 14.27393133 0.90692994
96.61000000 14.37928179 0.91634395
96.62000000 14.48485872 0.92595334
96.63000000 14.59064417 0.93576238
96.64000000 14.69661957 0.94577547
96.65000000 14.80276565 0.95599709
96.66000000 14.90906244 0.96643184
96.67000000 15.01548927 0.97708440
96.68000000 15.12202474 0.98795958
96.69000000 15.22864671 0.99906228
96.70000000 15.33533227 1.01039751
96.71000000 15.44205774 1.02197039
96.72000000 15.54879864 1.03378616
96.73000000 15.65552968 1.04585017
96.74000000 15.76222474 1.05816787
96.75000000 15.86885686 1.07074486
96.76000000 15.97539820 1.08358683
96.77000000 16.08182005 1.09669959
96.78000000 16.18809282 1.11008908
96.79000000 16.29418597 1.12376137
96.80000000 16.40006805 1.13772263
96.81000000 16.50570668 1.15197917
96.82000000 16.61106847 1.16653742
96.83000000 16.71611911 1.18140394
96.84000000 16.82082324 1.19658541
96.85000000 16.92514452 1.21208865
96.86000000 17.02904558 1.22792059
96.87000000 17.13248802 1.24408829
96.88000000 17.23543237 1.26059896
96.89000000 17.33783810 1.27745990
96.90000000 17.43966361 1.29467857
96.91000000 17.54086622 1.31226253
96.92000000 17.64140212 1.33021950
96.93000000 17.74122641 1.34855728
96.94000000 17.84029309 1.36728383
96.95000000 17.93855501 1.38640721
96.96000000 18.03596389 1.40593560
96.97000000 18.13247032 1.42587732
96.98000000 18.22802377 1.44624076
96.99000000 18.32257254 1.46703447
97.00000000 18.41606380 1.48826707
97.01000000 18.50844359 1.50994731
97.02000000 18.59965681 1.53208401
97.03000000 18.68964722 1.55468610
97.04000000 18.77835747 1.57776261
97.05000000 18.86572909 1.60132263
97.06000000 18.95170252 1.62537533
97.07000000 19.03621711 1.64992998
97.08000000 19.11921115 1.67499586
97.09000000 19.20062187 1.70058233
97.10000000 19.28038549 1.72669881
97.11000000 19.35843724 1.75335473
97.12000000 19.43471138 1.78055955
97.13000000 19.50914123 1.80832274
97.14000000 19.58165923 1.83665377
97.15000000 19.65219696 1.86556211
97.16000000 19.72068521 1.89505720
97.17000000 19.78705398 1.92514843
97.18000000 19.85123259 1.95584515
97.19000000 19.91314972 1.98715662
97.20000000 19.97273345 2.01909204
97.21000000 20.02991134 2.05166047
97.22000000 20.08461052 2.08487087
97.23000000 20.13675775 2.11873205
97.24000000 20.18627949 2.15325265
97.25000000 20.23310202 2.18844113
97.26000000 20.27715149 2.22430574
97.27000000 20.31835407 2.26085449
97.28000000 20.35663599 2.29809513
97.29000000 20.39192370 2.33603514
97.30000000 20.42414396 2.37468168
97.31000000 20.45322395 2.41404158
97.32000000 20.47909144 2.45412130
97.33000000 20.50167484 2.49492691
97.34000000 20.52090341 2.53646406
97.35000000 20.53670735 2.57873792
97.36000000 20.54901799 2.62175321
97.37000000 20.55776786 2.66551411
97.38000000 20.56289095 2.71002425
97.39000000 20.56432278 2.75528670
97.40000000 20.56200060 2.80130388
97.41000000 20.55586355 2.84807757
97.42000000 20.54585281 2.89560889
97.43000000 20.53191180 2.94389822
97.44000000 20.51398635 2.99294517
97.45000000 20.49202486 3.04274861
97.46000000 20.46597845 3.09330654
97.47000000 20.43580122 3.14461616
97.48000000 20.40145034 3.19667373
97.49000000 20.36288627 3.24947463
97.50000000 20.32007295 3.30301327
97.51000000 20.27297792 3.35728311
97.52000000 20.22157255 3.41227657
97.53000000 20.16583219 3.46798505
97.54000000 20.10573629 3.52439890
97.55000000 20.04126863 3.58150737
97.56000000 19.97241742 3.63929861
97.57000000 19.89917547 3.69775965
97.58000000 19.82154031 3.75687637
97.59000000 19.73951436 3.81663350
97.60000000 19.65310500 3.87701461
97.61000000 19.56232469 3.93800207
97.62000000 19.46719110 3.99957708
97.63000000 19.36772718 4.06171965
97.64000000 19.26396120 4.12440862
97.65000000 19.15592688 4.18762163
97.66000000 19.04366337 4.25133516
97.67000000 18.92721531 4.31552452
97.68000000 18.80663284 4.38016389
97.69000000 18.68197162 4.44522631
97.70000000 18.55329277 4.51068373
97.71000000 18.42066287 4.57650703
97.72000000 18.28415390 4.64266604
97.73000000 18.14384314 4.70912959
97.74000000 17.99981315 4.77586555
97.75000000 17.85215160 4.84284087
97.76000000 17.70095117 4.91002163
97.77000000 17.54630942 4.97737310
97.78000000 17.38832861 5.04485975
97.79000000 17.22711555 5.11244540
97.80000000 17.06278140 5.18009318
97.81000000 16.89544146 5.24776568
97.82000000 16.72521494 5.31542497
97.83000000 16.55222475 5.38303268
97.84000000 16.37659721 5.45055008
97.85000000 16.19846185 5.51793816
97.86000000 16.01795108 5.58515769
97.87000000 15.83519993 5.65216933
97.88000000 15.65034578 5.71893367
97.89000000 15.46352800 5.78541133
97.90000000 15.27488773 5.85156306
97.91000000 15.08456750 5.91734978
97.92000000 14.89271095 5.98273270
97.93000000 14.69946251 6.04767339
97.94000000 14.50496708 6.11213382
97.95000000 14.30936973 6.17607651
97.96000000 14.11281537 6.23946454
97.97000000 13.91544843 6.30226165
97.98000000 13.71741259 6.36443233
97.99000000 13.51885048 6.42594185
98.00000000 13.31990336 6.48675635
98.01000000 13.12071086 6.54684292
98.02000000 12.92141070 6.60616960
98.03000000 12.72213845 6.66470550
98.04000000 12.52302725 6.72242082
98.05000000 12.32420761 6.77928689
98.06000000 12.12580715 6.83527624
98.07000000 11.92795042 6.89036262
98.08000000 11.73075869 6.94452103
98.09000000 11.53434979 6.99772777
98.10000000 11.33883792 7.04996045
98.11000000 11.14433353 7.10119801
98.12000000 10.95094316 7.15142076
98.13000000 10.75876936 7.20061037
98.14000000 10.56791055 7.24874987
98.15000000 10.37846097 7.29582369
98.16000000 10.19051060 7.34181762
98.17000000 10.00414507 7.38671884
98.18000000 9.81944570 7.43051589
98.19000000 9.63648941 7.47319866
98.20000000 9.45534872 7.51475840
98.21000000 9.27609178 7.55518766
98.22000000 9.09878236 7.59448029
98.23000000 8.92347989 7.63263145
98.24000000 8.75023951 7.66963751
98.25000000 8.57911210 7.70549608
98.26000000 8.41014433 7.74020596
98.27000000 8.24337879 7.77376711
98.28000000 8.07885399 7.80618058
98.29000000 7.91660450 7.83744854
98.30000000 7.75666105 7.86757419
98.31000000 7.59905056 7.89656173
98.32000000 7.44379635 7.92441632
98.33000000 7.29091816 7.95114406
98.34000000 7.14043231 7.97675191
98.35000000 6.99235181 8.00124770
98.36000000 6.84668649 8.02464001
98.37000000 6.70344311 8.04693820
98.38000000 6.56262550 8.06815236
98.39000000 6.42423466 8.08829320
98.40000000 6.28826892 8.10737208
98.41000000 6.15472407 8.12540097
98.42000000 6.02359344 8.14239233
98.43000000 5.89486808 8.15835916
98.44000000 5.76853687 8.17331491
98.45000000 5.64458662 8.18727347
98.46000000 5.52300223 8.20024909
98.47000000 5.40376679 8.21225639
98.48000000 5.28686169 8.22331030
98.49000000 5.17226674 8.23342603
98.50000000 5.05996030 8.24261903
98.51000000 4.94991938 8.25090498
98.52000000 4.84211973 8.25829973
98.53000000 4.73653596 8.26481930
98.54000000 4.63314164 8.27047980
98.55000000 4.53190937 8.27529749
98.56000000 4.43281091 8.27928867
98.57000000 4.33581725 8.28246968
98.58000000 4.24089868 8.28485692
98.59000000 4.14802491 8.28646676
98.60000000 4.05716511 8.28731558
98.61000000 3.96828799 8.28741969
98.62000000 3.88136189 8.28679537
98.63000000 3.79635483 8.28545881
98.64000000 3.71323459 8.28342613
98.65000000 3.63196872 8.28071333
98.66000000 3.55252469 8.27733628
98.67000000 3.47486985 8.27331075
98.68000000 3.39897151 8.26865233
98.69000000 3.32479703 8.26337648
98.70000000 3.25231380 8.25749848
98.71000000 3.18148931 8.25103345
98.72000000 3.11229120 8.24399631
98.73000000 3.04468728 8.23640180
98.74000000 2.97864556 8.22826444
98.75000000 2.91413427 8.21959859
98.76000000 2.85112195 8.21041836
98.77000000 2.78957738 8.20073765
98.78000000 2.72946967 8.19057016
98.79000000 2.67076828 8.17992937
98.80000000 2.61344300 8.16882850
98.81000000 2.55746400 8.15728057
98.82000000 2.50280185 8.14529838
98.83000000 2.44942749 8.13289447
98.84000000 2.39731230 8.12008116
98.85000000 2.34642807 8.10687055
98.86000000 2.29674702 8.09327449
98.87000000 2.24824183 8.07930460
98.88000000 2.20088561 8.06497227
98.89000000 2.15465193 8.05028866
98.90000000 2.10951481 8.03526471
98.91000000 2.06544875 8.01991109
98.92000000 2.02242869 8.00423830
98.93000000 1.98043005 7.98825657
98.94000000 1.93942872 7.97197592
98.95000000 1.89940105 7.95540615
98.96000000 1.86032384 7.93855684
98.97000000 1.82217438 7.92143735
98.98000000 1.78493041 7.90405683
98.99000000 1.74857013 7.88642422
99.00000000 1.71307219 7.86854825
99.01000000 1.67841570 7.85043743
99.02000000 1.64458022 7.83210008
99.03000000 1.61154574 7.81354433
99.04000000 1.57929270 7.79477810
99.05000000 1.54780198 7.77580913
99.06000000 1.51705488 7.75664494
99.07000000 1.48703312 7.73729290
99.08000000 1.45771884 7.71776018
99.09000000 1.42909459 7.69805377
99.10000000 1.40114333 7.67818048
99.11000000 1.37384841 7.65814697
99.12000000 1.34719358 7.63795970
99.13000000 1.32116296 7.61762499
99.14000000 1.29574107 7.59714897
99.15000000 1.27091278 7.57653764
99.16000000 1.24666334 7.55579683
99.17000000 1.22297835 7.53493221
99.18000000 1.19984377 7.51394931
99.19000000 1.17724588 7.49285351
99.20000000 1.15517133 7.47165006
99.21000000 1.13360707 7.45034406
99.22000000 1.11254040 7.42894047
99.23000000 1.09195891 7.40744412
99.24000000 1.07185052 7.38585971
99.25000000 1.05220344 7.36419182
99.26000000 1.03300619 7.34244490
99.27000000 1.01424757 7.32062327
99.28000000 0.99591665 7.29873114
99.29000000 0.97800281 7.27677262
99.30000000 0.96049567 7.25475168
99.31000000 0.94338513 7.23267219
99.32000000 0.92666134 7.21053793
99.33000000 0.91031471 7.18835255
99.34000000 0.89433588 7.16611960
99.35000000 0.87871576 7.14384256
99.36000000 0.86344545 7.12152478
99.37000000 0.84851633 7.09916953
99.38000000 0.83391995 7.07677999
99.39000000 0.81964812 7.05435924
99.40000000 0.80569284 7.03191029
99.41000000 0.79204632 7.00943604
99.42000000 0.77870098 6.98693933
99.43000000 0.76564942 6.96442290
99.44000000 0.75288445 6.94188943
99.45000000 0.74039905 6.91934152
99.46000000 0.72818639 6.89678168
99.47000000 0.71623982 6.87421235
99.48000000 0.70455286 6.85163593
99.49000000 0.69311919 6.82905470
99.50000000 0.68193266 6.80647092
99.51000000 0.67098730 6.78388676
99.52000000 0.66027725 6.76130433
99.53000000 0.64979684 6.73872567
99.54000000 0.63954054 6.71615278
99.55000000 0.62950295 6.69358758
99.56000000 0.61967881 6.67103196
99.57000000 0.61006302 6.64848772
99.58000000 0.60065059 6.62595663
99.59000000 0.59143666 6.60344040
99.60000000 0.58241650 6.58094068
99.61000000 0.57358552 6.55845910
99.62000000 0.56493921 6.53599720
99.63000000 0.55647321 6.51355650
99.64000000 0.54818326 6.49113847
99.65000000 0.54006521 6.46874452
99.66000000 0.53211502 6.44637605
99.67000000 0.52432874 6.42403438
99.68000000 0.51670254 6.40172081
99.69000000 0.50923268 6.37943660
99.70000000 0.50191552 6.35718295
99.71000000 0.49474750 6.33496106
99.72000000 0.48772518 6.31277205
99.73000000 0.48084517 6.29061704
99.74000000 0.47410419 6.26849709
99.75000000 0.46749904 6.24641324
99.76000000 0.46102660 6.22436650
99.77000000 0.45468384 6.20235783
99.78000000 0.44846778 6.18038817
99.79000000 0.44237554 6.15845843
99.80000000 0.43640430 6.13656949
99.81000000 0.43055133 6.11472220
99.82000000 0.42481394 6.09291739
99.83000000 0.41918952 6.07115584
99.84000000 0.41367555 6.04943832
99.85000000 0.40826953 6.02776558
99.86000000 0.40296906 6.00613834
99.87000000 0.39777177 5.98455728
99.88000000 0.39267538 5.96302307
99.89000000 0.38767764 5.94153637
99.90000000 0.38277636 5.92009779
99.91000000 0.37796943 5.89870793
99.92000000 0.37325476 5.87736738
99.93000000 0.36863032 5.85607669
99.94000000 0.36409415 5.83483640
99.95000000 0.35964432 5.81364702
99.96000000 0.35527895 5.79250907
99.97000000 0.35099620 5.77142302
99.98000000 0.34679430 5.75038934
99.99000000 0.34267149 5.72940846
100.00000000 0.33862607 5.70848082
